soil_moisture,pitch,roll,water_distance,precipitation_mm,soil_risk,pitch_risk,roll_risk,water_risk,precipitation_risk,sensor_operational_risk,operational_risk
36.04538569918389,-9.561217469877752,-1.6488829800978806,514.4252717631332,11.094349679008149,LOW,MEDIUM,LOW,LOW,LOW,MEDIUM,MEDIUM
82.70735246059037,-16.914503531038235,-3.0189699691869487,122.62324862905412,60.0,HIGH,CRITICAL,LOW,LOW,CRITICAL,CRITICAL,CRITICAL
53.55760812531774,2.5205951057114455,-7.506874922730947,423.8957625936653,14.059533531893456,MEDIUM,LOW,MEDIUM,LOW,LOW,HIGH,HIGH
45.73962497280334,3.0753587038755885,-2.432906029779037,415.3608129940142,9.383118093241846,LOW,LOW,LOW,LOW,LOW,LOW,LOW
16.6552606185577,-4.600688241257551,1.386544786263356,612.4445496015785,9.704729611771734,LOW,LOW,LOW,LOW,LOW,LOW,LOW
47.87366094291134,-5.097971529996091,1.5182012184489186,550.9243502932626,20.779788636849737,LOW,MEDIUM,LOW,LOW,MEDIUM,MEDIUM,HIGH
92.28085101768127,-4.493976132958392,0.9715280526011001,0.0,11.21865464035588,CRITICAL,LOW,LOW,CRITICAL,LOW,CRITICAL,CRITICAL
65.13239463299809,-1.776329997430719,-9.911810136318197,107.38438921378872,5.100949390564287,MEDIUM,LOW,MEDIUM,LOW,LOW,HIGH,HIGH
37.9310438894622,2.2031509404670553,-0.7787066494319888,350.82819567748504,13.502639715113034,LOW,LOW,LOW,LOW,LOW,LOW,LOW
13.83282270215705,-1.2811912181465677,6.573512623218136,414.9166204584431,3.2488714099490705,LOW,LOW,MEDIUM,LOW,LOW,MEDIUM,MEDIUM
44.53194766591374,9.563064659070896,1.5083683749699044,332.0054396329574,1.2934847186293954,LOW,MEDIUM,LOW,LOW,LOW,MEDIUM,MEDIUM
66.21107083587219,8.866575564997339,0.2715702321224297,146.424349774768,6.863996329032647,MEDIUM,MEDIUM,LOW,LOW,LOW,HIGH,HIGH
57.27012373529373,2.7815201336636965,-0.9488081023746759,185.78574260826593,14.2112682624352,MEDIUM,LOW,LOW,LOW,LOW,MEDIUM,MEDIUM
37.23461140696178,-0.35236497611629314,8.679746352322171,93.73712536089386,0.864329433411828,LOW,LOW,MEDIUM,MEDIUM,LOW,HIGH,HIGH
56.7538449719791,-1.1052785405057912,-3.264151581577087,389.1349836236084,5.528006500297694,MEDIUM,LOW,LOW,LOW,LOW,MEDIUM,MEDIUM
68.97807168144512,3.208513834472477,3.4488940475479084,95.0791299573238,2.3380827099017787,MEDIUM,LOW,LOW,MEDIUM,LOW,HIGH,HIGH
2.413820107718596,-3.8543337781201656,-4.619463918698333,507.2531303734154,7.150771689507941,LOW,LOW,LOW,LOW,LOW,LOW,LOW
20.76169818884291,1.1985907513493925,3.729739483818669,275.2819479865935,12.447194824332161,LOW,LOW,LOW,LOW,LOW,LOW,LOW
87.2198166670883,5.48017464468396,-6.5315113539614895,392.3572330590379,4.5249404036501755,CRITICAL,MEDIUM,MEDIUM,LOW,LOW,CRITICAL,CRITICAL
29.704570204367148,0.8254470853018028,5.8487837548705475,430.75443761261494,14.836948918958848,LOW,LOW,MEDIUM,LOW,LOW,MEDIUM,MEDIUM
41.444820449810585,1.0011812407321696,3.236464272967681,278.6937038112821,3.598475128586332,LOW,LOW,LOW,LOW,LOW,LOW,LOW
47.83992460938561,1.1889770935204962,-4.756929860308516,539.7174388129177,11.370940232423777,LOW,LOW,LOW,LOW,LOW,LOW,LOW
34.429073465836744,2.252541820673038,-5.296347319463547,333.2630975138898,5.94295111219248,LOW,LOW,MEDIUM,LOW,LOW,MEDIUM,MEDIUM
39.17479592548263,-1.222476444273251,2.534644099096235,224.32405857001106,22.918130476060227,LOW,LOW,LOW,LOW,MEDIUM,LOW,MEDIUM
16.325391740223644,-0.2350588491069167,-2.020067401469344,364.31085182618574,7.7362113547210924,LOW,LOW,LOW,LOW,LOW,LOW,LOW
90.47252770218401,1.1172207768222633,13.674666432305632,14.351899382185628,16.45039239969513,CRITICAL,LOW,HIGH,CRITICAL,MEDIUM,CRITICAL,CRITICAL
28.520693622332818,5.682017149084253,-0.4539225835285656,389.880525252358,17.639006849634605,LOW,MEDIUM,LOW,LOW,MEDIUM,MEDIUM,HIGH
29.520671368583475,2.597458737350106,3.2448141114506943,320.91992294734007,4.162993146262693,LOW,LOW,LOW,LOW,LOW,LOW,LOW
65.26609338619708,3.5447647543391825,-0.25055830930893946,393.7622225323208,5.692008791954875,MEDIUM,LOW,LOW,LOW,LOW,MEDIUM,MEDIUM
65.34875078741973,-2.7049648329696954,-4.3774591902005735,244.13221574220492,19.709734001737974,MEDIUM,LOW,LOW,LOW,MEDIUM,MEDIUM,HIGH
69.44463196669199,-1.4907023358078983,-0.970794991301127,9.798169187070279,4.909760715894142,MEDIUM,LOW,LOW,CRITICAL,LOW,CRITICAL,CRITICAL
29.402902034596735,0.47839471286979646,-2.5416924273430213,653.1827329024966,15.208426179773205,LOW,LOW,LOW,LOW,MEDIUM,LOW,MEDIUM
33.9719844785513,6.624833008229182,-0.972244795523466,350.4118285058307,15.911700716381745,LOW,MEDIUM,LOW,LOW,MEDIUM,MEDIUM,HIGH
97.89406359489581,2.1566730878248,-0.5084209265000729,54.59979179561858,37.612538818737775,CRITICAL,LOW,LOW,MEDIUM,HIGH,CRITICAL,CRITICAL
75.07613746189473,18.732355636803913,4.424856711323168,199.77971619660016,6.117472166989114,HIGH,CRITICAL,LOW,LOW,LOW,CRITICAL,CRITICAL
27.64685753707686,-10.721339720821959,-0.4142615979757325,79.78795716699965,39.75388318442991,LOW,HIGH,LOW,MEDIUM,HIGH,HIGH,CRITICAL
41.743033875806965,0.8923649002395768,5.049959579507801,14.848975722671494,8.034715189748072,LOW,LOW,MEDIUM,CRITICAL,LOW,CRITICAL,CRITICAL
38.50839174617417,3.1752738685752635,-1.1895043169724258,305.65098754738136,15.074450856617476,LOW,LOW,LOW,LOW,MEDIUM,LOW,MEDIUM
34.32040159111616,-2.3894590621499305,-1.9506958971159967,432.76050512905636,6.324863402661305,LOW,LOW,LOW,LOW,LOW,LOW,LOW
44.860671576482765,1.227924290744951,7.253630794061692,288.2818049196385,9.15124562989275,LOW,LOW,MEDIUM,LOW,LOW,MEDIUM,MEDIUM
37.36179956101298,-0.391323248399774,-4.431766683659982,114.41990382615283,26.389875562150515,LOW,LOW,LOW,LOW,MEDIUM,LOW,MEDIUM
50.9369827306462,1.0542032478191392,5.13638317579247,0.0,4.721822022520479,MEDIUM,LOW,MEDIUM,CRITICAL,LOW,CRITICAL,CRITICAL
61.45950281315563,-6.262592126422385,-12.030529358775029,452.8122931194576,8.909911129459426,MEDIUM,MEDIUM,HIGH,LOW,LOW,HIGH,HIGH
55.37624867761026,-9.46139559446647,-18.858936944150134,671.9564161523772,23.334769155700734,MEDIUM,MEDIUM,CRITICAL,LOW,MEDIUM,CRITICAL,CRITICAL
35.605270857254894,-0.8209135302232407,-4.692626236131093,43.12365168848911,7.79019048077094,LOW,LOW,LOW,HIGH,LOW,HIGH,HIGH
41.15488982441262,-2.152191033960554,3.1913751195830664,15.319381101189649,7.61226142183527,LOW,LOW,LOW,CRITICAL,LOW,CRITICAL,CRITICAL
53.37504634817558,-1.3569478690384855,-6.570213414532485,546.5503108321235,14.27701888035906,MEDIUM,LOW,MEDIUM,LOW,LOW,HIGH,HIGH
49.866879065287755,-7.21545117024946,-9.567824817252095,502.059387640706,7.299715585090932,LOW,MEDIUM,MEDIUM,LOW,LOW,HIGH,HIGH
62.67769034697634,0.9768436101870077,-6.084519806778317,377.05195368381936,1.3412057371757957,MEDIUM,LOW,MEDIUM,LOW,LOW,HIGH,HIGH
65.33359403565522,-1.585265466273665,-4.523601169977053,196.79063475505296,0.7821184647201628,MEDIUM,LOW,LOW,LOW,LOW,MEDIUM,MEDIUM
100.0,-1.0952292268192494,-22.10277327549429,166.06193377290862,37.628782934727155,CRITICAL,LOW,CRITICAL,LOW,HIGH,CRITICAL,CRITICAL
75.45379561572148,-21.603655191200183,1.9715371844468286,58.97205998370383,41.66272054665609,HIGH,CRITICAL,LOW,MEDIUM,HIGH,CRITICAL,CRITICAL
78.792032373656,14.798227961273895,2.385535060066243,87.49227039290429,11.543117845108988,HIGH,HIGH,LOW,MEDIUM,LOW,CRITICAL,CRITICAL
100.0,-31.658074374501915,-10.826285285665993,201.78587522588205,34.879541816713676,CRITICAL,CRITICAL,HIGH,LOW,HIGH,CRITICAL,CRITICAL
40.623620516121946,-7.550127612032504,-2.3856700743732726,701.1533244262273,9.100513260596445,LOW,MEDIUM,LOW,LOW,LOW,MEDIUM,MEDIUM
72.62154139977216,-7.3322382387999046,-16.302888183089692,67.53460896468937,9.342747095645933,HIGH,MEDIUM,CRITICAL,MEDIUM,LOW,CRITICAL,CRITICAL
36.0234362912843,-3.8663515639412607,-0.2724937006718124,415.51471355349287,1.4596373436097592,LOW,LOW,LOW,LOW,LOW,LOW,LOW
62.39071564950783,3.892406244060288,-3.116370957506802,386.5824718254856,4.8966181290300215,MEDIUM,LOW,LOW,LOW,LOW,MEDIUM,MEDIUM
47.785328706281085,-3.2971342307150064,2.733041558013303,324.97094243830423,17.31858748243816,LOW,LOW,LOW,LOW,MEDIUM,LOW,MEDIUM
63.09912232295873,-6.10867142635859,-4.22035747270678,372.72819252213225,2.840881209562551,MEDIUM,MEDIUM,LOW,LOW,LOW,HIGH,HIGH
33.11214829327181,6.599134744963207,-2.873922079039566,244.65197583988282,2.0949515351441783,LOW,MEDIUM,LOW,LOW,LOW,MEDIUM,MEDIUM
35.54962530699159,2.927822010039383,-0.7876872319875585,266.3754059391887,7.605232043088065,LOW,LOW,LOW,LOW,LOW,LOW,LOW
43.57726620852626,1.4235955362621675,1.2678459003127367,44.578029548790035,8.947215475848102,LOW,LOW,LOW,HIGH,LOW,HIGH,HIGH
61.91863489880354,-6.884703301158897,-3.6645660663253734,538.4014689105687,12.967043378518708,MEDIUM,MEDIUM,LOW,LOW,LOW,HIGH,HIGH
36.06697597224211,3.6021323093263664,6.797743932034838,277.6768951505059,12.281314677727606,LOW,LOW,MEDIUM,LOW,LOW,MEDIUM,MEDIUM
27.694615779902122,1.6884343739596233,6.227527346186771,313.9145703515819,0.9937889918883541,LOW,LOW,MEDIUM,LOW,LOW,MEDIUM,MEDIUM
59.11772799629954,0.7675909434921443,7.793370579159251,534.5196474647192,4.043666997014376,MEDIUM,LOW,MEDIUM,LOW,LOW,HIGH,HIGH
75.49164083732589,-27.52300591805769,-0.994328070430985,20.06039838399916,3.3906649615957756,HIGH,CRITICAL,LOW,HIGH,LOW,CRITICAL,CRITICAL
45.712402023774644,-4.398589176197049,-0.4319786006554719,241.46631797261125,9.431720094537559,LOW,LOW,LOW,LOW,LOW,LOW,LOW
85.64595873153338,9.523085046673675,3.688842836636261,179.77260081696056,11.654233050167537,CRITICAL,MEDIUM,LOW,LOW,LOW,CRITICAL,CRITICAL
64.26067694498886,29.37115074785404,-6.307571207824613,101.87748936881084,22.147194265681854,MEDIUM,CRITICAL,MEDIUM,LOW,MEDIUM,CRITICAL,CRITICAL
18.866674610470874,-2.184167195266885,-4.368484801394269,374.36090262061236,15.153599103706306,LOW,LOW,LOW,LOW,MEDIUM,LOW,MEDIUM
54.69009280671827,0.31511091146533365,4.215683645625814,175.4893689477219,6.85541162999621,MEDIUM,LOW,LOW,LOW,LOW,MEDIUM,MEDIUM
77.82830254183693,2.466657515037688,-8.002184603418764,11.923073864586062,24.71244183874987,HIGH,LOW,MEDIUM,CRITICAL,MEDIUM,CRITICAL,CRITICAL
35.88791568569539,-1.617447970760091,-2.745116543020338,92.11916784686251,8.25233842598366,LOW,LOW,LOW,MEDIUM,LOW,MEDIUM,MEDIUM
53.779491547745074,-2.493402721161047,1.3535361072445673,187.514060439944,14.691560911851768,MEDIUM,LOW,LOW,LOW,LOW,MEDIUM,MEDIUM
58.78791511477536,-13.498800999925425,12.960672709671723,181.0199918461819,38.717826359498545,MEDIUM,HIGH,HIGH,LOW,HIGH,CRITICAL,CRITICAL
52.309578555674925,4.287719460847189,-3.5171311296479524,412.74712157497646,6.601179016828529,MEDIUM,LOW,LOW,LOW,LOW,MEDIUM,MEDIUM
57.70323155827371,4.326886777580375,-1.8255458453499018,282.8707063225754,25.185244176486027,MEDIUM,LOW,LOW,LOW,MEDIUM,MEDIUM,HIGH
29.123390495375208,-9.992244069971758,0.801838525654916,459.60296412583375,9.037443867159551,LOW,MEDIUM,LOW,LOW,LOW,MEDIUM,MEDIUM
39.90788908042139,-0.9539475930229877,2.761214081638352,64.98336140180051,48.72829787682163,LOW,LOW,LOW,MEDIUM,CRITICAL,MEDIUM,CRITICAL
28.709181268228708,-3.9651615265612845,3.6823929708472627,212.94264420339488,5.291185003379061,LOW,LOW,LOW,LOW,LOW,LOW,LOW
46.53726963237311,-1.9313103632276734,-7.1246336578625336,0.0,8.793398704642442,LOW,LOW,MEDIUM,CRITICAL,LOW,CRITICAL,CRITICAL
36.57663380504062,-1.8652159097796506,-6.05182706640107,405.95447434306607,1.326057262220487,LOW,LOW,MEDIUM,LOW,LOW,MEDIUM,MEDIUM
53.27828957733231,2.7209208336705166,-7.74701081000986,212.95605143439067,3.197173227600856,MEDIUM,LOW,MEDIUM,LOW,LOW,HIGH,HIGH
46.498304316138196,-5.094869602901798,1.3400851832084095,261.4871872176691,4.768681750391957,LOW,MEDIUM,LOW,LOW,LOW,MEDIUM,MEDIUM
62.2450802831812,1.1863077541212204,5.070606044751895,401.97104054177055,2.3212719584433037,MEDIUM,LOW,MEDIUM,LOW,LOW,HIGH,HIGH
25.0030746783329,2.98829137538621,5.5943640185044226,630.3278271326437,10.957261889907217,LOW,LOW,MEDIUM,LOW,LOW,MEDIUM,MEDIUM
64.55970601223368,-16.189821434413993,10.20095198901064,328.9635896070803,28.414619596406503,MEDIUM,CRITICAL,HIGH,LOW,MEDIUM,CRITICAL,CRITICAL
49.84778223687309,5.135267439414245,5.179942339267823,447.95966342126246,13.739750867778,LOW,MEDIUM,MEDIUM,LOW,LOW,HIGH,HIGH
52.710938286371636,2.550877988727665,1.7996009176375716,511.75121112775645,1.7763971572052517,MEDIUM,LOW,LOW,LOW,LOW,MEDIUM,MEDIUM
27.082155903509474,1.1432131471789317,-3.3806158337046357,449.61001695339684,7.129818119863327,LOW,LOW,LOW,LOW,LOW,LOW,LOW
46.29439275306001,-6.45165275715468,-4.481156340194166,142.28622167262347,37.3970015744939,LOW,MEDIUM,LOW,LOW,HIGH,MEDIUM,HIGH
45.019885331016106,-4.946081345386688,2.702039990719142,434.9352208455814,3.180830163726067,LOW,LOW,LOW,LOW,LOW,LOW,LOW
60.506908468628225,15.075874025207524,-26.036129012708425,414.0773745591833,8.413793510685144,MEDIUM,CRITICAL,CRITICAL,LOW,LOW,CRITICAL,CRITICAL
30.61832315719838,-5.4100347577628884,-6.33435355915032,424.33980418480354,6.111964007756786,LOW,MEDIUM,MEDIUM,LOW,LOW,HIGH,HIGH
50.69108096407665,1.1730998610412582,-2.971099378114837,341.14311508879365,10.711444205825643,MEDIUM,LOW,LOW,LOW,LOW,MEDIUM,MEDIUM
27.195099175413826,4.231256723283185,-2.356448531124508,181.59266622276334,6.3078838542532125,LOW,LOW,LOW,LOW,LOW,LOW,LOW
31.307836210552303,-4.574237839062001,2.1665827514023697,592.3958176582066,2.0406443504682983,LOW,LOW,LOW,LOW,LOW,LOW,LOW
62.70192260612291,4.577172274239756,-5.551474201823208,487.49486329401606,7.016433330459455,MEDIUM,LOW,MEDIUM,LOW,LOW,HIGH,HIGH
36.73527294692626,4.870792576765661,1.0183990794836775,546.2872504833751,17.262591220436995,LOW,LOW,LOW,LOW,MEDIUM,LOW,MEDIUM
56.1368837038893,-2.550350168303855,0.8667324758571449,295.3969878541158,6.08626659755137,MEDIUM,LOW,LOW,LOW,LOW,MEDIUM,MEDIUM
56.493644625607644,-6.889373427479144,-7.733160286662293,542.4459675084645,3.5761976678576604,MEDIUM,MEDIUM,MEDIUM,LOW,LOW,HIGH,HIGH
50.553178349126114,2.3372566657412386,-0.40190288228682397,339.6696734597223,10.110837808621033,MEDIUM,LOW,LOW,LOW,LOW,MEDIUM,MEDIUM
70.84074940576176,-13.425667409482271,10.47502016799944,127.07829011384241,20.518983210646816,HIGH,HIGH,HIGH,LOW,MEDIUM,CRITICAL,CRITICAL
40.493010769189446,1.113195916511326,-1.2196888494293092,475.8615045296252,2.1578058420322783,LOW,LOW,LOW,LOW,LOW,LOW,LOW
31.55501012111907,0.8772093488017443,3.1674372415522702,247.2847225639797,13.801186060081399,LOW,LOW,LOW,LOW,LOW,LOW,LOW
52.87469523959251,0.083134371812094,10.304262137587516,158.52834081430325,14.02003707198876,MEDIUM,LOW,HIGH,LOW,LOW,HIGH,HIGH
40.51227341358848,-1.7952152046511256,4.661309671208646,304.26137827360026,4.007097981018719,LOW,LOW,LOW,LOW,LOW,LOW,LOW
27.345568308450478,7.282175631767262,-2.265578364858893,499.6910215124726,8.676272627116951,LOW,MEDIUM,LOW,LOW,LOW,MEDIUM,MEDIUM
30.231989242770478,4.911749389541322,-0.04664142355526184,669.6957104684116,4.882098925598507,LOW,LOW,LOW,LOW,LOW,LOW,LOW
38.10514841590505,-4.319369791125948,-2.4543504214511778,385.3233693200097,11.159568374862944,LOW,LOW,LOW,LOW,LOW,LOW,LOW
35.91171471431194,18.835337466788094,-1.3008575144973986,56.57523269022081,28.48697586899536,LOW,CRITICAL,LOW,MEDIUM,MEDIUM,CRITICAL,CRITICAL
98.58345434545615,24.218395581568224,-17.724178353773137,99.43027627774298,9.238912652079392,CRITICAL,CRITICAL,CRITICAL,MEDIUM,LOW,CRITICAL,CRITICAL
41.194858836864285,-2.9330603739454153,-2.679213432303446,192.36975461002623,16.717350425004877,LOW,LOW,LOW,LOW,MEDIUM,LOW,MEDIUM
100.0,-7.17323936947371,0.6703672781339629,60.76943437512392,17.420885563349003,CRITICAL,MEDIUM,LOW,MEDIUM,MEDIUM,CRITICAL,CRITICAL
74.70101383813363,-1.4814626049677704,-5.443636651100194,131.758656716264,58.303189555991175,HIGH,LOW,MEDIUM,LOW,CRITICAL,HIGH,CRITICAL
50.34379183059125,5.046077010142064,-2.6687563391100215,218.0655981577234,16.17399998663035,MEDIUM,MEDIUM,LOW,LOW,MEDIUM,HIGH,HIGH
82.65578354994199,8.401665311152541,-4.742580021408609,110.64477813737864,13.12766152174212,HIGH,MEDIUM,LOW,LOW,LOW,HIGH,HIGH
1.2861601527458832,-5.858787494775779,5.259258579377126,348.7177498024994,8.466005918906326,LOW,MEDIUM,MEDIUM,LOW,LOW,HIGH,HIGH
89.65165548355934,1.8006443056695314,-2.70787656854702,126.83309540791225,49.21817308535766,CRITICAL,LOW,LOW,LOW,CRITICAL,CRITICAL,CRITICAL
49.930761500994066,-0.4837087353554892,-19.40056049937617,246.32486841282005,18.462600850217136,LOW,LOW,CRITICAL,LOW,MEDIUM,CRITICAL,CRITICAL
45.683458217128475,2.4936285531196623,2.813760532555577,737.8871619289656,5.585011005224988,LOW,LOW,LOW,LOW,LOW,LOW,LOW
30.884659490004314,-3.641762842267291,8.428474092824091,225.5507692679201,12.334352906815557,LOW,LOW,MEDIUM,LOW,LOW,MEDIUM,MEDIUM
55.77626135207461,-0.630987932925941,-2.566667280521529,649.7633451722355,3.2747121740905305,MEDIUM,LOW,LOW,LOW,LOW,MEDIUM,MEDIUM
45.5334911104949,-4.9393828546763645,3.8302188760875384,183.75074673041746,8.63214251122413,LOW,LOW,LOW,LOW,LOW,LOW,LOW
83.64468902530665,-14.77150745672629,9.87339337000803,149.9782784420787,10.361353291418556,HIGH,HIGH,MEDIUM,LOW,LOW,CRITICAL,CRITICAL
90.50585746139049,3.5184330753334336,-2.775611315156395,28.540131486564867,14.241342062397024,CRITICAL,LOW,LOW,HIGH,LOW,CRITICAL,CRITICAL
67.06552036225656,-2.797980880670573,-4.1482642942799846,469.7664083059094,3.491713239898157,MEDIUM,LOW,LOW,LOW,LOW,MEDIUM,MEDIUM
30.749047538008092,-5.085644728696301,-4.9891705801206125,297.062274714986,9.098621731010075,LOW,MEDIUM,LOW,LOW,LOW,MEDIUM,MEDIUM
52.652362033727755,5.090280651714278,0.5052567979328008,265.5564462421264,2.814540316277106,MEDIUM,MEDIUM,LOW,LOW,LOW,HIGH,HIGH
23.32192103381662,-1.5937446373951163,4.973248899380677,327.8507136218181,11.503183067076959,LOW,LOW,LOW,LOW,LOW,LOW,LOW
59.32903855810808,-0.1549715799581721,-2.4334030587173503,456.65545531719704,10.103983583310788,MEDIUM,LOW,LOW,LOW,LOW,MEDIUM,MEDIUM
50.35459138900389,0.5056513177344701,-4.710444031247092,687.1587964324605,14.993298301445307,MEDIUM,LOW,LOW,LOW,LOW,MEDIUM,MEDIUM
88.01088410973922,1.5651882148474356,12.085886407160029,1.3370187395304687,30.220710286009982,CRITICAL,LOW,HIGH,CRITICAL,HIGH,CRITICAL,CRITICAL
43.786239935059676,-12.681702943512223,0.8424033571905671,262.0743055801353,21.822849332093636,LOW,HIGH,LOW,LOW,MEDIUM,HIGH,HIGH
45.29016106217632,1.6269098778444557,-3.847539448823797,374.2473442585048,6.638880079851278,LOW,LOW,LOW,LOW,LOW,LOW,LOW
33.13677312458152,0.1360323849125872,-5.460087181706541,476.2690607464486,10.945327411368806,LOW,LOW,MEDIUM,LOW,LOW,MEDIUM,MEDIUM
52.437075315413566,-12.398682091133084,0.5146117918168674,250.26672909788184,9.899153805208849,MEDIUM,HIGH,LOW,LOW,LOW,HIGH,HIGH
59.37130269123002,1.3693861033063035,13.247202560422885,193.90093682703647,18.109012603218194,MEDIUM,LOW,HIGH,LOW,MEDIUM,HIGH,HIGH
70.75350247238177,-5.696393423061245,-6.417080050131878,97.5875818212531,26.305013865072606,HIGH,MEDIUM,MEDIUM,MEDIUM,MEDIUM,HIGH,HIGH
35.018665528058094,2.887613941752565,-5.0799943895755035,470.3912234983193,12.20106769018482,LOW,LOW,MEDIUM,LOW,LOW,MEDIUM,MEDIUM
50.763031080088446,1.044707227898037,4.092803893391946,314.0030782597797,2.70004020225034,MEDIUM,LOW,LOW,LOW,LOW,MEDIUM,MEDIUM
60.44119651432989,3.186807708282968,0.060731770161732486,174.53481633388844,11.978344200532574,MEDIUM,LOW,LOW,LOW,LOW,MEDIUM,MEDIUM
45.29071856547038,4.314134184251788,-1.3109486010719975,0.0,3.4118739064258548,LOW,LOW,LOW,CRITICAL,LOW,CRITICAL,CRITICAL
49.18625787517777,1.16625470672789,-6.762686510425808,173.87008174401086,39.86726645891946,LOW,LOW,MEDIUM,LOW,HIGH,MEDIUM,HIGH
40.41584078769295,-0.2675637663789056,5.818625915316888,218.01163691524818,5.614330935491476,LOW,LOW,MEDIUM,LOW,LOW,MEDIUM,MEDIUM
43.28038746740411,1.0570730865825462,-0.6004678050152263,122.47888976947452,10.688860813793683,LOW,LOW,LOW,LOW,LOW,LOW,LOW
15.75942367016365,-3.003597883844342,-8.175746778610383,332.1439364723198,9.857643423904172,LOW,LOW,MEDIUM,LOW,LOW,MEDIUM,MEDIUM
41.05879878470244,-6.383575874296454,-2.9561146320929317,467.41946087180236,19.81605313675327,LOW,MEDIUM,LOW,LOW,MEDIUM,MEDIUM,HIGH
67.45017445214609,-19.4442781348622,3.6006819061354745,135.4777830368031,26.512847761250814,MEDIUM,CRITICAL,LOW,LOW,MEDIUM,CRITICAL,CRITICAL
41.28371372640436,-3.7588103930086083,4.630212766701249,344.8155149586041,1.8718508410050536,LOW,LOW,LOW,LOW,LOW,LOW,LOW
44.060276668172676,0.9649609936269172,0.3380205827714504,493.63901893020255,14.467340608143665,LOW,LOW,LOW,LOW,LOW,LOW,LOW
29.24065017258298,-1.5134075303990655,0.5812722213029513,359.0965417027241,20.55934563792558,LOW,LOW,LOW,LOW,MEDIUM,LOW,MEDIUM
66.56706995951431,-10.62271361109525,16.210227968388065,77.57938181417403,13.398811266562936,MEDIUM,HIGH,CRITICAL,MEDIUM,LOW,CRITICAL,CRITICAL
55.28384619447625,-0.5665943440405076,4.6654821826770085,445.5756191535363,0.47097932629173456,MEDIUM,LOW,LOW,LOW,LOW,MEDIUM,MEDIUM
37.057995547394874,1.1839516193718485,1.571855010471309,358.50105661366894,1.996552603258439,LOW,LOW,LOW,LOW,LOW,LOW,LOW
84.55846970809579,2.0842752548476753,14.178812597029754,5.163328158155663,60.0,HIGH,LOW,HIGH,CRITICAL,CRITICAL,CRITICAL,CRITICAL
58.06119966882605,3.79525238588648,0.5227600978575293,324.5253643939493,4.813080723947481,MEDIUM,LOW,LOW,LOW,LOW,MEDIUM,MEDIUM
32.60832012428187,-5.460562707427208,-2.842120317304831,0.0,5.626504720770376,LOW,MEDIUM,LOW,CRITICAL,LOW,CRITICAL,CRITICAL
47.20402947580032,-2.0885262800799698,12.307441480722014,594.8208620324564,2.083970176261876,LOW,LOW,HIGH,LOW,LOW,HIGH,HIGH
48.493021311403474,3.47465216942286,-6.7333787782913275,293.26347329057387,5.983708311382696,LOW,LOW,MEDIUM,LOW,LOW,MEDIUM,MEDIUM
34.77929647395639,3.8713040961008165,3.975128858121756,597.3045893380609,3.288113669308876,LOW,LOW,LOW,LOW,LOW,LOW,LOW
52.130484160380156,-1.6988888645548839,1.999866769039398,386.1826965275576,5.059932694057332,MEDIUM,LOW,LOW,LOW,LOW,MEDIUM,MEDIUM
48.41243813598081,2.543871002846952,-3.2883040473117098,130.52879602600512,4.397362550548155,LOW,LOW,LOW,LOW,LOW,LOW,LOW
72.76761502698005,-3.5581609373778944,-11.6007950177334,43.18754942649553,33.11860550769573,HIGH,LOW,HIGH,HIGH,HIGH,CRITICAL,CRITICAL
54.05685780416841,-5.506457193290732,-5.802199092994817,418.57151042481433,4.955535632765164,MEDIUM,MEDIUM,MEDIUM,LOW,LOW,HIGH,HIGH
37.55202396777047,-4.613969703939135,1.0713745514653332,201.7637052873471,4.621516177825946,LOW,LOW,LOW,LOW,LOW,LOW,LOW
64.87914135655556,0.4506307550025828,3.426353767545402,274.1340054849608,2.395379516209755,MEDIUM,LOW,LOW,LOW,LOW,MEDIUM,MEDIUM
65.26671134980073,5.170981158072828,6.654931328573894,404.9437627756435,11.496205226553196,MEDIUM,MEDIUM,MEDIUM,LOW,LOW,HIGH,HIGH
66.21280932496634,2.611295502079141,3.5284550883020267,336.5018685571003,3.2697699479367137,MEDIUM,LOW,LOW,LOW,LOW,MEDIUM,MEDIUM
61.448206773453805,-8.765015404661124,6.13792840717806,552.0273593665687,4.886765195949681,MEDIUM,MEDIUM,MEDIUM,LOW,LOW,HIGH,HIGH
53.150862418077146,-0.7354771992664837,0.7529330908045371,420.0505658402207,7.337625124005439,MEDIUM,LOW,LOW,LOW,LOW,MEDIUM,MEDIUM
59.74024714154912,-5.600282892732037,2.349049653856707,312.98698634421544,7.846431752320586,MEDIUM,MEDIUM,LOW,LOW,LOW,HIGH,HIGH
34.07742148545277,-5.036262503722985,3.148066278563567,534.279734291747,5.151625874218359,LOW,MEDIUM,LOW,LOW,LOW,MEDIUM,MEDIUM
48.60308765919334,5.012531299072974,3.159678888723409,524.5224246355232,9.495938078892413,LOW,MEDIUM,LOW,LOW,LOW,MEDIUM,MEDIUM
24.16051904683514,1.9177667669730731,-0.27901371691519145,145.82951843367795,6.452377508138082,LOW,LOW,LOW,LOW,LOW,LOW,LOW
43.14983903930834,1.2361897721306156,-2.6227508778457747,307.5719759257997,2.988797691525283,LOW,LOW,LOW,LOW,LOW,LOW,LOW
95.14640851615373,-10.177285426242882,-33.953385732768886,150.46699026416272,9.95455071113427,CRITICAL,HIGH,CRITICAL,LOW,LOW,CRITICAL,CRITICAL
13.711531833999942,1.7562742235606796,-8.97946709557091,258.07424956824235,16.63794496059579,LOW,LOW,MEDIUM,LOW,MEDIUM,MEDIUM,HIGH
27.030503561741074,3.548319105785148,1.1470964495303448,323.5030498365925,11.312924872907477,LOW,LOW,LOW,LOW,LOW,LOW,LOW
69.53696709203723,0.33642595155396243,-1.3408290130376748,892.6481076743978,11.819540124382684,MEDIUM,LOW,LOW,LOW,LOW,MEDIUM,MEDIUM
72.93355952233685,7.934804166578514,-7.888470647936693,3.829002510353262,20.95388330272996,HIGH,MEDIUM,MEDIUM,CRITICAL,MEDIUM,CRITICAL,CRITICAL
87.80539043037892,40.0,9.696434272824858,18.420722848603805,11.427391482852144,CRITICAL,CRITICAL,MEDIUM,CRITICAL,LOW,CRITICAL,CRITICAL
18.065352410549774,-1.320360766805749,2.93131632728698,120.63821856617687,15.690652220330508,LOW,LOW,LOW,LOW,MEDIUM,LOW,MEDIUM
52.316622316265075,-0.6927353575846965,-1.3066510338007484,360.28121129921146,9.196778374539198,MEDIUM,LOW,LOW,LOW,LOW,MEDIUM,MEDIUM
75.15810578816667,-3.3275664374537803,0.9193088454199154,253.5410987728715,14.972992811875516,HIGH,LOW,LOW,LOW,LOW,HIGH,HIGH
13.42875741421478,8.168711642138923,0.6212999967976058,421.6665077220567,6.988243647557942,LOW,MEDIUM,LOW,LOW,LOW,MEDIUM,MEDIUM
33.973247989131174,-9.886239633257043,-6.703167133746002,21.286547104992074,15.679284204014639,LOW,MEDIUM,MEDIUM,HIGH,MEDIUM,HIGH,HIGH
64.32113587278566,0.058035997050616545,-4.94454318412185,575.7809049363211,12.710095313977279,MEDIUM,LOW,LOW,LOW,LOW,MEDIUM,MEDIUM
53.076524358246786,0.9299464736774687,3.605986132570929,265.5357492207219,7.515677330644755,MEDIUM,LOW,LOW,LOW,LOW,MEDIUM,MEDIUM
100.0,-9.614014802046134,19.486619913733826,32.81804122525437,27.810297534125006,CRITICAL,MEDIUM,CRITICAL,HIGH,MEDIUM,CRITICAL,CRITICAL
71.93305622301247,-11.379530264711908,9.93670577871971,467.16024641845877,41.56576607473355,HIGH,HIGH,MEDIUM,LOW,HIGH,CRITICAL,CRITICAL
13.882704734755329,-0.0881394560170818,4.487446019177009,316.39778678357993,12.693179220781733,LOW,LOW,LOW,LOW,LOW,LOW,LOW
50.26748201440626,-1.3029218210017888,2.9621814634977457,373.3031483225358,6.526169755853192,MEDIUM,LOW,LOW,LOW,LOW,MEDIUM,MEDIUM
38.64164936516471,-5.081517884833618,-1.7557358893760118,7.627463261640859,2.070006982214891,LOW,MEDIUM,LOW,CRITICAL,LOW,CRITICAL,CRITICAL
45.47093798299165,6.430313225598042,-0.08224222940202874,402.0530611613706,2.2604796889374894,LOW,MEDIUM,LOW,LOW,LOW,MEDIUM,MEDIUM
71.04594985768271,-10.813809874148234,10.674494774028293,89.3562323944327,24.759527455760157,HIGH,HIGH,HIGH,MEDIUM,MEDIUM,CRITICAL,CRITICAL
76.81423930760651,21.611768653893794,1.0246633216194994,82.58669114197816,10.08534964030324,HIGH,CRITICAL,LOW,MEDIUM,LOW,CRITICAL,CRITICAL
77.44664220993026,-24.268572972506632,2.657919685593992,2.126133119727267,39.01132892838193,HIGH,CRITICAL,LOW,CRITICAL,HIGH,CRITICAL,CRITICAL
79.87009958779227,-2.9417956815681734,-0.10642042014792619,566.8270242863102,8.495120034185504,HIGH,LOW,LOW,LOW,LOW,HIGH,HIGH
17.688595832969757,-2.8230939323814606,-5.567833523806925,656.7383740506413,6.658160032654225,LOW,LOW,MEDIUM,LOW,LOW,MEDIUM,MEDIUM
39.81121006429244,1.2524470742955665,0.5193276651521294,495.1457764383876,4.264967634514511,LOW,LOW,LOW,LOW,LOW,LOW,LOW
61.19644731591806,0.9530117694806944,12.345227897081763,104.27608159525663,29.92200139941216,MEDIUM,LOW,HIGH,LOW,MEDIUM,HIGH,HIGH
51.00353783290163,0.8066116205170185,-4.119889099107743,358.29425989396725,2.5639038796715248,MEDIUM,LOW,LOW,LOW,LOW,MEDIUM,MEDIUM
46.216238143512356,9.356515806275642,-1.3363526351013377,466.10681398081954,7.2584240772355795,LOW,MEDIUM,LOW,LOW,LOW,MEDIUM,MEDIUM
70.10045919228786,-2.357809599754874,-6.32971189609456,497.0306620575766,1.7477616071565922,HIGH,LOW,MEDIUM,LOW,LOW,HIGH,HIGH
38.457668377387726,-1.3006509296864999,-3.748468180954934,232.94317762482322,11.685028248535005,LOW,LOW,LOW,LOW,LOW,LOW,LOW
40.89406121749859,-0.05708141179755402,0.5983918300751522,367.60889144742606,10.30298857652241,LOW,LOW,LOW,LOW,LOW,LOW,LOW
57.65759264462606,2.0820075323078977,1.7044125239335877,357.3105356537959,19.878153659202106,MEDIUM,LOW,LOW,LOW,MEDIUM,MEDIUM,HIGH
52.19261322002413,2.915764778281801,-2.769403096935177,231.3729305200439,4.377366668130411,MEDIUM,LOW,LOW,LOW,LOW,MEDIUM,MEDIUM
53.04620849837015,-1.6995963568112264,4.2320895524632505,384.49375317213,17.24820607007223,MEDIUM,LOW,LOW,LOW,MEDIUM,MEDIUM,HIGH
43.135713342563456,-0.8455369192718759,2.9864454584086286,408.6040070216726,31.54886862944215,LOW,LOW,LOW,LOW,HIGH,LOW,HIGH
32.21663035504014,-0.15694589479497562,-7.019154968489548,371.538674813408,3.3413195482260525,LOW,LOW,MEDIUM,LOW,LOW,MEDIUM,MEDIUM
42.23781276475197,-4.520714917938733,1.0920428699775429,0.0,6.790481876219541,LOW,LOW,LOW,CRITICAL,LOW,CRITICAL,CRITICAL
45.24037923442741,-3.5256996246694126,5.616663760401585,171.4321590601159,4.465549659154274,LOW,LOW,MEDIUM,LOW,LOW,MEDIUM,MEDIUM
38.78059649142205,-3.980695839596951,2.198732745161039,674.2574178679679,1.9381993604504308,LOW,LOW,LOW,LOW,LOW,LOW,LOW
17.20472275653647,1.8402173657857759,0.9060214084611536,208.25444512020417,1.7159349979468357,LOW,LOW,LOW,LOW,LOW,LOW,LOW
39.465908414528066,0.8552351757642536,-3.671904418442944,661.610533718114,4.119416397236679,LOW,LOW,LOW,LOW,LOW,LOW,LOW
74.25673163386891,-3.192392416988309,17.265916553450673,35.90523987477106,40.6266152682512,HIGH,LOW,CRITICAL,HIGH,HIGH,CRITICAL,CRITICAL
39.94657309822292,-2.3436238427247034,-1.395057858798567,397.5025610993765,6.431185086711585,LOW,LOW,LOW,LOW,LOW,LOW,LOW
80.72570297598818,3.3089444306296922,4.639359865553377,258.92608418218606,2.7103145656185346,HIGH,LOW,LOW,LOW,LOW,HIGH,HIGH
45.934970244286845,2.8974180450627176,0.24462583974284674,486.80412963938613,5.196169270518998,LOW,LOW,LOW,LOW,LOW,LOW,LOW
49.364470952061644,-2.028034637080223,-2.0556025065953727,134.18874836110234,24.319062096017486,LOW,LOW,LOW,LOW,MEDIUM,LOW,MEDIUM
45.201755469289395,-1.6240026556339688,-10.186928447048741,587.7350230087088,8.407506381296816,LOW,LOW,HIGH,LOW,LOW,HIGH,HIGH
54.00319448616417,3.831728220862736,7.230434031077053,441.10837798292823,2.6173357086975697,MEDIUM,LOW,MEDIUM,LOW,LOW,HIGH,HIGH
70.37498774780794,30.97346892627412,4.699682878667191,41.24878817001323,24.424297086067067,HIGH,CRITICAL,LOW,HIGH,MEDIUM,CRITICAL,CRITICAL
57.56745802844221,6.325854893933314,-1.2386392487427558,345.1847757966551,20.158961849032067,MEDIUM,MEDIUM,LOW,LOW,MEDIUM,HIGH,HIGH
64.20320358024271,-21.823017930333783,9.832479217672876,9.296352899619693,28.52425640937873,MEDIUM,CRITICAL,MEDIUM,CRITICAL,MEDIUM,CRITICAL,CRITICAL
30.51326050704061,-2.154294693186497,-1.867035247805762,83.06280224316478,3.412763646401553,LOW,LOW,LOW,MEDIUM,LOW,MEDIUM,MEDIUM
54.591053577485624,8.567896846802835,-20.708091040501234,58.31341790820541,45.82753708789136,MEDIUM,MEDIUM,CRITICAL,MEDIUM,CRITICAL,CRITICAL,CRITICAL
33.314708677200215,-3.0602493316437034,4.677632928625847,231.48621167869865,10.50519404928454,LOW,LOW,LOW,LOW,LOW,LOW,LOW
61.38160175973639,-2.1916212168277402,-5.343449616674453,480.3445806766095,18.254858945044464,MEDIUM,LOW,MEDIUM,LOW,MEDIUM,HIGH,HIGH
83.81863460296027,2.058686217552918,-1.5073507179862415,550.3720927941275,2.505988386976272,HIGH,LOW,LOW,LOW,LOW,HIGH,HIGH
22.94265673153124,-5.051079102794256,-3.1034992926659353,364.2135282202552,4.096080424773581,LOW,MEDIUM,LOW,LOW,LOW,MEDIUM,MEDIUM
54.8858151587013,1.1079780817085019,5.429361866984699,498.089127410079,17.526516748178942,MEDIUM,LOW,MEDIUM,LOW,MEDIUM,HIGH,HIGH
35.92265646591004,3.64167399874228,6.294936866220425,432.20384193147186,1.4923382549814752,LOW,LOW,MEDIUM,LOW,LOW,MEDIUM,MEDIUM
31.22681750235313,8.05479566932543,2.2490011326788792,487.60607965504227,2.854370144011791,LOW,MEDIUM,LOW,LOW,LOW,MEDIUM,MEDIUM
41.140499990733154,4.328449251972562,-0.5161364605191351,196.7008086198092,3.6307462148050296,LOW,LOW,LOW,LOW,LOW,LOW,LOW
30.318887455353515,7.6291913457062135,-5.7443660501402265,303.1684370367931,4.03336771893895,LOW,MEDIUM,MEDIUM,LOW,LOW,HIGH,HIGH
47.81925818426546,-3.0875352081915235,-2.3244645576595446,17.552601689134825,30.632210795189838,LOW,LOW,LOW,CRITICAL,HIGH,CRITICAL,CRITICAL
94.51556839278376,2.944242563107935,2.3807222061298403,113.68491884830136,21.531786941760252,CRITICAL,LOW,LOW,LOW,MEDIUM,CRITICAL,CRITICAL
83.56059184671449,-24.456539678837768,-6.465130048153148,0.1429364133545747,18.12643917663411,HIGH,CRITICAL,MEDIUM,CRITICAL,MEDIUM,CRITICAL,CRITICAL
48.84255908541417,4.773244023708503,-3.0869632583871294,260.36686757278846,4.647016112725661,LOW,LOW,LOW,LOW,LOW,LOW,LOW
32.97708614843188,1.7403133527434385,-1.2218801169914737,215.9437480568293,5.50920683487822,LOW,LOW,LOW,LOW,LOW,LOW,LOW
56.03096108344178,5.989401532140645,-20.422826760220026,133.48204441443306,14.409824089577052,MEDIUM,MEDIUM,CRITICAL,LOW,LOW,CRITICAL,CRITICAL
40.87796542870968,-8.804973893803673,-7.9955556274449995,356.1253255424026,11.713113893411272,LOW,MEDIUM,MEDIUM,LOW,LOW,HIGH,HIGH
81.75820543729056,5.711396736509071,4.260307415219146,79.97202101713468,14.655097178686383,HIGH,MEDIUM,LOW,MEDIUM,LOW,HIGH,HIGH
91.10839000848286,-4.883244168221642,-23.49810514659615,33.628371712622055,20.992828742596267,CRITICAL,LOW,CRITICAL,HIGH,MEDIUM,CRITICAL,CRITICAL
77.05382686007736,-9.658823692404946,0.5012838883789458,11.714430178745301,18.98530344165132,HIGH,MEDIUM,LOW,CRITICAL,MEDIUM,CRITICAL,CRITICAL
22.53829997091377,2.5706269274195037,3.2170250917897776,19.0201907637808,3.42355408625233,LOW,LOW,LOW,CRITICAL,LOW,CRITICAL,CRITICAL
28.556695126971523,-0.2714855267979276,1.7265265185503893,483.1415842612101,11.671501393436234,LOW,LOW,LOW,LOW,LOW,LOW,LOW
64.97164969369985,9.235796779031178,-12.878142113705637,51.919571980383935,36.580191672917984,MEDIUM,MEDIUM,HIGH,MEDIUM,HIGH,HIGH,CRITICAL
45.347939678360625,-1.5999281113156398,-4.120569060891316,155.92072937906588,9.861922361078863,LOW,LOW,LOW,LOW,LOW,LOW,LOW
25.039423030036108,-8.711870928778751,-2.79765816049315,379.10573480685554,7.9739725015756635,LOW,MEDIUM,LOW,LOW,LOW,MEDIUM,MEDIUM
47.240128665898204,4.368411844077335,-5.905854566487207,432.17042033020317,5.918343773050273,LOW,LOW,MEDIUM,LOW,LOW,MEDIUM,MEDIUM
40.93028080337907,4.360872023169058,-14.253182879010323,86.29208373933092,16.32866360138059,LOW,LOW,HIGH,MEDIUM,MEDIUM,HIGH,HIGH
32.22690030331022,0.02509262473767314,-6.126141260974572,557.0481312616932,6.1591899099439384,LOW,LOW,MEDIUM,LOW,LOW,MEDIUM,MEDIUM
61.77824916382989,2.3471895119389043,-2.6976572576405076,508.0728346946547,3.5878831805867772,MEDIUM,LOW,LOW,LOW,LOW,MEDIUM,MEDIUM
39.26321403496065,-7.903853199566479,-2.281256271145865,137.76052141468728,7.540546136446123,LOW,MEDIUM,LOW,LOW,LOW,MEDIUM,MEDIUM
27.143883964882647,-0.6829865579932296,-9.624952604039589,87.79734056166527,5.065232030180795,LOW,LOW,MEDIUM,MEDIUM,LOW,HIGH,HIGH
76.92703415386134,-4.83205633593238,8.255195664617137,190.70974725278722,13.838337839576635,HIGH,LOW,MEDIUM,LOW,LOW,HIGH,HIGH
50.1273782093245,-0.24015016675425804,-2.407777767740708,236.01834859130412,3.294408885808269,MEDIUM,LOW,LOW,LOW,LOW,MEDIUM,MEDIUM
36.88489701325651,0.860882931800872,3.0662054173510866,472.46907291626087,6.529537334126853,LOW,LOW,LOW,LOW,LOW,LOW,LOW
80.75937344061293,-19.69720760718437,-5.302187126889886,51.59030888144762,23.340199057530743,HIGH,CRITICAL,MEDIUM,MEDIUM,MEDIUM,CRITICAL,CRITICAL
59.640610790339196,5.597945707889372,-2.514617220298281,300.047548605158,2.6778839229452887,MEDIUM,MEDIUM,LOW,LOW,LOW,HIGH,HIGH
41.94808288379543,-7.916823436962653,-1.0756647787912057,347.79903466041344,21.75598976719573,LOW,MEDIUM,LOW,LOW,MEDIUM,MEDIUM,HIGH
49.403062949529605,0.9976707507401666,-1.306692990036176,372.4553779395082,20.86961184962287,LOW,LOW,LOW,LOW,MEDIUM,LOW,MEDIUM
50.726012534437636,1.6519222621001879,-1.1718184630541788,0.0,1.9659254071356436,MEDIUM,LOW,LOW,CRITICAL,LOW,CRITICAL,CRITICAL
37.765296435955456,4.395933429767859,7.8393490189787,431.1103488976499,7.8460537960842895,LOW,LOW,MEDIUM,LOW,LOW,MEDIUM,MEDIUM
75.66209099713623,7.402845497024403,-1.4024775403945553,102.75302590639477,12.790874163264181,HIGH,MEDIUM,LOW,LOW,LOW,HIGH,HIGH
68.07977617841235,19.70122015937089,-14.503086290908108,63.64198739911916,28.647723765506626,MEDIUM,CRITICAL,HIGH,MEDIUM,MEDIUM,CRITICAL,CRITICAL
52.03771212007683,16.911916558045412,-26.948045259269946,57.27843183969591,33.752148347653666,MEDIUM,CRITICAL,CRITICAL,MEDIUM,HIGH,CRITICAL,CRITICAL
84.59773172218763,10.294776158769146,0.7428972483599615,180.1547870008433,15.29917290220774,HIGH,HIGH,LOW,LOW,MEDIUM,CRITICAL,CRITICAL
57.626711621760194,-4.876743311060779,-0.4169519179921383,208.3748017586507,3.5348705929675885,MEDIUM,LOW,LOW,LOW,LOW,MEDIUM,MEDIUM
47.033451246220636,2.914074574058145,2.5504232489248344,396.5785649439059,17.21608464185261,LOW,LOW,LOW,LOW,MEDIUM,LOW,MEDIUM
47.658543945360336,6.1828010778648235,-5.011271613262544,145.5723140479457,8.06328800776919,LOW,MEDIUM,MEDIUM,LOW,LOW,HIGH,HIGH
22.456940869764164,-2.672543720126441,-3.1250899987775753,238.19514401376838,13.893079059779556,LOW,LOW,LOW,LOW,LOW,LOW,LOW
61.779485012313174,0.05217349750780853,-0.717004101427649,330.19901023381067,18.269342759099217,MEDIUM,LOW,LOW,LOW,MEDIUM,MEDIUM,HIGH
61.51490892114165,6.459947661419262,15.611298156380386,67.99182461512898,9.546659713504997,MEDIUM,MEDIUM,CRITICAL,MEDIUM,LOW,CRITICAL,CRITICAL
68.63365632779389,9.0626575971887,-19.5346312674626,88.37458773871455,45.1375556580753,MEDIUM,MEDIUM,CRITICAL,MEDIUM,CRITICAL,CRITICAL,CRITICAL
42.035692983060514,6.7931615697078245,-9.257824315113904,552.7243124280277,12.006550630000802,LOW,MEDIUM,MEDIUM,LOW,LOW,HIGH,HIGH
30.408532248599986,1.6264881368906963,-0.6905165371633387,464.96188517845417,6.955073139067095,LOW,LOW,LOW,LOW,LOW,LOW,LOW
23.236081633331633,3.0830752257405547,0.19547673322061235,18.90771484638877,4.164512625798311,LOW,LOW,LOW,CRITICAL,LOW,CRITICAL,CRITICAL
56.20471260157065,8.072309530871282,0.9221485113132178,269.5494090351202,9.571729163433814,MEDIUM,MEDIUM,LOW,LOW,LOW,HIGH,HIGH
44.95820833999648,-2.1323616080633316,-1.3762558268169063,282.58385286495485,2.856126440179824,LOW,LOW,LOW,LOW,LOW,LOW,LOW
15.639921162990152,0.027856893767750128,-3.2112321397950288,403.4671047583775,2.0068332375715707,LOW,LOW,LOW,LOW,LOW,LOW,LOW
69.65312263680794,1.5645115077309049,4.670039291945784,219.68634851579827,4.082710620404461,MEDIUM,LOW,LOW,LOW,LOW,MEDIUM,MEDIUM
3.9128969079379083,-6.081064323578607,3.7923375497443588,390.3950974299409,10.810807149179665,LOW,MEDIUM,LOW,LOW,LOW,MEDIUM,MEDIUM
61.87398817954861,-6.971087895524164,1.637754122569009,300.1990810905538,8.041623909525649,MEDIUM,MEDIUM,LOW,LOW,LOW,HIGH,HIGH
51.884910025114365,1.944674391866002,-1.3011956972942564,641.566382163618,4.190883778161866,MEDIUM,LOW,LOW,LOW,LOW,MEDIUM,MEDIUM
25.935724183615758,-1.5143189728526167,3.594676641356697,356.7853831623061,12.095832232712862,LOW,LOW,LOW,LOW,LOW,LOW,LOW
100.0,1.323107142663471,-12.57901396462862,211.57959765551348,14.981904329552595,CRITICAL,LOW,HIGH,LOW,LOW,CRITICAL,CRITICAL
6.696756059161526,-3.7457842065960385,-4.735370564206677,334.72537190191656,8.436899175380937,LOW,LOW,LOW,LOW,LOW,LOW,LOW
30.900482562749,1.90660416320223,6.863630524530778,332.4454309257878,9.50281468450639,LOW,LOW,MEDIUM,LOW,LOW,MEDIUM,MEDIUM
59.28717235429208,1.4056266753691318,-1.8802859983548015,386.84031882021094,6.6814442159693455,MEDIUM,LOW,LOW,LOW,LOW,MEDIUM,MEDIUM
60.913225246465394,9.89845303455099,25.01655505477219,146.95612731873183,9.959258191413905,MEDIUM,MEDIUM,CRITICAL,LOW,LOW,CRITICAL,CRITICAL
56.796093179937245,-2.2381851411578757,-11.33212116057096,594.6541089495245,12.969634571955806,MEDIUM,LOW,HIGH,LOW,LOW,HIGH,HIGH
18.855787042700022,7.090426673256832,-4.8872283726538575,542.9954088689277,15.3289086420817,LOW,MEDIUM,LOW,LOW,MEDIUM,MEDIUM,HIGH
43.0361129231081,4.5129591330753485,-3.5033696259804405,204.95606212084314,15.309614527968803,LOW,LOW,LOW,LOW,MEDIUM,LOW,MEDIUM
44.334578167326576,-1.5636922380989606,0.9685326226961054,394.88665089097736,7.260046824169937,LOW,LOW,LOW,LOW,LOW,LOW,LOW
45.11044022135351,-5.914187747995196,-1.9505336838198513,91.4743043129388,12.388890845704596,LOW,MEDIUM,LOW,MEDIUM,LOW,HIGH,HIGH
55.74884009639478,0.6537270423485277,2.9817891282277302,356.929727425149,0.2950063363079798,MEDIUM,LOW,LOW,LOW,LOW,MEDIUM,MEDIUM
35.38328609663033,11.297322364012185,-5.275873993210043,353.6191640364377,8.475659987641569,LOW,HIGH,MEDIUM,LOW,LOW,HIGH,HIGH
65.17721430678623,-0.595789179598883,2.0346312171193643,360.1844340749817,2.424881128787985,MEDIUM,LOW,LOW,LOW,LOW,MEDIUM,MEDIUM
64.84446876251124,-20.916529106056508,15.061749460498845,60.93885925002235,15.13570365095152,MEDIUM,CRITICAL,CRITICAL,MEDIUM,MEDIUM,CRITICAL,CRITICAL
46.02557348951488,-6.985866902316134,1.326590668503051,161.51163763575238,23.339464565863537,LOW,MEDIUM,LOW,LOW,MEDIUM,MEDIUM,HIGH
52.85940768115102,-2.173892429014172,-1.5062664859640442,463.25151638912655,5.587138922134533,MEDIUM,LOW,LOW,LOW,LOW,MEDIUM,MEDIUM
73.11058126385477,8.579070382166057,-0.30592954302239594,4.716411506336734,18.624791982536316,HIGH,MEDIUM,LOW,CRITICAL,MEDIUM,CRITICAL,CRITICAL
39.85191109735443,-8.343169755620016,3.894904923409471,403.78360045791715,3.5761288184336553,LOW,MEDIUM,LOW,LOW,LOW,MEDIUM,MEDIUM
73.48102472032858,-7.213269014754877,1.0689278033950513,373.15316431779684,5.433045999934864,HIGH,MEDIUM,LOW,LOW,LOW,HIGH,HIGH
50.91869978226329,-1.703022418606362,1.8019828951121388,302.883507760203,11.241118252950423,MEDIUM,LOW,LOW,LOW,LOW,MEDIUM,MEDIUM
16.425833189840418,-6.494954328468919,-1.479641877828589,452.14796980339617,2.6858558960274936,LOW,MEDIUM,LOW,LOW,LOW,MEDIUM,MEDIUM
66.93669590790044,-17.007285902441005,-26.499369314739027,38.67103310628451,18.44667550487957,MEDIUM,CRITICAL,CRITICAL,HIGH,MEDIUM,CRITICAL,CRITICAL
72.39218588493803,0.602572191905427,12.274097658609168,35.87573769991073,18.982535850046343,HIGH,LOW,HIGH,HIGH,MEDIUM,CRITICAL,CRITICAL
53.69020139635164,5.648107514172998,-2.5125749566767133,367.80808166519904,9.57892234317551,MEDIUM,MEDIUM,LOW,LOW,LOW,HIGH,HIGH
30.111329899067655,12.35955843074554,1.1208221642007774,370.77967450956976,7.000998214925466,LOW,HIGH,LOW,LOW,LOW,HIGH,HIGH
39.24187888003826,0.8091216304848765,-0.07157990803340021,174.24799124051648,7.062704008036002,LOW,LOW,LOW,LOW,LOW,LOW,LOW
26.503480424777173,-3.610754375288291,1.356710316541937,51.85150511461542,4.647984704347318,LOW,LOW,LOW,MEDIUM,LOW,MEDIUM,MEDIUM
37.219999205681845,3.4128061802062177,0.11772236671020873,442.9960002684741,2.851606520511163,LOW,LOW,LOW,LOW,LOW,LOW,LOW
23.927745841087397,-2.9194783458503695,7.897586977920116,69.54690754636759,41.35079301818061,LOW,LOW,MEDIUM,MEDIUM,HIGH,HIGH,HIGH
55.46380455508798,-3.344366680878506,1.2320396088693637,115.48794256554584,10.42547596456372,MEDIUM,LOW,LOW,LOW,LOW,MEDIUM,MEDIUM
39.66038873421251,-8.737970940207235,1.0941150845670549,502.8456690677944,2.0064913097968677,LOW,MEDIUM,LOW,LOW,LOW,MEDIUM,MEDIUM
42.92876498007777,2.36454447169573,-0.42788587943392026,699.6042070561339,1.0257395553212996,LOW,LOW,LOW,LOW,LOW,LOW,LOW
76.70317880404845,25.914758475896726,-3.140411925790038,282.4134666411992,17.73860601289925,HIGH,CRITICAL,LOW,LOW,MEDIUM,CRITICAL,CRITICAL
43.407088649403704,-5.026589002516193,0.6740536093337169,418.19005388410613,12.401383872517751,LOW,MEDIUM,LOW,LOW,LOW,MEDIUM,MEDIUM
62.657774447765085,0.5469865895969227,-9.216847743775867,285.01833981453746,38.89813717767525,MEDIUM,LOW,MEDIUM,LOW,HIGH,HIGH,HIGH
41.54007500040438,1.1687891795333631,2.690078793364083,209.41839016132684,9.022253918339784,LOW,LOW,LOW,LOW,LOW,LOW,LOW
8.470315023256674,2.736652834435818,-3.2590240112941924,381.70708133978457,5.841638567494445,LOW,LOW,LOW,LOW,LOW,LOW,LOW
28.277667189713785,4.787643795045409,-2.387579138927885,48.595497118415885,6.692775765380821,LOW,LOW,LOW,HIGH,LOW,HIGH,HIGH
45.5156296353969,-7.057792688922234,1.1640274498552567,406.45526613340763,12.150888112605392,LOW,MEDIUM,LOW,LOW,LOW,MEDIUM,MEDIUM
78.31756315340587,-5.8803881821182795,-22.856096321585564,45.19459732366915,50.640512567096906,HIGH,MEDIUM,CRITICAL,HIGH,CRITICAL,CRITICAL,CRITICAL
50.37516766614005,-4.786231714466746,-5.974039113012574,0.0,12.62289240993228,MEDIUM,LOW,MEDIUM,CRITICAL,LOW,CRITICAL,CRITICAL
36.82220632910517,-7.4752122331298825,1.6619006060249961,189.73212951318598,11.828002821760942,LOW,MEDIUM,LOW,LOW,LOW,MEDIUM,MEDIUM
24.276124223046285,-7.19285895763643,-8.894296671748787,256.74757649448975,5.657619728792309,LOW,MEDIUM,MEDIUM,LOW,LOW,HIGH,HIGH
35.52844458775225,-4.9545845084563025,3.842311614835937,102.45947876680293,6.302049804376072,LOW,LOW,LOW,LOW,LOW,LOW,LOW
63.171570678994954,-9.768064654575427,-7.841554748697686,101.96057941803029,16.460444089150343,MEDIUM,MEDIUM,MEDIUM,LOW,MEDIUM,HIGH,HIGH
50.405530738572914,-3.6425803487299593,5.084261304028133,173.58878566868952,1.2517316702185142,MEDIUM,LOW,MEDIUM,LOW,LOW,HIGH,HIGH
50.711671070475774,0.3854769602399829,-4.062513018872984,52.71027259070892,4.94504316436688,MEDIUM,LOW,LOW,MEDIUM,LOW,HIGH,HIGH
22.818343142305714,6.6890636163901105,-2.949519613991835,199.8467272281277,5.407741484177146,LOW,MEDIUM,LOW,LOW,LOW,MEDIUM,MEDIUM
24.013823577232866,-6.081147168962438,1.8038505391059074,531.2114128208717,1.3406772829710425,LOW,MEDIUM,LOW,LOW,LOW,MEDIUM,MEDIUM
61.222711294496115,-9.991388478269123,1.2519852181393138,726.4837465601387,7.121116419549908,MEDIUM,MEDIUM,LOW,LOW,LOW,HIGH,HIGH
42.72048926525942,4.24057527468508,-3.5749840763348573,280.1663055966586,6.317661484528433,LOW,LOW,LOW,LOW,LOW,LOW,LOW
1.5072918019727721,-3.139504985430506,7.090766643599662,368.1860278369033,10.560115104809963,LOW,LOW,MEDIUM,LOW,LOW,MEDIUM,MEDIUM
41.47613592718538,-3.5740603700771207,3.1914028055285555,12.78056528816899,11.980886660124117,LOW,LOW,LOW,CRITICAL,LOW,CRITICAL,CRITICAL
28.514328726676908,0.6522653755423107,-4.250030302041204,329.1746330751798,11.66184671342262,LOW,LOW,LOW,LOW,LOW,LOW,LOW
55.08584006417074,0.666623269439376,4.723959621222688,422.5894213466909,2.89904398663535,MEDIUM,LOW,LOW,LOW,LOW,MEDIUM,MEDIUM
33.05903793419049,-0.631368084160333,-2.1443271804834145,870.506538192218,9.151312530632081,LOW,LOW,LOW,LOW,LOW,LOW,LOW
63.405518955733086,-6.322415763236676,4.978260641421023,751.6698039849947,1.8904893404939433,MEDIUM,MEDIUM,LOW,LOW,LOW,HIGH,HIGH
56.5710269235565,-1.1683012064261724,-1.6150214687161062,573.1886253119463,7.337699507848601,MEDIUM,LOW,LOW,LOW,LOW,MEDIUM,MEDIUM
35.9831017099673,4.663666081020891,-6.667053627156791,80.94389363906404,8.191959453925893,LOW,LOW,MEDIUM,MEDIUM,LOW,HIGH,HIGH
75.45693500350089,9.842912054375422,-6.332222333003513,121.71818848236033,19.904219568265336,HIGH,MEDIUM,MEDIUM,LOW,MEDIUM,HIGH,HIGH
54.038704019675116,8.83367636461882,-2.3773994109584184,108.7897597350543,6.096707363304081,MEDIUM,MEDIUM,LOW,LOW,LOW,HIGH,HIGH
65.52119025732901,0.503605553579836,3.404496393520952,570.2940653376668,9.576014706994036,MEDIUM,LOW,LOW,LOW,LOW,MEDIUM,MEDIUM
36.11638732780778,-0.4347508663466098,-1.5131061783096338,140.33610847355797,8.214256302218963,LOW,LOW,LOW,LOW,LOW,LOW,LOW
69.79964455767796,2.4923493915563806,0.9594309833971865,437.5357988030399,2.796749777553794,MEDIUM,LOW,LOW,LOW,LOW,MEDIUM,MEDIUM
69.34885035792081,0.3771171744571174,-4.145459536528382,200.48811550196393,24.015369714969527,MEDIUM,LOW,LOW,LOW,MEDIUM,MEDIUM,HIGH
33.04329650662529,0.1636989949156914,1.7397641534715946,279.0823973762383,11.095453248621531,LOW,LOW,LOW,LOW,LOW,LOW,LOW
80.51501067732146,13.142130627334229,-14.67766577291308,19.4413143281258,37.02508209689385,HIGH,HIGH,HIGH,CRITICAL,HIGH,CRITICAL,CRITICAL
47.57203976385586,-4.101335562129811,2.2373492981106877,80.29358261614952,16.66364264170574,LOW,LOW,LOW,MEDIUM,MEDIUM,MEDIUM,HIGH
30.869097246386325,-2.191983274964551,-0.856601242844755,500.6878075396492,5.555458741312936,LOW,LOW,LOW,LOW,LOW,LOW,LOW
21.21561439845611,4.397948101332325,-0.7548463989593357,138.04664913680463,8.790522164458594,LOW,LOW,LOW,LOW,LOW,LOW,LOW
77.67843260987493,0.7773338533529329,-0.5893609064860249,523.5065761500027,8.949916983863636,HIGH,LOW,LOW,LOW,LOW,HIGH,HIGH
50.98842289408991,-6.542316107264992,3.8717820525637574,330.05753437620035,5.706100253474816,MEDIUM,MEDIUM,LOW,LOW,LOW,HIGH,HIGH
39.619993953422906,-8.219613788682066,-19.607075508711446,17.99855836365473,15.995631570115636,LOW,MEDIUM,CRITICAL,CRITICAL,MEDIUM,CRITICAL,CRITICAL
23.597601348279863,0.2773486468613919,3.450173938460681,44.90478106700972,13.505771420591985,LOW,LOW,LOW,HIGH,LOW,HIGH,HIGH
89.71151166728987,-3.9043709246243763,24.63768220489449,102.7999587633613,23.319867430070612,CRITICAL,LOW,CRITICAL,LOW,MEDIUM,CRITICAL,CRITICAL
67.50410820153554,-31.37185441631834,0.06762996356223341,32.49364590169493,48.91753593807061,MEDIUM,CRITICAL,LOW,HIGH,CRITICAL,CRITICAL,CRITICAL
60.30054760353135,4.735681935405492,-2.767725289354564,529.2608148060641,8.342888991301034,MEDIUM,LOW,LOW,LOW,LOW,MEDIUM,MEDIUM
84.63017865738931,2.392396620189865,0.19731266317937457,480.0404573397763,5.336378571920593,HIGH,LOW,LOW,LOW,LOW,HIGH,HIGH
80.81951558287098,3.046688745180007,3.303816622480256,147.45231983462122,2.5047315173898226,HIGH,LOW,LOW,LOW,LOW,HIGH,HIGH
53.64677017683634,-6.034223872851426,0.739882300292625,431.496143373805,23.29103480258422,MEDIUM,MEDIUM,LOW,LOW,MEDIUM,HIGH,HIGH
33.43771795906966,2.955293133801462,5.121329215486914,270.00200727387494,6.502992391082589,LOW,LOW,MEDIUM,LOW,LOW,MEDIUM,MEDIUM
68.22958942536054,1.2808663117953156,4.885179782740592,374.11250850444236,6.772349182814178,MEDIUM,LOW,LOW,LOW,LOW,MEDIUM,MEDIUM
40.004435714193576,-3.062981274825025,-0.3776730485441906,325.60527158380324,13.074487376695975,LOW,LOW,LOW,LOW,LOW,LOW,LOW
56.180410861168134,0.3740939857544388,-0.6508148062763669,193.18525459862653,7.7789771344791925,MEDIUM,LOW,LOW,LOW,LOW,MEDIUM,MEDIUM
88.28827015469092,9.887233646738977,2.7358939645087315,23.401734879397857,14.114457305219192,CRITICAL,MEDIUM,LOW,HIGH,LOW,CRITICAL,CRITICAL
48.459162731493215,2.03990766896132,-2.9054372319085893,287.9400598353987,0.8353598575377479,LOW,LOW,LOW,LOW,LOW,LOW,LOW
84.61574152274414,-10.17438666834827,12.491450085573476,17.2311485981935,7.869173098142458,HIGH,HIGH,HIGH,CRITICAL,LOW,CRITICAL,CRITICAL
41.89523116352447,-4.124101100589228,3.2894018835830146,199.34353620087435,11.20913136578487,LOW,LOW,LOW,LOW,LOW,LOW,LOW
39.83852957606501,1.8490498578168169,-4.930304218461929,313.4274674082415,3.5803997810991843,LOW,LOW,LOW,LOW,LOW,LOW,LOW
62.577152149107675,5.992390533951137,-3.2646199561121754,88.09017108370068,9.31797479715357,MEDIUM,MEDIUM,LOW,MEDIUM,LOW,HIGH,HIGH
36.788887158496905,-4.015398908123541,3.3389988905732086,139.1292065294688,2.0943229810389843,LOW,LOW,LOW,LOW,LOW,LOW,LOW
94.61828926363494,-7.99657563717861,0.5259455935251391,60.78904499642351,39.00060598779877,CRITICAL,MEDIUM,LOW,MEDIUM,HIGH,CRITICAL,CRITICAL
44.7514738526622,2.7332980460643674,2.362977342041303,310.37952837413087,7.725538974608922,LOW,LOW,LOW,LOW,LOW,LOW,LOW
68.3079777925772,-5.0826980916401165,-17.195389003405054,105.63117248883727,12.163661065826775,MEDIUM,MEDIUM,CRITICAL,LOW,LOW,CRITICAL,CRITICAL
31.93908342534388,-2.869568654637726,-1.3783461429385337,406.8922656322935,4.412170700070219,LOW,LOW,LOW,LOW,LOW,LOW,LOW
42.62193461375315,-3.672076246555861,0.3695071665596972,68.36801707955523,8.236560784035518,LOW,LOW,LOW,MEDIUM,LOW,MEDIUM,MEDIUM
90.68743894958281,-18.404923541088078,-21.27094278433745,130.04077976573376,43.05744534530585,CRITICAL,CRITICAL,CRITICAL,LOW,HIGH,CRITICAL,CRITICAL
72.22804202643903,9.95669434790206,-23.067769265447588,9.988280887183773,16.522438718769543,HIGH,MEDIUM,CRITICAL,CRITICAL,MEDIUM,CRITICAL,CRITICAL
51.23111801870944,31.336944264792063,-11.267449775626416,117.72137369778181,39.18283062654931,MEDIUM,CRITICAL,HIGH,LOW,HIGH,CRITICAL,CRITICAL
40.41832946337477,-2.9083981607038587,-0.4065433909162108,586.813735193884,6.4907784319630295,LOW,LOW,LOW,LOW,LOW,LOW,LOW
44.65424165871801,5.114300671757499,4.331999754067475,156.25138626762947,3.9632117399631333,LOW,MEDIUM,LOW,LOW,LOW,MEDIUM,MEDIUM
92.23566893903582,-25.143880739736026,-18.999667075525394,26.31178755211772,17.559085053528722,CRITICAL,CRITICAL,CRITICAL,HIGH,MEDIUM,CRITICAL,CRITICAL
39.62633433138738,-5.901645604376092,4.090051174784064,122.52156610030238,1.7712350212624448,LOW,MEDIUM,LOW,LOW,LOW,MEDIUM,MEDIUM
100.0,26.144468058258912,-13.944789843075402,104.19171184028232,54.29488999564889,CRITICAL,CRITICAL,HIGH,LOW,CRITICAL,CRITICAL,CRITICAL
73.86106872185552,-9.236480977555521,11.80622812327376,11.055245258666984,23.572992922759738,HIGH,MEDIUM,HIGH,CRITICAL,MEDIUM,CRITICAL,CRITICAL
37.851728651711376,-5.21835777520189,-3.5743800548764817,54.551579191622565,7.407599899210028,LOW,MEDIUM,LOW,MEDIUM,LOW,HIGH,HIGH
53.460019338880876,-6.482895219276246,-34.611892406138416,188.89374551533777,20.409927195902142,MEDIUM,MEDIUM,CRITICAL,LOW,MEDIUM,CRITICAL,CRITICAL
100.0,2.7021146646486573,11.575221087644325,24.993373772953255,36.310095166976794,CRITICAL,LOW,HIGH,HIGH,HIGH,CRITICAL,CRITICAL
35.52522713229534,-1.825989193873447,5.137748211109535,537.8921795910805,7.20483899272188,LOW,LOW,MEDIUM,LOW,LOW,MEDIUM,MEDIUM
63.63475399980195,0.7353691550144277,-9.071408480303045,12.076969494142405,27.417067868779448,MEDIUM,LOW,MEDIUM,CRITICAL,MEDIUM,CRITICAL,CRITICAL
64.98827201497691,3.7157280541288604,-2.419627055712699,439.6018956951999,11.09261092772533,MEDIUM,LOW,LOW,LOW,LOW,MEDIUM,MEDIUM
86.56142223020117,-17.15683870906357,-10.080720426501673,12.998251116649588,60.0,CRITICAL,CRITICAL,HIGH,CRITICAL,CRITICAL,CRITICAL,CRITICAL
49.528100710815174,-8.915153064105,-1.6095307900973421,486.60997755656075,9.069729458740262,LOW,MEDIUM,LOW,LOW,LOW,MEDIUM,MEDIUM
56.93809973700894,-4.638932187229889,16.99694150040351,268.6965052433213,35.157779036058535,MEDIUM,LOW,CRITICAL,LOW,HIGH,CRITICAL,CRITICAL
35.99421460693341,0.5586147582614033,0.2933469791125466,524.3785812226436,14.887287441140682,LOW,LOW,LOW,LOW,LOW,LOW,LOW
52.40966073308467,-3.0978465756972406,-1.5452179939116253,780.5455877815131,3.5989680471922068,MEDIUM,LOW,LOW,LOW,LOW,MEDIUM,MEDIUM
91.38388410596542,-2.5693944102001427,-14.510384534875273,254.75483400285586,22.51265965919949,CRITICAL,LOW,HIGH,LOW,MEDIUM,CRITICAL,CRITICAL
58.79807273931645,4.075692960359594,-2.3768434895266664,239.09417755119017,2.6658695342335834,MEDIUM,LOW,LOW,LOW,LOW,MEDIUM,MEDIUM
55.482235054207145,2.6784905295211363,2.6600898777758943,607.4653038413039,6.033306024366562,MEDIUM,LOW,LOW,LOW,LOW,MEDIUM,MEDIUM
53.56350289247292,9.502192969911865,-11.149636086117098,12.420825443700604,8.894067784145133,MEDIUM,MEDIUM,HIGH,CRITICAL,LOW,CRITICAL,CRITICAL
71.01120550106928,-20.17374288334887,11.50579567761207,10.06540514157361,42.86551277668656,HIGH,CRITICAL,HIGH,CRITICAL,HIGH,CRITICAL,CRITICAL
15.789862887887786,3.9138312226662006,-3.2421145192865053,504.2555966569015,6.926628408108394,LOW,LOW,LOW,LOW,LOW,LOW,LOW
45.43163346121498,8.295114731213134,-3.145216212553315,474.3135025562167,2.523394003822685,LOW,MEDIUM,LOW,LOW,LOW,MEDIUM,MEDIUM
79.87048371485126,-2.1157870508987955,3.829219290374125,330.90368563854435,17.62438092057542,HIGH,LOW,LOW,LOW,MEDIUM,HIGH,HIGH
44.88466506417946,-5.704454868572419,-1.8914111719121847,565.2757632470667,5.439717950525134,LOW,MEDIUM,LOW,LOW,LOW,MEDIUM,MEDIUM
65.88058127380637,0.44451750118604844,5.2727882689361,105.52851413403324,4.963392981527891,MEDIUM,LOW,MEDIUM,LOW,LOW,HIGH,HIGH
40.67137324268848,-1.1196981692880283,-1.9641187923119487,277.6452250297467,14.526777288112864,LOW,LOW,LOW,LOW,LOW,LOW,LOW
58.333981729959305,-1.5913336471400954,-1.7239143587654175,322.5557056976925,19.326453234795004,MEDIUM,LOW,LOW,LOW,MEDIUM,MEDIUM,HIGH
67.21868677606805,17.818006275597707,-14.033767550436199,65.51734528630516,12.69263795875203,MEDIUM,CRITICAL,HIGH,MEDIUM,LOW,CRITICAL,CRITICAL
50.632415855224345,10.28267443001705,-24.925438245286486,59.62444766414683,18.38476430355279,MEDIUM,HIGH,CRITICAL,MEDIUM,MEDIUM,CRITICAL,CRITICAL
15.2705327139193,-5.996724807830793,3.5934382733879424,552.4598095974462,4.64677181351309,LOW,MEDIUM,LOW,LOW,LOW,MEDIUM,MEDIUM
55.24818606001603,-7.23271169012064,4.730377436279556,0.0,6.4720814317773065,MEDIUM,MEDIUM,LOW,CRITICAL,LOW,CRITICAL,CRITICAL
41.115918051324144,-0.751437604034878,4.475578391722677,579.3971168037647,6.342143811846497,LOW,LOW,LOW,LOW,LOW,LOW,LOW
61.47727314077728,0.11707593561930678,1.7253803995110537,303.8475400041867,1.8510405897005766,MEDIUM,LOW,LOW,LOW,LOW,MEDIUM,MEDIUM
37.27243651361973,-0.5060755878158012,1.7578107618319623,578.232887678556,7.186582601084925,LOW,LOW,LOW,LOW,LOW,LOW,LOW
49.39986630888827,-0.030977372587870325,18.816060372519832,36.415215751212614,5.67722541873767,LOW,LOW,CRITICAL,HIGH,LOW,CRITICAL,CRITICAL
35.03023353746906,-2.673075999376461,-2.0992513347291584,19.958441482323796,9.026346217324743,LOW,LOW,LOW,CRITICAL,LOW,CRITICAL,CRITICAL
49.95170685706416,-3.2560426771662248,-1.4627083301220796,440.76873464690914,10.965729595242218,LOW,LOW,LOW,LOW,LOW,LOW,LOW
65.0545361033394,5.929197944611647,-4.129915871579489,322.5863638710536,4.097713666322546,MEDIUM,MEDIUM,LOW,LOW,LOW,HIGH,HIGH
42.532491286335066,4.640592548632535,4.374737728265484,103.52320602387167,13.117727001817688,LOW,LOW,LOW,LOW,LOW,LOW,LOW
52.37168266341603,-0.9163241236868392,-4.54813153258995,202.07333088415774,18.386771888926713,MEDIUM,LOW,LOW,LOW,MEDIUM,MEDIUM,HIGH
47.06492911302069,2.289540929231611,-3.4422791576902485,94.9514464743826,1.1598962447244723,LOW,LOW,LOW,MEDIUM,LOW,MEDIUM,MEDIUM
35.5699462945371,-10.472532794769116,-5.926323086205472,108.89544050760388,8.182790028223952,LOW,HIGH,MEDIUM,LOW,LOW,HIGH,HIGH
40.1064944333796,2.069349178734562,-1.9984532944859092,338.54716925947474,19.667669764707313,LOW,LOW,LOW,LOW,MEDIUM,LOW,MEDIUM
24.24988834542585,3.606914788561095,3.1365856654139943,188.35509926159747,3.604002282794524,LOW,LOW,LOW,LOW,LOW,LOW,LOW
66.69719309103047,0.47612956805508594,8.82865573222665,45.384385860468335,17.893540077056436,MEDIUM,LOW,MEDIUM,HIGH,MEDIUM,HIGH,HIGH
59.55262623851789,-2.079099158520121,-4.98013783700543,555.3546176062905,2.2587736975652337,MEDIUM,LOW,LOW,LOW,LOW,MEDIUM,MEDIUM
34.526072268729116,0.4967027389784538,-1.5230536154472176,121.49625211769367,6.3607031017760916,LOW,LOW,LOW,LOW,LOW,LOW,LOW
53.98654997795392,-2.2564592024463783,-1.481730405641758,322.54998737294386,5.431487109199205,MEDIUM,LOW,LOW,LOW,LOW,MEDIUM,MEDIUM
84.55229621418086,-9.288106201072832,0.4508983120303873,47.71674371017537,17.356802768971264,HIGH,MEDIUM,LOW,HIGH,MEDIUM,CRITICAL,CRITICAL
17.554772771878756,2.4638680241873527,4.148725622596201,186.11239336432618,5.952695918682249,LOW,LOW,LOW,LOW,LOW,LOW,LOW
49.42078879353452,-1.1371604422133534,3.0136174835167417,0.0,12.912652553668252,LOW,LOW,LOW,CRITICAL,LOW,CRITICAL,CRITICAL
87.65652355024889,34.978026772100925,-2.7360687217166144,159.42907324636525,6.854325655536835,CRITICAL,CRITICAL,LOW,LOW,LOW,CRITICAL,CRITICAL
76.94425417763102,-12.6930796321601,11.495927297760229,99.1870190148079,32.97494737270889,HIGH,HIGH,HIGH,MEDIUM,HIGH,CRITICAL,CRITICAL
92.9507802178597,16.54646059582451,-0.7973877037134716,40.48906435880678,16.81173033608261,CRITICAL,CRITICAL,LOW,HIGH,MEDIUM,CRITICAL,CRITICAL
82.8944272365781,-19.18037278310201,12.784515267115232,29.010460709960643,18.08597437926181,HIGH,CRITICAL,HIGH,HIGH,MEDIUM,CRITICAL,CRITICAL
64.02874853471204,1.965651025422108,-4.89288092024772,606.4329917739038,21.30799035686675,MEDIUM,LOW,LOW,LOW,MEDIUM,MEDIUM,HIGH
58.23429738898823,2.360019044417885,10.161564390725735,362.30307985756343,23.2008678491255,MEDIUM,LOW,HIGH,LOW,MEDIUM,HIGH,HIGH
68.73316685728837,-1.0489717856582703,-4.423432389428397,88.62354632477158,35.84941018922052,MEDIUM,LOW,LOW,MEDIUM,HIGH,HIGH,HIGH
39.91033219292761,-0.16534881923668102,0.07839846631051318,205.56259282432933,11.42718755993074,LOW,LOW,LOW,LOW,LOW,LOW,LOW
51.900634857906994,-0.8899125331994332,0.27249140056260684,437.0801901205,11.204069767046487,MEDIUM,LOW,LOW,LOW,LOW,MEDIUM,MEDIUM
57.882839104299514,9.743049413171896,-6.199370385121294,54.20574615692421,9.825363072531614,MEDIUM,MEDIUM,MEDIUM,MEDIUM,LOW,HIGH,HIGH
18.73536638392158,-0.7099675350971327,0.3297670665393698,283.522621371526,1.3245840839911613,LOW,LOW,LOW,LOW,LOW,LOW,LOW
32.73162236792242,2.465688419258935,1.700532986854886,151.68061467084073,7.24301178578542,LOW,LOW,LOW,LOW,LOW,LOW,LOW
40.79246919882574,-5.611464628831419,-0.432555961565667,550.1781114598409,12.314886226371822,LOW,MEDIUM,LOW,LOW,LOW,MEDIUM,MEDIUM
66.03013988878683,5.67361018414633,-1.3537431392592767,475.3045235545223,6.980270296833843,MEDIUM,MEDIUM,LOW,LOW,LOW,HIGH,HIGH
67.12668546464784,-0.7737105143248224,0.8735559501766967,581.9954165371344,6.5570824787119575,MEDIUM,LOW,LOW,LOW,LOW,MEDIUM,MEDIUM
25.186615762407584,2.915274550638545,2.370221231715075,343.67415570715264,4.654656316559115,LOW,LOW,LOW,LOW,LOW,LOW,LOW
47.38134076406314,4.624026677804508,-2.4339756149248073,168.58377562001655,8.979591331689171,LOW,LOW,LOW,LOW,LOW,LOW,LOW
18.103854031314157,1.4979423103651426,-1.6357675569650865,284.26712906712777,4.688643598133898,LOW,LOW,LOW,LOW,LOW,LOW,LOW
68.91266934306019,0.41415261579670154,5.724608471046964,303.19347496751993,3.191088717018485,MEDIUM,LOW,MEDIUM,LOW,LOW,HIGH,HIGH
49.0377138038274,-8.136995438043693,-4.968996925876491,442.52866532356416,21.300412334940138,LOW,MEDIUM,LOW,LOW,MEDIUM,MEDIUM,HIGH
65.92263571537278,-8.509534496618741,-21.18465104435969,72.34569329469679,58.72323353236692,MEDIUM,MEDIUM,CRITICAL,MEDIUM,CRITICAL,CRITICAL,CRITICAL
58.68930483810661,1.686867732012388,-0.2386172479687664,43.70014550826508,3.4417824226147635,MEDIUM,LOW,LOW,HIGH,LOW,HIGH,HIGH
47.81700507063783,3.672125874719945,2.7482682785444785,480.20267939552093,22.48989738211824,LOW,LOW,LOW,LOW,MEDIUM,LOW,MEDIUM
88.81462820197434,-0.023998151366895402,13.074438996919687,60.60208205992647,60.0,CRITICAL,LOW,HIGH,MEDIUM,CRITICAL,CRITICAL,CRITICAL
9.323525101900074,0.7706061305920987,1.461576967700563,342.9508192203033,4.041081220017237,LOW,LOW,LOW,LOW,LOW,LOW,LOW
38.10873870861015,21.20600457492164,4.928095025037609,16.235752944881845,5.810846671803928,LOW,CRITICAL,LOW,CRITICAL,LOW,CRITICAL,CRITICAL
51.85819595538771,-2.8245144487444214,-1.4061475049944188,300.31800889103346,5.465774092208406,MEDIUM,LOW,LOW,LOW,LOW,MEDIUM,MEDIUM
67.85192403177865,-0.5806048919880673,-13.18847069438231,31.47908385971959,60.0,MEDIUM,LOW,HIGH,HIGH,CRITICAL,CRITICAL,CRITICAL
30.325380752662532,7.19392034855247,2.211620914397926,181.41343887614443,16.27848247511094,LOW,MEDIUM,LOW,LOW,MEDIUM,MEDIUM,HIGH
78.61257649719981,9.225094967951573,13.017932881873298,12.217999204841886,14.592849189185559,HIGH,MEDIUM,HIGH,CRITICAL,LOW,CRITICAL,CRITICAL
72.25133444362658,1.508135351312052,-3.784119305403844,433.96024415116506,6.62755607068177,HIGH,LOW,LOW,LOW,LOW,HIGH,HIGH
89.99683979932982,-8.823490130062108,10.370980616383637,34.945980122939,1.254470648407962,CRITICAL,MEDIUM,HIGH,HIGH,LOW,CRITICAL,CRITICAL
34.20015700167091,-3.6962512293642615,-5.0140240494870465,311.30812914578877,9.92594769720496,LOW,LOW,MEDIUM,LOW,LOW,MEDIUM,MEDIUM
55.53989997748959,5.260376040431216,5.138362874740556,375.8776357595453,6.8322530012270235,MEDIUM,MEDIUM,MEDIUM,LOW,LOW,HIGH,HIGH
91.84901102284829,10.877113841041233,0.3657169670475464,26.342271310236647,10.961248804411433,CRITICAL,HIGH,LOW,HIGH,LOW,CRITICAL,CRITICAL
40.27100499125616,1.0722017103590131,2.8606975605122336,340.79863525723204,7.431407761996537,LOW,LOW,LOW,LOW,LOW,LOW,LOW
47.149594575000066,-2.9182520629504647,-7.107302646304099,149.87990615580043,2.9000969661222378,LOW,LOW,MEDIUM,LOW,LOW,MEDIUM,MEDIUM
52.0971817990168,-2.81164575215827,-0.9512281497037588,433.95763173421705,10.959713634865276,MEDIUM,LOW,LOW,LOW,LOW,MEDIUM,MEDIUM
28.807007217509415,-4.472241711927311,4.654103438505305,335.4868144790342,13.319030222219281,LOW,LOW,LOW,LOW,LOW,LOW,LOW
11.703330788222237,-5.598726018930745,-0.9974785006899249,140.65232294877165,5.1039883871187826,LOW,MEDIUM,LOW,LOW,LOW,MEDIUM,MEDIUM
45.48594320525368,2.7386449221749807,4.279653741643887,481.4510874752536,8.89160459919424,LOW,LOW,LOW,LOW,LOW,LOW,LOW
100.0,3.9865643073979555,-23.55946977406769,14.647255813141538,29.182313602589677,CRITICAL,LOW,CRITICAL,CRITICAL,MEDIUM,CRITICAL,CRITICAL
60.725998317203114,-0.32426842174166853,6.978335480300996,504.7700410641424,11.340685503743735,MEDIUM,LOW,MEDIUM,LOW,LOW,HIGH,HIGH
61.295710668087565,5.649522684370805,0.2541602020093468,101.28135635296015,1.3615660835613,MEDIUM,MEDIUM,LOW,LOW,LOW,HIGH,HIGH
56.192946349744716,24.974916332824773,20.177909489016187,6.945054687922772,11.086807979533123,MEDIUM,CRITICAL,CRITICAL,CRITICAL,LOW,CRITICAL,CRITICAL
86.06900350256481,7.135563081392606,9.740466859359186,66.41336086968487,26.92880776762361,CRITICAL,MEDIUM,MEDIUM,MEDIUM,MEDIUM,CRITICAL,CRITICAL
19.340949683452287,-1.572360802805846,-6.271953062241069,81.35679139892133,2.787608221498701,LOW,LOW,MEDIUM,MEDIUM,LOW,HIGH,HIGH
31.16716641852559,0.8180640112449038,-1.9811842835242766,262.27567412288613,2.711575987005877,LOW,LOW,LOW,LOW,LOW,LOW,LOW
58.413491617514026,-3.065290099125705,-1.0581835948188887,415.8367974967248,28.279439080279847,MEDIUM,LOW,LOW,LOW,MEDIUM,MEDIUM,HIGH
47.37142313800215,-0.009223149483309115,-0.04658219533664888,393.2206095899352,10.083533142967385,LOW,LOW,LOW,LOW,LOW,LOW,LOW
13.140107728115467,1.654465030286722,8.542346920309464,400.7661594576817,22.55631481113733,LOW,LOW,MEDIUM,LOW,MEDIUM,MEDIUM,HIGH
35.561817757058364,-0.667351645619043,-4.7560882369039374,652.0021558541904,3.392701568469435,LOW,LOW,LOW,LOW,LOW,LOW,LOW
58.08229658526083,1.2961457708261332,3.2964115874228233,320.4531057100807,17.284633297841346,MEDIUM,LOW,LOW,LOW,MEDIUM,MEDIUM,HIGH
45.131826639481076,-6.096587628184061,2.856945930775713,274.00221338879606,12.497098746831607,LOW,MEDIUM,LOW,LOW,LOW,MEDIUM,MEDIUM
55.21950741489251,9.62397457177106,-1.0625305749961524,34.13545484850642,15.648762047234705,MEDIUM,MEDIUM,LOW,HIGH,MEDIUM,HIGH,HIGH
71.39637742259335,19.58919130099623,18.469708149727804,175.53782553376416,54.03139574044599,HIGH,CRITICAL,CRITICAL,LOW,CRITICAL,CRITICAL,CRITICAL
30.76570758346983,-3.627611498888243,-9.401823410497444,651.1162763417353,3.2471606021526305,LOW,LOW,MEDIUM,LOW,LOW,MEDIUM,MEDIUM
43.1020113037941,-2.4798227892544724,-2.3424873406629114,93.65796590157119,4.9023105331932015,LOW,LOW,LOW,MEDIUM,LOW,MEDIUM,MEDIUM
32.43891412026763,-8.427556458504323,-5.695832448790427,382.135250549686,0.7104473601779516,LOW,MEDIUM,MEDIUM,LOW,LOW,HIGH,HIGH
48.33937695680912,40.0,-1.3355148912636836,81.83496317837553,11.237652136825456,LOW,CRITICAL,LOW,MEDIUM,LOW,CRITICAL,CRITICAL
53.35706427605223,-0.02909037999882624,-4.50589249898623,194.50412604877397,5.058296237195705,MEDIUM,LOW,LOW,LOW,LOW,MEDIUM,MEDIUM
27.720036786312853,0.43633188139932744,1.5438803702755035,138.20391009799044,14.511027566383735,LOW,LOW,LOW,LOW,LOW,LOW,LOW
43.13133952003059,-1.132949345945249,-1.4478353128774755,20.832706762743708,60.0,LOW,LOW,LOW,HIGH,CRITICAL,HIGH,CRITICAL
59.68408639729982,0.1671149225394313,-3.69068082217514,93.07941228236449,23.05012504349703,MEDIUM,LOW,LOW,MEDIUM,MEDIUM,HIGH,HIGH
83.57232636097798,10.370589299043502,1.524822880314666,176.24617434036796,9.005116021838266,HIGH,HIGH,LOW,LOW,LOW,CRITICAL,CRITICAL
33.677007051421185,6.773302542961529,0.12270070428283641,212.59714639127975,7.3678158514087775,LOW,MEDIUM,LOW,LOW,LOW,MEDIUM,MEDIUM
35.72759326974559,3.594046818206258,-3.30333109295219,682.3512657078645,26.37524923323143,LOW,LOW,LOW,LOW,MEDIUM,LOW,MEDIUM
48.85126197992681,-7.935986732587818,-0.1820074215211461,208.7584302373099,12.536539680188554,LOW,MEDIUM,LOW,LOW,LOW,MEDIUM,MEDIUM
82.36316889001303,9.33279036839647,-16.199107654335275,44.000747152365385,15.633274502369467,HIGH,MEDIUM,CRITICAL,HIGH,MEDIUM,CRITICAL,CRITICAL
84.91830708407339,-10.268748933495912,-3.609911472387584,48.75314630840894,12.610483717178875,HIGH,HIGH,LOW,HIGH,LOW,CRITICAL,CRITICAL
42.164785534762885,6.767339350098334,6.180950851054744,61.86731192998239,0.7850691078985418,LOW,MEDIUM,MEDIUM,MEDIUM,LOW,HIGH,HIGH
60.1625960253047,14.116220750281936,-4.977945799555463,430.96889847077176,3.829110531268925,MEDIUM,HIGH,LOW,LOW,LOW,HIGH,HIGH
36.91814543134934,-1.6459649648851213,2.165776397558948,155.97694499271438,4.097708092648697,LOW,LOW,LOW,LOW,LOW,LOW,LOW
92.04253619721366,0.7700411044672447,5.06921967481728,157.0029786395229,15.503502259788657,CRITICAL,LOW,MEDIUM,LOW,MEDIUM,CRITICAL,CRITICAL
54.04708861669514,-5.011866081786701,-10.31536216654145,81.24632773121898,11.023835483159381,MEDIUM,MEDIUM,HIGH,MEDIUM,LOW,HIGH,HIGH
34.70191870269347,4.6535042206542006,4.275169285577169,118.52005282703115,2.5199140213357847,LOW,LOW,LOW,LOW,LOW,LOW,LOW
83.40754439033526,-1.6376902921232712,0.9226317008334279,478.61552438939043,9.32965363034629,HIGH,LOW,LOW,LOW,LOW,HIGH,HIGH
51.4852907130051,-2.868727602889886,-8.129415057193539,112.11995842801082,7.461799205977972,MEDIUM,LOW,MEDIUM,LOW,LOW,HIGH,HIGH
54.640789760953425,22.246080622820173,-1.6911110867857535,29.87623767726167,25.51745094599454,MEDIUM,CRITICAL,LOW,HIGH,MEDIUM,CRITICAL,CRITICAL
74.82604041635975,-4.017890601073984,13.80584460040022,146.04186176406557,15.937943980263503,HIGH,LOW,HIGH,LOW,MEDIUM,CRITICAL,CRITICAL
51.58003320495578,18.088750851179718,-15.415675144652937,123.55126463569674,4.534020559668226,MEDIUM,CRITICAL,CRITICAL,LOW,LOW,CRITICAL,CRITICAL
61.24717818991102,-2.553212965723535,-0.9678060986311325,531.7919894072746,1.8642696937456804,MEDIUM,LOW,LOW,LOW,LOW,MEDIUM,MEDIUM
23.025378808426666,-2.6738196434127106,-3.992378511076141,34.22872649195018,7.920747771766369,LOW,LOW,LOW,HIGH,LOW,HIGH,HIGH
72.09133676755442,0.0158451236983504,-2.365775278157757,488.60404768352737,8.308199871871638,HIGH,LOW,LOW,LOW,LOW,HIGH,HIGH
61.75021912601284,0.9283785517141488,1.995532779072851,288.413242797097,8.579142952406952,MEDIUM,LOW,LOW,LOW,LOW,MEDIUM,MEDIUM
84.67461668291571,-6.715894353809527,-0.36303194070504613,117.06059587505402,9.45835456714017,HIGH,MEDIUM,LOW,LOW,LOW,HIGH,HIGH
74.07224024506228,1.656356073633372,-8.322490673546223,97.29390738429056,48.21160198828511,HIGH,LOW,MEDIUM,MEDIUM,CRITICAL,HIGH,CRITICAL
75.43977312320462,-10.050668500728968,20.510485852235558,83.36916404427743,7.499111508610502,HIGH,HIGH,CRITICAL,MEDIUM,LOW,CRITICAL,CRITICAL
98.56999382524766,5.478726131824714,-10.021891258350088,0.43691106352031034,17.84118330928432,CRITICAL,MEDIUM,HIGH,CRITICAL,MEDIUM,CRITICAL,CRITICAL
34.92418816112884,1.6426958930991944,-5.513497889282752,260.0656274397531,6.968784347247537,LOW,LOW,MEDIUM,LOW,LOW,MEDIUM,MEDIUM
85.58538015302096,13.47283236973197,11.35065787865567,37.24748525420771,41.62354996487399,CRITICAL,HIGH,HIGH,HIGH,HIGH,CRITICAL,CRITICAL
88.84256979796096,-7.3834468629546794,-0.06127958432670023,0.9747709854461797,28.082306797369732,CRITICAL,MEDIUM,LOW,CRITICAL,MEDIUM,CRITICAL,CRITICAL
89.13333148158677,-24.887533473182817,8.57694779866734,151.65023805895467,18.405218917291858,CRITICAL,CRITICAL,MEDIUM,LOW,MEDIUM,CRITICAL,CRITICAL
69.11872591678737,5.4138145904848125,5.386286650441185,609.8606574499229,9.243006377005665,MEDIUM,MEDIUM,MEDIUM,LOW,LOW,HIGH,HIGH
45.4827763055526,1.7512950649742898,1.3021832612882875,753.905829590549,28.049084585100786,LOW,LOW,LOW,LOW,MEDIUM,LOW,MEDIUM
20.61761594700251,0.4299428733256754,-1.7232704095527833,290.2247455986448,9.432864373703861,LOW,LOW,LOW,LOW,LOW,LOW,LOW
54.17505484986952,4.515065244058666,-16.3692719258203,18.79266895872117,14.742758401701701,MEDIUM,LOW,CRITICAL,CRITICAL,LOW,CRITICAL,CRITICAL
69.08033943542709,4.89574537695156,-6.2856799933532015,182.17317622724232,3.5419658742793465,MEDIUM,LOW,MEDIUM,LOW,LOW,HIGH,HIGH
56.49582714858599,-1.6555797690994276,1.8431889744638699,75.97982270928605,13.304285449906693,MEDIUM,LOW,LOW,MEDIUM,LOW,HIGH,HIGH
36.67336158107475,-7.6362254014045385,3.0782605751240295,551.3086307799044,1.776027637310924,LOW,MEDIUM,LOW,LOW,LOW,MEDIUM,MEDIUM
60.7507356233014,1.2986329420100733,0.5719625392368659,39.31808863998202,5.814989894813381,MEDIUM,LOW,LOW,HIGH,LOW,HIGH,HIGH
44.58923519394384,3.9361658116179203,6.917158702895908,437.42885144371945,22.024462044923784,LOW,LOW,MEDIUM,LOW,MEDIUM,MEDIUM,HIGH
48.543354693963494,-3.756622279082727,-1.5375495063716846,312.96194113810907,21.98548496225086,LOW,LOW,LOW,LOW,MEDIUM,LOW,MEDIUM
13.788892119135326,3.501160213666115,5.36809100397299,561.7682787743057,3.5826836062604595,LOW,LOW,MEDIUM,LOW,LOW,MEDIUM,MEDIUM
57.01052921318365,8.239380006949608,2.2348953477779414,321.8340722978315,9.612019732668628,MEDIUM,MEDIUM,LOW,LOW,LOW,HIGH,HIGH
97.38244431022734,-8.355608633619983,-13.294233834678131,64.73480442579874,23.763340358511723,CRITICAL,MEDIUM,HIGH,MEDIUM,MEDIUM,CRITICAL,CRITICAL
16.708069440734615,7.077349293602498,0.7980293057555536,709.5104904112368,2.84855159007476,LOW,MEDIUM,LOW,LOW,LOW,MEDIUM,MEDIUM
87.15246701532458,-24.02446547634964,32.52953158848639,33.7797928764695,20.741841166031474,CRITICAL,CRITICAL,CRITICAL,HIGH,MEDIUM,CRITICAL,CRITICAL
41.69972958510489,-0.5096274895598389,0.4105821141586572,296.39669187968724,11.874818836234038,LOW,LOW,LOW,LOW,LOW,LOW,LOW
39.1855525100513,0.7009807761302432,-7.726495908707501,547.3777032755386,0.6503245707100043,LOW,LOW,MEDIUM,LOW,LOW,MEDIUM,MEDIUM
98.65334966744288,-13.282481733752002,12.735075102145416,60.563225836459786,15.892951213553202,CRITICAL,HIGH,HIGH,MEDIUM,MEDIUM,CRITICAL,CRITICAL
32.39260521739963,2.7489538015811537,-1.7431589184945437,198.53908745677847,4.803737367425395,LOW,LOW,LOW,LOW,LOW,LOW,LOW
44.33090201725498,2.3202915763102148,0.3652046842386737,590.5487246215738,7.765980098645123,LOW,LOW,LOW,LOW,LOW,LOW,LOW
43.88482005362214,-0.7382057687437785,2.369318188053373,367.8764866912429,5.21422354789536,LOW,LOW,LOW,LOW,LOW,LOW,LOW
84.29059271255484,5.7538628402850085,6.3274384763033975,49.87901979778712,0.4292355645562098,HIGH,MEDIUM,MEDIUM,HIGH,LOW,CRITICAL,CRITICAL
50.933982521444136,-2.005877693433895,0.02148151534401237,265.50833076161445,21.067200568881965,MEDIUM,LOW,LOW,LOW,MEDIUM,MEDIUM,HIGH
65.49584117781657,-2.9509468187393635,2.7462709870127044,483.3932805228115,3.2026290958505514,MEDIUM,LOW,LOW,LOW,LOW,MEDIUM,MEDIUM
54.906899285273255,-8.13872669077869,-1.4504113347187808,210.04403768812602,16.855789346140515,MEDIUM,MEDIUM,LOW,LOW,MEDIUM,HIGH,HIGH
49.083550879910824,-0.22908164328840908,2.1922676988286818,108.89191402484144,3.693958293840656,LOW,LOW,LOW,LOW,LOW,LOW,LOW
43.26004391517699,0.49616723108808575,7.587556624660281,279.85748438608,12.329612093887414,LOW,LOW,MEDIUM,LOW,LOW,MEDIUM,MEDIUM
42.473704319566785,2.4145829558429543,5.498445070306218,414.7425525835378,17.125821359882487,LOW,LOW,MEDIUM,LOW,MEDIUM,MEDIUM,HIGH
30.528153935554716,-3.03392639649924,-1.7822076140477079,247.87451499072083,11.903606486434468,LOW,LOW,LOW,LOW,LOW,LOW,LOW
45.64546459981922,2.7474316440490245,-8.261211100162441,731.8936353194367,5.748917153510304,LOW,LOW,MEDIUM,LOW,LOW,MEDIUM,MEDIUM
14.624401294857405,8.350983943500578,-1.7053072594730418,307.88043730161866,13.903920509452195,LOW,MEDIUM,LOW,LOW,LOW,MEDIUM,MEDIUM
100.0,-20.708744257008732,1.675820090590759,28.052941255812208,22.6379665096075,CRITICAL,CRITICAL,LOW,HIGH,MEDIUM,CRITICAL,CRITICAL
18.84491096405196,0.6272920643927727,1.1249219688744165,618.1278937005768,2.017119138678423,LOW,LOW,LOW,LOW,LOW,LOW,LOW
62.3204065007508,-5.510305520258667,6.800539641599749,663.1397453546812,7.8619711539441814,MEDIUM,MEDIUM,MEDIUM,LOW,LOW,HIGH,HIGH
54.93841832985489,-24.3488721304192,13.280525091447808,78.41005788937593,2.4702905305640783,MEDIUM,CRITICAL,HIGH,MEDIUM,LOW,CRITICAL,CRITICAL
44.81934670560103,-4.4830706027849985,-0.22958985514717498,340.855858048484,8.349765026232266,LOW,LOW,LOW,LOW,LOW,LOW,LOW
54.933944732394295,3.234651061989149,-0.7767189490514582,577.1540808793455,11.987425511098298,MEDIUM,LOW,LOW,LOW,LOW,MEDIUM,MEDIUM
70.37305664136484,3.885735188909444,-11.197272926245311,31.595703243063504,10.055831299310059,HIGH,LOW,HIGH,HIGH,LOW,CRITICAL,CRITICAL
59.631184424921216,-9.004566788378426,8.387436860609053,82.81118143945304,13.663813870982304,MEDIUM,MEDIUM,MEDIUM,MEDIUM,LOW,HIGH,HIGH
16.239766709845515,-5.884505621494072,1.34511155699025,217.3347149925145,15.773670319753286,LOW,MEDIUM,LOW,LOW,MEDIUM,MEDIUM,HIGH
92.4025278765098,6.114255777907691,4.8144859617959455,9.792973102884549,34.07014535708437,CRITICAL,MEDIUM,LOW,CRITICAL,HIGH,CRITICAL,CRITICAL
72.29657680968896,8.420645523889672,-4.8392487882316475,485.80562595872595,7.086414631669832,HIGH,MEDIUM,LOW,LOW,LOW,HIGH,HIGH
74.7545047865403,0.04752173807116776,1.5463449196207688,594.6735678856651,6.477955663904941,HIGH,LOW,LOW,LOW,LOW,HIGH,HIGH
35.15063893800443,1.7338626002225597,-8.022304691678963,507.12791616358237,34.019164482649394,LOW,LOW,MEDIUM,LOW,HIGH,MEDIUM,HIGH
91.2893167468956,-3.161294487064586,17.237154234706402,64.61533288851008,12.86919820016884,CRITICAL,LOW,CRITICAL,MEDIUM,LOW,CRITICAL,CRITICAL
43.76111136973064,3.0798749253408904,-3.099851296255939,596.2569626266817,26.85513055721342,LOW,LOW,LOW,LOW,MEDIUM,LOW,MEDIUM
44.41283959547487,4.359148056816668,4.290082856709086,337.5118939507407,25.791862105999197,LOW,LOW,LOW,LOW,MEDIUM,LOW,MEDIUM
0.6862658813695321,-2.5669085746085174,-2.503664070738408,173.91411114911406,8.098736399054392,LOW,LOW,LOW,LOW,LOW,LOW,LOW
38.71554831718148,4.114441245213512,-2.975437556491663,143.47852706216074,3.593090863544193,LOW,LOW,LOW,LOW,LOW,LOW,LOW
38.149535774651305,1.3559740552376787,1.8249979541141317,0.0,15.422258686753537,LOW,LOW,LOW,CRITICAL,MEDIUM,CRITICAL,CRITICAL
66.54552051365631,-0.16752021986027624,-0.3746492995571113,219.45613820519867,4.9298614398090095,MEDIUM,LOW,LOW,LOW,LOW,MEDIUM,MEDIUM
48.3589031091991,-7.786101145435457,-4.471710432146959,627.0554960314834,3.026378838631691,LOW,MEDIUM,LOW,LOW,LOW,MEDIUM,MEDIUM
63.65142417154387,-1.6882875403587838,0.14599972730463967,322.8314089680813,3.5771226031011203,MEDIUM,LOW,LOW,LOW,LOW,MEDIUM,MEDIUM
38.16799415625389,0.9798283726880157,1.8985339422671685,477.36652795543154,17.031932635751623,LOW,LOW,LOW,LOW,MEDIUM,LOW,MEDIUM
51.12203869167534,0.2637503737119479,-6.109275949671126,670.9887458712507,31.49621711558921,MEDIUM,LOW,MEDIUM,LOW,HIGH,HIGH,HIGH
48.62703107333623,1.2056282791244697,-0.1463201595073832,37.1951691476301,7.44315861167681,LOW,LOW,LOW,HIGH,LOW,HIGH,HIGH
63.160118288132956,-1.6493867736936294,-2.4052018580469308,216.13110464699034,10.908000052040663,MEDIUM,LOW,LOW,LOW,LOW,MEDIUM,MEDIUM
60.20101907959067,-18.026473971142863,-10.805381536536322,81.02729081584755,49.996294083257276,MEDIUM,CRITICAL,HIGH,MEDIUM,CRITICAL,CRITICAL,CRITICAL
37.45696869493566,4.715463748147756,5.244649186414466,505.53259678501047,9.347654484360039,LOW,LOW,MEDIUM,LOW,LOW,MEDIUM,MEDIUM
41.534106947386526,-5.113050517030301,-1.1472216373341562,238.9259223421213,2.455771511001608,LOW,MEDIUM,LOW,LOW,LOW,MEDIUM,MEDIUM
60.57018790973943,3.0568528133554214,6.911855341527061,265.517636043192,1.9776773183907694,MEDIUM,LOW,MEDIUM,LOW,LOW,HIGH,HIGH
37.417653668332335,7.926097068330677,-1.7779101327641091,566.9211931306011,8.251111134716428,LOW,MEDIUM,LOW,LOW,LOW,MEDIUM,MEDIUM
53.586679592326526,1.5881866795295996,3.726663867472379,421.16726261341984,5.598249633055956,MEDIUM,LOW,LOW,LOW,LOW,MEDIUM,MEDIUM
33.06016634986869,2.12666238375438,1.8263993947940076,388.44101594406413,6.169801439389124,LOW,LOW,LOW,LOW,LOW,LOW,LOW
64.2419245325847,0.31202967391543,-5.231106260590643,287.8812625725458,7.603394359969982,MEDIUM,LOW,MEDIUM,LOW,LOW,HIGH,HIGH
17.46346865734364,2.2700538451584533,2.3809110873368087,603.313947176226,10.090298129782564,LOW,LOW,LOW,LOW,LOW,LOW,LOW
43.352038153470964,-0.7363474680636776,-3.088769551217517,649.8085784635749,5.286472141697326,LOW,LOW,LOW,LOW,LOW,LOW,LOW
55.49196370343553,2.686969928767491,-6.860479818778783,463.43232662572046,6.0431793352111285,MEDIUM,LOW,MEDIUM,LOW,LOW,HIGH,HIGH
51.0000000842035,2.5321469050021044,0.2770795247035005,211.25826745275023,19.899609188851,MEDIUM,LOW,LOW,LOW,MEDIUM,MEDIUM,HIGH
44.701224055504035,-0.9915204763146521,-1.7132730311910227,348.1162767705087,2.386404919912619,LOW,LOW,LOW,LOW,LOW,LOW,LOW
60.4377065419195,-3.46003857204337,-2.069386291757113,93.68110705471787,4.731538950445203,MEDIUM,LOW,LOW,MEDIUM,LOW,HIGH,HIGH
45.59570732579452,-5.691507631246218,1.8450883372713247,183.6156799465324,4.927395000143897,LOW,MEDIUM,LOW,LOW,LOW,MEDIUM,MEDIUM
49.409240819147435,0.6367084636903241,-2.782876497868343,386.20222256627466,1.0787359469088806,LOW,LOW,LOW,LOW,LOW,LOW,LOW
46.367522199996586,3.152816563188747,-7.122502691629957,620.4921787350058,13.10936516722034,LOW,LOW,MEDIUM,LOW,LOW,MEDIUM,MEDIUM
66.28919799087781,5.611524292293996,4.895965526997162,20.932717203203307,9.4810540601619,MEDIUM,MEDIUM,LOW,HIGH,LOW,HIGH,HIGH
60.32437146599922,4.189987659503962,-3.7828863500738907,202.19125252483943,11.093449751517596,MEDIUM,LOW,LOW,LOW,LOW,MEDIUM,MEDIUM
35.748369577204386,-5.391983137468675,-2.422719999743192,344.23237327751235,2.254822775326774,LOW,MEDIUM,LOW,LOW,LOW,MEDIUM,MEDIUM
54.269740037381816,-14.111919344158869,4.318247577059951,20.94006857814403,16.03744452864428,MEDIUM,HIGH,LOW,HIGH,MEDIUM,CRITICAL,CRITICAL
86.18424131944384,5.1545905097681155,10.054445012013472,41.81125701544763,20.293365486320084,CRITICAL,MEDIUM,HIGH,HIGH,MEDIUM,CRITICAL,CRITICAL
70.95482722285753,0.10628785361722545,3.574368162525843,252.62829737364808,0.48511043612971294,HIGH,LOW,LOW,LOW,LOW,HIGH,HIGH
41.61759864998046,1.182046766361355,-2.2351832755398293,293.82705223050806,5.4720648338548274,LOW,LOW,LOW,LOW,LOW,LOW,LOW
63.70642678032528,0.31518164156818496,-27.330751282189013,4.4366998313738595,9.516245364227302,MEDIUM,LOW,CRITICAL,CRITICAL,LOW,CRITICAL,CRITICAL
37.49608475119987,-1.6859461434060747,-12.864228797028545,450.3506877860907,6.810963864569661,LOW,LOW,HIGH,LOW,LOW,HIGH,HIGH
70.88540689222155,0.48737785652981586,3.013669893684371,367.9687367179582,3.98920888889785,HIGH,LOW,LOW,LOW,LOW,HIGH,HIGH
11.371260982366305,-6.1253624558326685,3.15248721877385,378.7713038897714,2.1507757745976375,LOW,MEDIUM,LOW,LOW,LOW,MEDIUM,MEDIUM
48.25811906292601,-1.8590688956469108,-4.708905669804842,434.33722907829247,24.293897259562364,LOW,LOW,LOW,LOW,MEDIUM,LOW,MEDIUM
41.28989419462265,-6.490993621290059,-3.8183825971557246,459.97358196439575,8.303297566915257,LOW,MEDIUM,LOW,LOW,LOW,MEDIUM,MEDIUM
43.903390469865926,-3.1630836763414147,4.063748894254225,277.39164572563715,1.5154439564093167,LOW,LOW,LOW,LOW,LOW,LOW,LOW
14.257882714954786,-5.000102131136196,1.4868769547601726,118.60918585497758,1.9357327711180525,LOW,MEDIUM,LOW,LOW,LOW,MEDIUM,MEDIUM
33.95904519797229,-1.2437500654043754,2.4395201887616755,342.8132365927945,13.27681276030935,LOW,LOW,LOW,LOW,LOW,LOW,LOW
65.23702657670144,7.715375856087026,0.18611386373483452,563.0874305319398,9.367017257846062,MEDIUM,MEDIUM,LOW,LOW,LOW,HIGH,HIGH
50.131590594756275,7.669036593704492,-6.102286832244335,142.25059073968254,13.82642638881382,MEDIUM,MEDIUM,MEDIUM,LOW,LOW,HIGH,HIGH
48.96435315229876,-1.437995106581672,4.772414693329072,324.7490539956737,4.590846139309183,LOW,LOW,LOW,LOW,LOW,LOW,LOW
59.58665996877015,3.49114965787844,1.4520171392243075,40.206046227115465,5.370140692183769,MEDIUM,LOW,LOW,HIGH,LOW,HIGH,HIGH
52.95000200411909,0.7221072533691827,17.6361671664446,13.67935499569162,13.543832942668265,MEDIUM,LOW,CRITICAL,CRITICAL,LOW,CRITICAL,CRITICAL
67.2561586530556,-0.16993649017128198,-9.430767576172359,131.5933873553753,3.7125066400134688,MEDIUM,LOW,MEDIUM,LOW,LOW,HIGH,HIGH
62.83839691883678,2.6689805897169676,-0.1128715157489191,595.578723950756,12.121248433700536,MEDIUM,LOW,LOW,LOW,LOW,MEDIUM,MEDIUM
32.65716147722352,1.4836351625411477,-0.9331542469855735,425.8375629618385,13.392736099533968,LOW,LOW,LOW,LOW,LOW,LOW,LOW
32.30253295696639,2.431790268023016,-3.021995532535797,331.64240217313795,20.047656615742632,LOW,LOW,LOW,LOW,MEDIUM,LOW,MEDIUM
35.087486462847814,3.8062295109219995,-6.773996363340291,154.72182027025883,5.344803309563181,LOW,LOW,MEDIUM,LOW,LOW,MEDIUM,MEDIUM
49.58498352963894,-2.9250182752518277,-3.590637541100216,235.2522617314979,5.286922929341722,LOW,LOW,LOW,LOW,LOW,LOW,LOW
44.26755246099445,-8.122570282904414,0.047703923085904903,292.2656500457795,2.9391662341153184,LOW,MEDIUM,LOW,LOW,LOW,MEDIUM,MEDIUM
47.441949271498686,5.98012123894335,-5.2518741197890915,420.91554065559245,3.469109980661538,LOW,MEDIUM,MEDIUM,LOW,LOW,HIGH,HIGH
37.43049386566148,0.43513345541586346,-6.155189508635998,466.5115815282856,7.899532047032462,LOW,LOW,MEDIUM,LOW,LOW,MEDIUM,MEDIUM
61.52606792679313,1.9679739473459845,-6.425027153607832,421.09243465819526,15.937740910804008,MEDIUM,LOW,MEDIUM,LOW,MEDIUM,HIGH,HIGH
32.19900788941332,2.8478298668690605,-3.8762042061503323,308.00888303169154,20.390415573326564,LOW,LOW,LOW,LOW,MEDIUM,LOW,MEDIUM
28.535835265864097,-1.4465124374901825,5.742283972654493,20.886941448446663,0.5858965798405509,LOW,LOW,MEDIUM,HIGH,LOW,HIGH,HIGH
46.3409291839742,0.8750589471390834,5.188996800744214,32.22283444537278,5.135671772680956,LOW,LOW,MEDIUM,HIGH,LOW,HIGH,HIGH
94.86696024700673,-5.382847694581251,-0.7606782244177293,49.980793987831035,29.578414138791672,CRITICAL,MEDIUM,LOW,HIGH,MEDIUM,CRITICAL,CRITICAL
67.79928008871448,-8.543199394939222,3.0391489478123086,198.88503955682168,19.176545054730237,MEDIUM,MEDIUM,LOW,LOW,MEDIUM,HIGH,HIGH
47.130667182458176,2.7972015988716006,-3.6969280612767745,246.89194575552068,16.38832942250871,LOW,LOW,LOW,LOW,MEDIUM,LOW,MEDIUM
74.92668893181417,-0.5776351371008457,8.996945705260172,20.83055467374538,3.48261429563127,HIGH,LOW,MEDIUM,HIGH,LOW,CRITICAL,CRITICAL
32.42249075424071,-2.9699471110783993,-0.8581506580718545,0.0,3.8537534408339096,LOW,LOW,LOW,CRITICAL,LOW,CRITICAL,CRITICAL
31.862777630305605,3.753661687156457,3.0361307074688746,673.5920913039245,5.579766343703511,LOW,LOW,LOW,LOW,LOW,LOW,LOW
37.501913543837226,2.1721291171586095,-0.9355912018143758,314.70322207815116,10.10435266408001,LOW,LOW,LOW,LOW,LOW,LOW,LOW
36.04509617368602,2.8158632205145064,3.235281609111399,639.4137806254844,14.268467796919143,LOW,LOW,LOW,LOW,LOW,LOW,LOW
60.474806618627625,-5.635676410762098,1.779583580039537,503.12949100291644,14.168007875015702,MEDIUM,MEDIUM,LOW,LOW,LOW,HIGH,HIGH
28.30057748828053,-0.7817674951715378,2.185326824007005,346.35685016642367,2.8620635692781793,LOW,LOW,LOW,LOW,LOW,LOW,LOW
34.09838793249236,-3.5104694274516204,1.3308773183407516,110.03335847410247,5.935284486135137,LOW,LOW,LOW,LOW,LOW,LOW,LOW
49.99845802485033,2.197718029743054,-2.640112595642972,166.96088260138794,4.679206980870726,LOW,LOW,LOW,LOW,LOW,LOW,LOW
42.41937961101791,5.752676804582808,0.6609602002597008,352.25393557936155,22.38562897145577,LOW,MEDIUM,LOW,LOW,MEDIUM,MEDIUM,HIGH
23.529677294183593,6.302418236622934,-3.4538289487535736,362.40085101011385,12.546451652205047,LOW,MEDIUM,LOW,LOW,LOW,MEDIUM,MEDIUM
38.93764260781046,0.007179491512428341,0.4708296738438324,49.082970800929935,10.953236407032435,LOW,LOW,LOW,HIGH,LOW,HIGH,HIGH
55.641164708799074,-0.5622139420097267,-2.524964544962802,457.9011235379067,9.925657787808191,MEDIUM,LOW,LOW,LOW,LOW,MEDIUM,MEDIUM
60.421978216390656,9.534554344623306,9.913318040326443,98.13935024572149,21.990461097401056,MEDIUM,MEDIUM,MEDIUM,MEDIUM,MEDIUM,HIGH,HIGH
49.75428010476173,-2.129046904686303,2.8165193921971032,493.45384319178646,22.334925850992867,LOW,LOW,LOW,LOW,MEDIUM,LOW,MEDIUM
23.890598347613963,-5.192415614748631,5.256906302814317,478.38792514337763,2.7100129804651027,LOW,MEDIUM,MEDIUM,LOW,LOW,HIGH,HIGH
54.109335226525396,-0.48607871280095205,5.834725349834893,627.0231275459748,8.665508943380505,MEDIUM,LOW,MEDIUM,LOW,LOW,HIGH,HIGH
58.3701585240787,-0.8174229065825933,-1.1617659280445976,429.9461307957063,13.465072165657261,MEDIUM,LOW,LOW,LOW,LOW,MEDIUM,MEDIUM
54.03710154423545,-2.5471804061982284,1.392427258858843,549.1136308622986,5.681752310478889,MEDIUM,LOW,LOW,LOW,LOW,MEDIUM,MEDIUM
46.61975881087843,10.427436652599079,0.7736254687588678,360.74453850435253,7.995277259246603,LOW,HIGH,LOW,LOW,LOW,HIGH,HIGH
35.43286960710096,-3.2940904674279086,-0.14550649463801718,6.295216777773769,12.341398850352796,LOW,LOW,LOW,CRITICAL,LOW,CRITICAL,CRITICAL
46.107951516163205,4.774346141905048,-5.361954565465747,292.4312699800239,8.242342412786194,LOW,LOW,MEDIUM,LOW,LOW,MEDIUM,MEDIUM
17.494413485558475,1.808389153802751,-5.294461593956158,605.6683726451031,3.3958711308542777,LOW,LOW,MEDIUM,LOW,LOW,MEDIUM,MEDIUM
100.0,-26.918804808872707,6.924866206021675,5.646971201385296,19.150456146639595,CRITICAL,CRITICAL,MEDIUM,CRITICAL,MEDIUM,CRITICAL,CRITICAL
46.76382944830803,0.6056295842880749,-2.3158070293956925,188.65384139146747,4.938079147458055,LOW,LOW,LOW,LOW,LOW,LOW,LOW
48.51388896685148,3.905494691917934,3.7234980477489756,402.7491963658799,4.5342870913331845,LOW,LOW,LOW,LOW,LOW,LOW,LOW
44.11750718802717,-0.8837268997584485,0.7644969353455687,143.05265487846697,6.222334190304442,LOW,LOW,LOW,LOW,LOW,LOW,LOW
88.40255517251634,-13.998534091473402,26.323231387320853,278.82013656014277,17.853314606693896,CRITICAL,HIGH,CRITICAL,LOW,MEDIUM,CRITICAL,CRITICAL
39.574142458599205,-6.723580330985963,-1.9993583896066565,400.3546401259972,15.071586476448884,LOW,MEDIUM,LOW,LOW,MEDIUM,MEDIUM,HIGH
31.62684765218243,0.2788170777171209,-2.602626485344779,291.20343862604994,27.369246138930798,LOW,LOW,LOW,LOW,MEDIUM,LOW,MEDIUM
69.46371449191561,-17.694331607037554,11.61630091044701,29.23610231635948,8.321424372525925,MEDIUM,CRITICAL,HIGH,HIGH,LOW,CRITICAL,CRITICAL
59.05252678984001,8.25304269828147,-34.06608396939832,111.69196855699496,6.791023710281267,MEDIUM,MEDIUM,CRITICAL,LOW,LOW,CRITICAL,CRITICAL
63.43002510780094,17.831310757826127,-9.514363260867821,141.34802107011535,8.720959763318621,MEDIUM,CRITICAL,MEDIUM,LOW,LOW,CRITICAL,CRITICAL
55.876215666712625,-2.4159434368635053,10.854479110115989,261.7057425443168,44.35249113744777,MEDIUM,LOW,HIGH,LOW,HIGH,HIGH,CRITICAL
36.11301816929228,1.3082894995113812,-2.3282453363720497,421.8279453163747,1.892455074655131,LOW,LOW,LOW,LOW,LOW,LOW,LOW
41.41871096904848,-5.6630840522232955,5.204062650618838,59.78424752370503,14.114301819748224,LOW,MEDIUM,MEDIUM,MEDIUM,LOW,HIGH,HIGH
77.99948211561309,14.839302376673265,-14.33023981694213,3.3989136240469224,9.917823645338155,HIGH,HIGH,HIGH,CRITICAL,LOW,CRITICAL,CRITICAL
15.968550604292906,-2.1966357670551058,5.321729377515266,328.2943060747755,1.843674482516895,LOW,LOW,MEDIUM,LOW,LOW,MEDIUM,MEDIUM
37.714818831374295,-3.9985955372568953,-2.0630693781181497,255.61724907529631,33.68223800611101,LOW,LOW,LOW,LOW,HIGH,LOW,HIGH
46.28392055916788,-1.1134918704315748,3.0913913541748927,490.9687797998619,9.555042121106819,LOW,LOW,LOW,LOW,LOW,LOW,LOW
85.16620390633766,0.5616671541121016,-25.102369134610406,1.4179722048099788,17.870238227855612,CRITICAL,LOW,CRITICAL,CRITICAL,MEDIUM,CRITICAL,CRITICAL
38.14172191021206,1.2029960687231818,3.0703603077998385,403.86256314531937,12.81034169817677,LOW,LOW,LOW,LOW,LOW,LOW,LOW
40.22762247573107,2.4029320605823665,-3.624861328188844,375.55638449732095,9.401780108104418,LOW,LOW,LOW,LOW,LOW,LOW,LOW
22.73092812120521,-5.337816324611665,2.3783352191022296,513.7610021182093,6.803680461990442,LOW,MEDIUM,LOW,LOW,LOW,MEDIUM,MEDIUM
11.721450510733506,9.675111117253854,5.981832980971828,298.7674092343378,0.7008436087565757,LOW,MEDIUM,MEDIUM,LOW,LOW,HIGH,HIGH
49.32042552458234,0.3544255628989943,-1.9692751799161403,251.14566152657176,5.06579616760045,LOW,LOW,LOW,LOW,LOW,LOW,LOW
61.81450535421566,3.222298811224694,3.9032933491542536,351.59438666040114,14.991351459930272,MEDIUM,LOW,LOW,LOW,LOW,MEDIUM,MEDIUM
40.944429012963134,-5.559120572770676,5.408157463897304,727.8933536904517,7.0863884576307425,LOW,MEDIUM,MEDIUM,LOW,LOW,HIGH,HIGH
77.38681731904937,6.01976875646082,3.1275193704164876,618.5207894163308,4.781650254157374,HIGH,MEDIUM,LOW,LOW,LOW,HIGH,HIGH
36.612542474111876,-1.8412270502974524,4.120998775878268,281.59336766791637,5.145131867383811,LOW,LOW,LOW,LOW,LOW,LOW,LOW
61.992070457622106,-3.776510225849681,3.222321898122907,383.0251613680821,7.607984864096661,MEDIUM,LOW,LOW,LOW,LOW,MEDIUM,MEDIUM
30.182011347903423,2.8921517583194554,0.34205331855839616,41.17250264513666,3.024008056516995,LOW,LOW,LOW,HIGH,LOW,HIGH,HIGH
37.43806989522504,-3.6537005052692106,-0.07098676967357473,206.262887379423,8.758474877424277,LOW,LOW,LOW,LOW,LOW,LOW,LOW
49.87137359300313,2.3222707481424605,4.836922588895752,345.62843077939533,14.320339120538438,LOW,LOW,LOW,LOW,LOW,LOW,LOW
34.388406827817185,8.839422662993856,1.3079780530803913,199.67758928499762,22.586297555332212,LOW,MEDIUM,LOW,LOW,MEDIUM,MEDIUM,HIGH
76.16666377797667,3.1996451267535466,-0.23131003322356558,645.9374200134429,1.8252546527171432,HIGH,LOW,LOW,LOW,LOW,HIGH,HIGH
46.52584812707655,5.99204708121771,-1.2513458922060887,535.5654809060433,5.7236716359659265,LOW,MEDIUM,LOW,LOW,LOW,MEDIUM,MEDIUM
82.75841324419608,-20.179630623255925,-5.296305498178222,26.36925070928563,60.0,HIGH,CRITICAL,MEDIUM,HIGH,CRITICAL,CRITICAL,CRITICAL
59.66771346981497,3.0209719959622894,-0.7877028903009397,310.4716230393967,2.7660084432552985,MEDIUM,LOW,LOW,LOW,LOW,MEDIUM,MEDIUM
18.506736007787286,-1.9178540877151933,-13.70330182993574,71.9781755641692,22.56046439598564,LOW,LOW,HIGH,MEDIUM,MEDIUM,HIGH,HIGH
38.77625582819509,6.007811860754384,5.6454274469825,491.3622085418509,5.528055192993653,LOW,MEDIUM,MEDIUM,LOW,LOW,HIGH,HIGH
74.7807059289044,5.9378363713028,-5.259093802877814,565.6896865960344,7.225676962776672,HIGH,MEDIUM,MEDIUM,LOW,LOW,HIGH,HIGH
71.35789967633842,-2.565433404929947,-17.30292427334171,1.8745319583426334,38.78595153121961,HIGH,LOW,CRITICAL,CRITICAL,HIGH,CRITICAL,CRITICAL
59.29764381494031,3.1563008055996398,-2.5168826913894495,222.79278169285897,1.9593882167187222,MEDIUM,LOW,LOW,LOW,LOW,MEDIUM,MEDIUM
46.258087526414,-3.6335123718827465,-1.9059205218057245,460.4249486045201,4.155044631302799,LOW,LOW,LOW,LOW,LOW,LOW,LOW
46.18571703225419,-1.1526241220444706,0.7320517132459282,171.5251326011662,7.989478134233201,LOW,LOW,LOW,LOW,LOW,LOW,LOW
47.259037392669505,1.7397482167123068,-7.6827554675412895,398.70758890081765,4.191141201796397,LOW,LOW,MEDIUM,LOW,LOW,MEDIUM,MEDIUM
75.61800099423904,-5.07498604034896,11.370142902906807,21.5347684485507,33.19256474639194,HIGH,MEDIUM,HIGH,HIGH,HIGH,CRITICAL,CRITICAL
37.697606729472035,2.1564457835702235,-0.9923729402207839,160.73333490919475,43.06311168604986,LOW,LOW,LOW,LOW,HIGH,LOW,HIGH
62.447443897508926,15.934104633546655,-6.346996549255862,78.9875743401312,35.246394358530615,MEDIUM,CRITICAL,MEDIUM,MEDIUM,HIGH,CRITICAL,CRITICAL
15.22968087831135,-1.0685499437670187,1.7614159755116543,256.22566077840276,2.6344138802010324,LOW,LOW,LOW,LOW,LOW,LOW,LOW
57.691777039439,2.6416837437652463,-0.5894405390251521,355.6568616836923,6.32613988646538,MEDIUM,LOW,LOW,LOW,LOW,MEDIUM,MEDIUM
95.76305129606779,16.276031354629765,5.226555827908368,173.21001828839283,24.210815773279517,CRITICAL,CRITICAL,MEDIUM,LOW,MEDIUM,CRITICAL,CRITICAL
9.058765675043755,-2.7159213858525284,-1.922297652809898,12.51942847144405,2.3204306539759516,LOW,LOW,LOW,CRITICAL,LOW,CRITICAL,CRITICAL
15.28745293616049,9.293067937818911,-1.4842268592015424,269.15628662820035,15.834739694647928,LOW,MEDIUM,LOW,LOW,MEDIUM,MEDIUM,HIGH
18.64696950897747,-5.075930309017994,-3.5554387921426986,321.24527036151443,2.7469774037838017,LOW,MEDIUM,LOW,LOW,LOW,MEDIUM,MEDIUM
50.084638405023924,-0.7295879495302269,8.099475761983388,273.51155784724574,6.564081820721823,MEDIUM,LOW,MEDIUM,LOW,LOW,HIGH,HIGH
90.82225478202614,-13.250871143837994,-2.1859270062950866,238.8781035381578,26.075186107949403,CRITICAL,HIGH,LOW,LOW,MEDIUM,CRITICAL,CRITICAL
49.217880268654135,7.33024496142405,-6.12111654371915,327.96152184546844,3.0930436092566866,LOW,MEDIUM,MEDIUM,LOW,LOW,HIGH,HIGH
85.8739341979028,-6.9188216882778715,-17.783862493509545,26.491683393384402,41.871497742183976,CRITICAL,MEDIUM,CRITICAL,HIGH,HIGH,CRITICAL,CRITICAL
44.62216974705781,-3.3079223983345005,0.6435768167962482,191.6064166359662,10.888956952988657,LOW,LOW,LOW,LOW,LOW,LOW,LOW
37.43365975054246,-6.079571198475939,3.705029964337569,280.5195363831009,8.492182587246809,LOW,MEDIUM,LOW,LOW,LOW,MEDIUM,MEDIUM
29.460571070900407,2.2203587977663473,1.1225494671307479,258.38422488967336,0.9919997038987878,LOW,LOW,LOW,LOW,LOW,LOW,LOW
100.0,-9.314417153077219,3.843057375457846,172.09871372728944,12.363343188321513,CRITICAL,MEDIUM,LOW,LOW,LOW,CRITICAL,CRITICAL
43.29611757447053,-3.2327546329925525,-0.9953908759641173,507.71835336902234,9.363536551461726,LOW,LOW,LOW,LOW,LOW,LOW,LOW
37.93867351312827,4.4847525702796185,6.400391387281913,625.0996814275242,12.938893916967933,LOW,LOW,MEDIUM,LOW,LOW,MEDIUM,MEDIUM
41.21062696796045,0.3978838324366025,-0.02816363412279984,110.95624535763953,7.172009323913937,LOW,LOW,LOW,LOW,LOW,LOW,LOW
85.03335402332134,8.851028396445905,8.188065384715909,29.332171748547527,38.80000299909126,CRITICAL,MEDIUM,MEDIUM,HIGH,HIGH,CRITICAL,CRITICAL
43.93744728125865,0.3644994690135075,0.4307977964264739,529.6791780749113,11.962235139327543,LOW,LOW,LOW,LOW,LOW,LOW,LOW
100.0,0.5126789690151211,20.233117852067927,104.32979526673299,45.44760164431619,CRITICAL,LOW,CRITICAL,LOW,CRITICAL,CRITICAL,CRITICAL
39.0233208751595,-1.7865721872584257,2.4490792404215704,69.30155975727942,2.55180584585321,LOW,LOW,LOW,MEDIUM,LOW,MEDIUM,MEDIUM
50.14737831296125,-2.732932171110752,2.967234965911074,404.0271712225115,6.490861735079358,MEDIUM,LOW,LOW,LOW,LOW,MEDIUM,MEDIUM
37.400477493181214,0.9594910091389003,5.941909477090198,0.0,6.0763118714257285,LOW,LOW,MEDIUM,CRITICAL,LOW,CRITICAL,CRITICAL
25.009823384621946,4.397876324136228,-2.702224637387156,264.6743235356445,14.385721988628195,LOW,LOW,LOW,LOW,LOW,LOW,LOW
38.51043725499708,8.742922466890297,-0.9862842170382974,482.3237803497364,7.372043396028676,LOW,MEDIUM,LOW,LOW,LOW,MEDIUM,MEDIUM
17.276122048823773,5.216265853395347,-4.188599311119829,455.39688650092916,10.261734507046594,LOW,MEDIUM,LOW,LOW,LOW,MEDIUM,MEDIUM
58.71115746336051,-3.948184715745261,6.463489960489254,176.31920596645082,8.69901346451442,MEDIUM,LOW,MEDIUM,LOW,LOW,HIGH,HIGH
74.81365878166073,-22.899505566003107,-3.2296266190949128,46.254380378240214,21.96232699743822,HIGH,CRITICAL,LOW,HIGH,MEDIUM,CRITICAL,CRITICAL
39.0025989857021,1.8202646141390295,0.09696097050190833,152.68408575784605,0.80981901193461,LOW,LOW,LOW,LOW,LOW,LOW,LOW
46.72412657638698,5.709314606379078,4.486756569551676,391.23706969634827,5.545357286322323,LOW,MEDIUM,LOW,LOW,LOW,MEDIUM,MEDIUM
79.83862241541878,-24.521037853484913,-6.608221518190074,5.131310605978604,2.679431017116843,HIGH,CRITICAL,MEDIUM,CRITICAL,LOW,CRITICAL,CRITICAL
42.06847730215854,4.142929867891765,2.992783137576589,380.85376326263093,11.493804808784162,LOW,LOW,LOW,LOW,LOW,LOW,LOW
37.01784164740347,-1.5542728819648117,-4.4955136205023765,418.04832687701895,34.589578559269306,LOW,LOW,LOW,LOW,HIGH,LOW,HIGH
89.06695031029138,14.378641930488648,-7.569851926889301,56.51635902968768,35.84179155304918,CRITICAL,HIGH,MEDIUM,MEDIUM,HIGH,CRITICAL,CRITICAL
0.8528765179240017,-2.431973188672989,-1.4556462553099143,5.6001949731925915,11.76388708744987,LOW,LOW,LOW,CRITICAL,LOW,CRITICAL,CRITICAL
43.67440068710406,8.842758904063059,3.2197335629293025,744.2750602139162,14.079279634117103,LOW,MEDIUM,LOW,LOW,LOW,MEDIUM,MEDIUM
60.41219015029037,3.130815754407403,1.4993923133312823,0.5593691470660644,1.4693087470635482,MEDIUM,LOW,LOW,CRITICAL,LOW,CRITICAL,CRITICAL
62.011756517879476,1.9439844540323226,9.977986403179944,305.9973991423193,35.66532116534467,MEDIUM,LOW,MEDIUM,LOW,HIGH,HIGH,HIGH
23.637485997186015,7.646424268253286,-2.5646597175874017,302.2883005600557,3.113002783241516,LOW,MEDIUM,LOW,LOW,LOW,MEDIUM,MEDIUM
85.47493253905631,5.7936466804895606,2.73887755155367,401.45692136662086,8.53491086181071,CRITICAL,MEDIUM,LOW,LOW,LOW,CRITICAL,CRITICAL
60.14474470504444,-6.900855849289532,-24.122599854792753,85.7360027057635,7.437532386693233,MEDIUM,MEDIUM,CRITICAL,MEDIUM,LOW,CRITICAL,CRITICAL
76.18419567568132,23.281040260657726,-1.92089383929966,4.769969813456134,18.277630526814733,HIGH,CRITICAL,LOW,CRITICAL,MEDIUM,CRITICAL,CRITICAL
41.772055146597296,4.573592428598211,0.6005426158248124,478.2467175980848,15.519325639846627,LOW,LOW,LOW,LOW,MEDIUM,LOW,MEDIUM
50.822786934821,2.8943291436402276,-1.0390466211507048,289.1138040355262,36.73936066763695,MEDIUM,LOW,LOW,LOW,HIGH,MEDIUM,HIGH
25.04660616537993,-2.106499787922256,-0.8836010036844282,363.3207221497157,7.934836509154296,LOW,LOW,LOW,LOW,LOW,LOW,LOW
53.75824533426002,5.13641878071559,-6.0289032815357535,249.79077838571067,10.248058160633269,MEDIUM,MEDIUM,MEDIUM,LOW,LOW,HIGH,HIGH
56.5569539353084,-3.152086475102623,0.8445608523078393,99.8243466377247,6.639827020588164,MEDIUM,LOW,LOW,MEDIUM,LOW,HIGH,HIGH
54.82850442770641,1.027989782343322,-5.294598283368716,271.53773556372204,14.033966707951212,MEDIUM,LOW,MEDIUM,LOW,LOW,HIGH,HIGH
81.32992238953307,1.5117972336044279,13.0720717118003,139.3827642643196,16.46680325265289,HIGH,LOW,HIGH,LOW,MEDIUM,CRITICAL,CRITICAL
58.51640925959591,10.935105737013824,0.24674964515792958,207.38297987816247,19.065639282597267,MEDIUM,HIGH,LOW,LOW,MEDIUM,HIGH,HIGH
41.91240210117984,3.308409527053362,-6.032057490531313,528.7179442739638,10.417282671167607,LOW,LOW,MEDIUM,LOW,LOW,MEDIUM,MEDIUM
77.22172527066567,-20.414983593462505,19.561559578492925,24.83113573536476,27.587881202915238,HIGH,CRITICAL,CRITICAL,HIGH,MEDIUM,CRITICAL,CRITICAL
50.93871331437068,-0.46868801989750186,6.296587144129635,287.736689479971,3.3416323062713715,MEDIUM,LOW,MEDIUM,LOW,LOW,HIGH,HIGH
91.12433192824672,-0.8530428920619811,11.624182699574659,290.256087645286,25.294595736857865,CRITICAL,LOW,HIGH,LOW,MEDIUM,CRITICAL,CRITICAL
62.474863238458845,-0.44213162994715405,2.830345829942244,0.0,22.69001331082171,MEDIUM,LOW,LOW,CRITICAL,MEDIUM,CRITICAL,CRITICAL
35.59360762841556,-0.16367014078027617,-0.5859226829126455,531.1539872047798,2.6118376314611673,LOW,LOW,LOW,LOW,LOW,LOW,LOW
79.69380271469514,11.438513607628677,-12.206542294801908,10.44659493603499,20.72716126004693,HIGH,HIGH,HIGH,CRITICAL,MEDIUM,CRITICAL,CRITICAL
46.39403479024467,1.7917226935175607,1.2985471617176105,133.71365209877902,10.332988082720576,LOW,LOW,LOW,LOW,LOW,LOW,LOW
54.201902485077554,-0.1300155722307576,3.321992535943808,186.95650159319342,0.9740652429452343,MEDIUM,LOW,LOW,LOW,LOW,MEDIUM,MEDIUM
37.00493877260499,3.2578669309940262,-3.710040738839438,388.5972074742405,6.340424410587072,LOW,LOW,LOW,LOW,LOW,LOW,LOW
44.638063343175396,2.042402761641254,-3.18262053530323,601.8952267976989,5.992254566924437,LOW,LOW,LOW,LOW,LOW,LOW,LOW
25.326762931519774,7.079162931348443,4.993872157691035,717.4142905749354,10.634969537053408,LOW,MEDIUM,LOW,LOW,LOW,MEDIUM,MEDIUM
18.667416169430588,1.8156209177653888,-3.5428551991987582,237.5297686817932,2.481858714664923,LOW,LOW,LOW,LOW,LOW,LOW,LOW
55.982268390821034,1.3504503702207409,2.7030075260368154,58.128183514010104,1.8445734692201996,MEDIUM,LOW,LOW,MEDIUM,LOW,HIGH,HIGH
51.87583514935603,-4.419098694566067,3.954435173996699,281.3952145987846,11.630093945035666,MEDIUM,LOW,LOW,LOW,LOW,MEDIUM,MEDIUM
66.02250519828237,2.598437760394248,-2.7293825595170627,72.48177355313645,6.88195156685919,MEDIUM,LOW,LOW,MEDIUM,LOW,HIGH,HIGH
52.172108633337125,-2.3089149028422837,0.6101035315904663,70.72326422573718,30.574089370162024,MEDIUM,LOW,LOW,MEDIUM,HIGH,HIGH,HIGH
50.74123385443074,-2.0171979863349216,12.99660786664299,1.5485535112357496,60.0,MEDIUM,LOW,HIGH,CRITICAL,CRITICAL,CRITICAL,CRITICAL
25.1273132860089,-3.884027293642556,1.6991972539071412,154.4494619820416,10.809619024418646,LOW,LOW,LOW,LOW,LOW,LOW,LOW
63.999918797976186,-3.8842481164309324,-0.45263397782433573,250.05084415762914,2.831661743139999,MEDIUM,LOW,LOW,LOW,LOW,MEDIUM,MEDIUM
56.119797253618714,4.785190175372555,7.147021795321289,302.6767043825061,0.4557266417308692,MEDIUM,LOW,MEDIUM,LOW,LOW,HIGH,HIGH
100.0,-3.684257808837572,-16.46891685073568,24.07142443012143,17.472066018517683,CRITICAL,LOW,CRITICAL,HIGH,MEDIUM,CRITICAL,CRITICAL
60.72305951512914,-3.3527059293261257,-2.4013546360259483,456.83709781277435,7.351878871960151,MEDIUM,LOW,LOW,LOW,LOW,MEDIUM,MEDIUM
53.76934428730111,4.137440392058236,3.8460003772158737,556.8250513396929,4.168464574172662,MEDIUM,LOW,LOW,LOW,LOW,MEDIUM,MEDIUM
41.49589558525702,0.807996043029285,-1.9798582035628027,167.12082238975478,1.0297607373347266,LOW,LOW,LOW,LOW,LOW,LOW,LOW
29.170137621113106,-1.0789588983003695,-2.9228671203945957,303.80218339358635,4.676702926115743,LOW,LOW,LOW,LOW,LOW,LOW,LOW
52.20095426856156,5.532778061317373,5.065321071825155,477.7878946665027,11.919279530370705,MEDIUM,MEDIUM,MEDIUM,LOW,LOW,HIGH,HIGH
100.0,-13.361923394986736,7.690659894163446,56.167231802697394,13.0790469408126,CRITICAL,HIGH,MEDIUM,MEDIUM,LOW,CRITICAL,CRITICAL
74.83513730637621,5.463898678833647,-8.809320614864898,70.56875555871659,22.885189203716962,HIGH,MEDIUM,MEDIUM,MEDIUM,MEDIUM,HIGH,HIGH
62.68265166038466,-1.2668297770970796,-3.508879943547573,358.3235285032759,14.653199780032518,MEDIUM,LOW,LOW,LOW,LOW,MEDIUM,MEDIUM
47.718809225175754,4.661409530208465,-0.3253909081429947,547.1809072116109,6.830088689123151,LOW,LOW,LOW,LOW,LOW,LOW,LOW
91.70428186473036,2.91888758805813,-28.253795072359225,98.31209357655291,21.93644765364226,CRITICAL,LOW,CRITICAL,MEDIUM,MEDIUM,CRITICAL,CRITICAL
51.687583128438696,-6.889027735830076,-2.8818202827002355,424.04437360725905,10.109586609123005,MEDIUM,MEDIUM,LOW,LOW,LOW,HIGH,HIGH
63.22000170199354,-3.0181254160581705,-1.2359750734819488,193.85972059749272,7.416089333629864,MEDIUM,LOW,LOW,LOW,LOW,MEDIUM,MEDIUM
11.163130033578788,1.7240387685203067,0.6957888336512454,238.7284924219696,1.2491761811251407,LOW,LOW,LOW,LOW,LOW,LOW,LOW
54.44609271613107,-1.8920706690838158,-7.372267259441142,183.00170616277342,7.965676082997998,MEDIUM,LOW,MEDIUM,LOW,LOW,HIGH,HIGH
34.50598786946454,-0.837502453247653,5.819304696586602,55.44745654283272,26.41081970036591,LOW,LOW,MEDIUM,MEDIUM,MEDIUM,HIGH,HIGH
47.03783852349436,3.387702324850722,-2.286473566277065,579.0963565943689,1.3253508080800191,LOW,LOW,LOW,LOW,LOW,LOW,LOW
68.08473001727444,-10.66986827919737,31.03170210820675,156.00198853154058,28.438787222399263,MEDIUM,HIGH,CRITICAL,LOW,MEDIUM,CRITICAL,CRITICAL
49.41570098426615,24.532086727708442,-30.10748614194091,184.62116216302405,12.206417177608149,LOW,CRITICAL,CRITICAL,LOW,LOW,CRITICAL,CRITICAL
48.28077399212231,-0.667258962793573,-0.047989378510895464,173.9558557659377,1.4900902546932004,LOW,LOW,LOW,LOW,LOW,LOW,LOW
55.897674335040904,-6.7470310617982125,3.6557618772919658,448.2931709254882,4.859383583364696,MEDIUM,MEDIUM,LOW,LOW,LOW,HIGH,HIGH
93.39532998020655,2.9569315891423935,-4.074361879991839,23.43168567485131,39.11243803265802,CRITICAL,LOW,LOW,HIGH,HIGH,CRITICAL,CRITICAL
51.09962387737024,-4.039460609545147,18.18496578417851,37.257453963645375,43.30312543664359,MEDIUM,LOW,CRITICAL,HIGH,HIGH,CRITICAL,CRITICAL
64.12025774519229,-4.542543619031316,2.037181294568032,239.1071812394617,22.129640708946646,MEDIUM,LOW,LOW,LOW,MEDIUM,MEDIUM,HIGH
61.13235361551818,-6.191204962284847,10.12765229286713,74.164942617977,18.579488431691292,MEDIUM,MEDIUM,HIGH,MEDIUM,MEDIUM,HIGH,HIGH
79.444309141499,-15.752769588328125,-13.064320925716107,49.547314884780334,31.026695891913903,HIGH,CRITICAL,HIGH,HIGH,HIGH,CRITICAL,CRITICAL
56.70302581779112,-4.696809182880586,-1.423739668347883,646.6179690410612,7.754872997727647,MEDIUM,LOW,LOW,LOW,LOW,MEDIUM,MEDIUM
46.894687718805,7.113076957217908,2.560499502566486,524.5713556711836,8.857895038019407,LOW,MEDIUM,LOW,LOW,LOW,MEDIUM,MEDIUM
30.26970754183643,-2.746929582269406,1.5398656641905373,493.74200115990624,16.43047462304239,LOW,LOW,LOW,LOW,MEDIUM,LOW,MEDIUM
68.54442880409239,4.36519582518107,-0.2325491779969199,461.85026057689413,6.162433592155427,MEDIUM,LOW,LOW,LOW,LOW,MEDIUM,MEDIUM
51.35261811033056,-6.418820039191249,-4.496487435443093,368.457459167154,1.1266862240075954,MEDIUM,MEDIUM,LOW,LOW,LOW,HIGH,HIGH
89.96179985759561,2.078969292790759,5.650515080861192,209.4912050233543,8.99924694569654,CRITICAL,LOW,MEDIUM,LOW,LOW,CRITICAL,CRITICAL
65.70208408302773,0.9085353147737936,0.34692304522875284,449.04803548776795,5.355009457490773,MEDIUM,LOW,LOW,LOW,LOW,MEDIUM,MEDIUM
52.65803067676855,0.8069546191841757,2.1214767559951957,328.47942380724874,7.126021297541998,MEDIUM,LOW,LOW,LOW,LOW,MEDIUM,MEDIUM
58.58576400746048,-4.564663262638597,0.8653288715986752,578.8997419933698,6.639410594763301,MEDIUM,LOW,LOW,LOW,LOW,MEDIUM,MEDIUM
68.88037347864125,-2.3509518772795936,-5.772803175143176,464.87365979274324,23.778241668598245,MEDIUM,LOW,MEDIUM,LOW,MEDIUM,HIGH,HIGH
86.94476163409372,-12.284308136372733,16.990501791175305,124.83713338665854,20.061669062677467,CRITICAL,HIGH,CRITICAL,LOW,MEDIUM,CRITICAL,CRITICAL
38.209647772356995,1.4858427532700391,-3.5230407644588846,546.03782051254,10.980578036460397,LOW,LOW,LOW,LOW,LOW,LOW,LOW
32.99114486477842,0.4720638564316238,-8.398286570321236,39.805438342531495,8.884273960348679,LOW,LOW,MEDIUM,HIGH,LOW,HIGH,HIGH
38.23171759584186,-0.5232023749078224,1.1713153743467335,11.5216020686454,1.344118517565072,LOW,LOW,LOW,CRITICAL,LOW,CRITICAL,CRITICAL
35.44676416591564,-4.279116172436602,-6.161644255801391,614.9848090697215,13.281891769620355,LOW,LOW,MEDIUM,LOW,LOW,MEDIUM,MEDIUM
46.9667898701272,3.539370331204634,8.204987773077853,225.11520477767195,6.748244261739589,LOW,LOW,MEDIUM,LOW,LOW,MEDIUM,MEDIUM
40.91359648603693,4.566234929106889,-4.230814027609022,448.38244931520603,13.061309366859525,LOW,LOW,LOW,LOW,LOW,LOW,LOW
54.28624754082015,-1.502035922557998,-2.6243889440225656,578.4660209417517,4.715327782327393,MEDIUM,LOW,LOW,LOW,LOW,MEDIUM,MEDIUM
49.41123058189821,-7.358260191288412,1.1453333194680355,575.2251073744435,19.223278816884616,LOW,MEDIUM,LOW,LOW,MEDIUM,MEDIUM,HIGH
44.0349352893125,-1.8206871358150556,4.062511535977883,383.74268877600394,7.655586954002663,LOW,LOW,LOW,LOW,LOW,LOW,LOW
56.697429611325745,6.402250029479839,-1.5791296367817058,254.45591381692068,2.161522518462814,MEDIUM,MEDIUM,LOW,LOW,LOW,HIGH,HIGH
68.81996683465592,15.99090350039781,13.8869345727723,149.45686079103547,19.239086473134822,MEDIUM,CRITICAL,HIGH,LOW,MEDIUM,CRITICAL,CRITICAL
62.75323653872407,-4.658653394049579,-4.815654595865521,390.5462027570479,11.842578036946314,MEDIUM,LOW,LOW,LOW,LOW,MEDIUM,MEDIUM
40.51396372154918,-1.457160383569644,8.100364333967812,512.3033219855022,5.2584284536682375,LOW,LOW,MEDIUM,LOW,LOW,MEDIUM,MEDIUM
45.94848219769652,-1.1033598395858262,-4.634413054637941,23.183184341812858,4.640074196853026,LOW,LOW,LOW,HIGH,LOW,HIGH,HIGH
58.46483657474615,2.0823955244358716,-4.099798124526728,139.84655838616771,13.420714142231557,MEDIUM,LOW,LOW,LOW,LOW,MEDIUM,MEDIUM
52.44951922469843,2.540400046391701,1.6006784208019897,0.0,3.2369530497352765,MEDIUM,LOW,LOW,CRITICAL,LOW,CRITICAL,CRITICAL
44.55466814571032,0.7684570683146739,0.37762781361664055,414.8344300582891,8.333802956199985,LOW,LOW,LOW,LOW,LOW,LOW,LOW
80.6315817268364,0.9203272406620232,-3.220425589648569,128.66400910282346,22.885406864873087,HIGH,LOW,LOW,LOW,MEDIUM,HIGH,HIGH
50.712396275178804,5.370887445404741,1.0606556909863496,233.1802663148316,14.090597930056338,MEDIUM,MEDIUM,LOW,LOW,LOW,HIGH,HIGH
24.507024934966235,-1.6059667264299538,-1.8978019818758702,180.4732961394805,9.36184868193817,LOW,LOW,LOW,LOW,LOW,LOW,LOW
37.699855156776046,3.7743911050917833,2.826021854189011,346.55800762633265,4.4992759745689535,LOW,LOW,LOW,LOW,LOW,LOW,LOW
50.70630593603747,5.246916530699261,2.859058000468171,247.06841220175434,12.840588180418868,MEDIUM,MEDIUM,LOW,LOW,LOW,HIGH,HIGH
55.793992464373375,-4.047124702891336,-1.3122608167779783,524.4111174053907,17.971578565007384,MEDIUM,LOW,LOW,LOW,MEDIUM,MEDIUM,HIGH
37.5082321067218,2.676340841070096,7.476266014713043,214.22633613071432,1.1656074326303292,LOW,LOW,MEDIUM,LOW,LOW,MEDIUM,MEDIUM
14.973897487856076,5.6636494480793,-2.107584021348437,320.20362986341826,13.272991876813776,LOW,MEDIUM,LOW,LOW,LOW,MEDIUM,MEDIUM
49.43899860519143,0.541715338879828,-1.703271993466205,51.71415467618517,10.574115863570237,LOW,LOW,LOW,MEDIUM,LOW,MEDIUM,MEDIUM
64.07849318135915,-4.630272231074388,1.8880457258515249,916.9366420042176,16.271984085195285,MEDIUM,LOW,LOW,LOW,MEDIUM,MEDIUM,HIGH
43.17317558844183,-4.209441046211556,5.55961812281077,18.754821732005023,17.124778940494494,LOW,LOW,MEDIUM,CRITICAL,MEDIUM,CRITICAL,CRITICAL
53.49811480622484,-2.5938768000765497,-8.62578150802013,283.17367327932914,15.023340838335983,MEDIUM,LOW,MEDIUM,LOW,MEDIUM,HIGH,HIGH
39.19605830100079,2.206372056162062,1.2107075736918946,298.0505545997244,12.236473932122367,LOW,LOW,LOW,LOW,LOW,LOW,LOW
43.97570688353564,-1.053694540478016,-1.2090775683301058,445.5560891720868,3.000903631461191,LOW,LOW,LOW,LOW,LOW,LOW,LOW
28.861592569136107,6.70823670118845,-1.8245027739784137,405.7157474547629,12.455894437409782,LOW,MEDIUM,LOW,LOW,LOW,MEDIUM,MEDIUM
43.25142980320007,0.856675764527001,-3.906481263454224,378.8483943351638,5.05464328578383,LOW,LOW,LOW,LOW,LOW,LOW,LOW
33.51583264454718,4.836585144360846,1.5916993868613318,207.22992940225737,13.989323341366951,LOW,LOW,LOW,LOW,LOW,LOW,LOW
70.98553773720477,3.948506946471088,-1.834259901770706,58.04468602994356,28.695627977422056,HIGH,LOW,LOW,MEDIUM,MEDIUM,HIGH,HIGH
19.272300439448692,3.3036943321226127,6.733258303710119,420.69830534920237,2.521882800801038,LOW,LOW,MEDIUM,LOW,LOW,MEDIUM,MEDIUM
43.14161455147199,-1.3339090003741552,-5.680331932090846,389.9187408394494,1.742419885483799,LOW,LOW,MEDIUM,LOW,LOW,MEDIUM,MEDIUM
39.50487484293363,0.7070484130010554,0.08940221986546264,172.40137500966011,11.821889858383363,LOW,LOW,LOW,LOW,LOW,LOW,LOW
44.26851522235327,1.9761600768496008,5.411768191082795,0.0,4.041016226385381,LOW,LOW,MEDIUM,CRITICAL,LOW,CRITICAL,CRITICAL
66.22806790052735,7.367262437546429,-0.5813976892555404,412.5315475582571,2.830121246389245,MEDIUM,MEDIUM,LOW,LOW,LOW,HIGH,HIGH
42.792108738479826,-3.0027239482066217,2.0575085464554275,23.606346974065893,11.906798995150803,LOW,LOW,LOW,HIGH,LOW,HIGH,HIGH
40.766391121151564,4.203097161888455,-4.651755947411652,285.665291329274,14.750156782815028,LOW,LOW,LOW,LOW,LOW,LOW,LOW
69.60220545906098,-3.8222970438229904,-3.605339252773977,198.53981299375855,33.04354614087386,MEDIUM,LOW,LOW,LOW,HIGH,MEDIUM,HIGH
47.18898466668416,1.9122812435774998,2.75475137827154,89.10607046390486,16.405563419142496,LOW,LOW,LOW,MEDIUM,MEDIUM,MEDIUM,HIGH
67.1922264279131,-5.3422760788057815,-2.676237935862872,248.6965524646343,11.811133101389757,MEDIUM,MEDIUM,LOW,LOW,LOW,HIGH,HIGH
41.65092617350036,2.945654978144054,-2.549826097270453,495.5140118478855,6.576333470329329,LOW,LOW,LOW,LOW,LOW,LOW,LOW
41.619727724337004,6.666653036910094,-2.7133385173419735,239.45416437550676,20.980129152003588,LOW,MEDIUM,LOW,LOW,MEDIUM,MEDIUM,HIGH
38.32580413657121,-4.489937294891464,3.8908415716886964,240.8064510820152,7.18467107551925,LOW,LOW,LOW,LOW,LOW,LOW,LOW
44.71022543592247,0.4065202141336987,4.668870933217492,635.9204917232202,3.918396411030902,LOW,LOW,LOW,LOW,LOW,LOW,LOW
57.01772645982274,-4.459095444148988,4.730853727497613,141.60513574451613,8.275083830309022,MEDIUM,LOW,LOW,LOW,LOW,MEDIUM,MEDIUM
41.96091340622889,3.920016944535576,1.2206033434998906,556.6563559515379,9.603519191472037,LOW,LOW,LOW,LOW,LOW,LOW,LOW
25.52511090496646,-3.7804354644520792,-1.0073884213174038,218.44418836693023,6.503940444571259,LOW,LOW,LOW,LOW,LOW,LOW,LOW
19.490591255229333,-2.938972853890837,-0.7779659394591042,469.85800826715024,8.53588037745846,LOW,LOW,LOW,LOW,LOW,LOW,LOW
69.12100870759093,5.085333758340395,0.4618138624914718,209.48220802592473,5.850575465573349,MEDIUM,MEDIUM,LOW,LOW,LOW,HIGH,HIGH
44.81963956630218,-0.9582234357483961,1.9567134025511748,137.64018511258845,7.15703195472126,LOW,LOW,LOW,LOW,LOW,LOW,LOW
50.929608789739966,-7.575974371368865,14.176260043839122,225.6904625330018,14.902505465786163,MEDIUM,MEDIUM,HIGH,LOW,LOW,HIGH,HIGH
40.477105563459794,-5.937756272773703,5.113123789837946,339.047086399473,6.223791821819945,LOW,MEDIUM,MEDIUM,LOW,LOW,HIGH,HIGH
58.45195998049853,-0.8755436946246656,0.972453393134863,301.4885443893468,7.760076319838959,MEDIUM,LOW,LOW,LOW,LOW,MEDIUM,MEDIUM
43.59840800509103,-9.663867265320865,-2.2024838641975872,98.65479578413246,20.01829830312557,LOW,MEDIUM,LOW,MEDIUM,MEDIUM,HIGH,HIGH
43.468454116628415,0.15021230664225163,1.6025665533593467,208.14627429733918,10.458340152983382,LOW,LOW,LOW,LOW,LOW,LOW,LOW
39.49388030972725,7.004542389657773,-2.3096087689177542,424.3078470919662,2.2235459900337036,LOW,MEDIUM,LOW,LOW,LOW,MEDIUM,MEDIUM
58.84466347710646,-2.082522426249196,-6.390478916673826,618.2247539779714,28.13516716228396,MEDIUM,LOW,MEDIUM,LOW,MEDIUM,HIGH,HIGH
68.14210160654522,-6.78835992376224,-4.217220170416315,606.8541327938739,4.518523613378925,MEDIUM,MEDIUM,LOW,LOW,LOW,HIGH,HIGH
42.87506052191635,1.209291601393098,5.502387857216834,277.26284387016807,27.85439189052598,LOW,LOW,MEDIUM,LOW,MEDIUM,MEDIUM,HIGH
74.8814161124618,-6.079155213407969,-2.688700765000188,411.3586987030809,12.821513221505608,HIGH,MEDIUM,LOW,LOW,LOW,HIGH,HIGH
96.89605297098744,2.1771624526898514,-15.154377044738133,4.295426210032609,8.139961118924314,CRITICAL,LOW,CRITICAL,CRITICAL,LOW,CRITICAL,CRITICAL
68.86032722145106,14.307484170840041,8.798151809070692,47.1042145105505,48.94190334290787,MEDIUM,HIGH,MEDIUM,HIGH,CRITICAL,CRITICAL,CRITICAL
56.38472543190169,1.792313364051567,6.1295215303504875,425.6966070627325,11.11341601308184,MEDIUM,LOW,MEDIUM,LOW,LOW,HIGH,HIGH
60.9325117138299,-1.2940597871378285,0.05714884753595624,513.9699926911055,22.0782565649716,MEDIUM,LOW,LOW,LOW,MEDIUM,MEDIUM,HIGH
55.93855423966129,0.7462977542435567,-0.9109749229726709,0.0,2.595489086886399,MEDIUM,LOW,LOW,CRITICAL,LOW,CRITICAL,CRITICAL
55.224513355025834,0.05643342501249942,2.422054604496661,361.5933540377496,11.362338859876067,MEDIUM,LOW,LOW,LOW,LOW,MEDIUM,MEDIUM
60.34074922212257,13.417487322639596,19.26733659890253,83.1978952176308,25.461971581946116,MEDIUM,HIGH,CRITICAL,MEDIUM,MEDIUM,CRITICAL,CRITICAL
49.10866630270768,-1.1019926066988759,4.470322928982502,452.9780374941777,5.259370840604545,LOW,LOW,LOW,LOW,LOW,LOW,LOW
35.83498313865556,3.1853600789953296,-0.006486867853520494,318.1097392793429,8.94606584744265,LOW,LOW,LOW,LOW,LOW,LOW,LOW
39.132654416207366,-3.381728735219901,-0.46147851284331026,519.1473485502064,3.810882823030976,LOW,LOW,LOW,LOW,LOW,LOW,LOW
54.87947929185764,0.9287780185693104,3.981660761797898,453.6011466494657,5.687848455069272,MEDIUM,LOW,LOW,LOW,LOW,MEDIUM,MEDIUM
38.0571557142843,3.558214524318511,5.484564189368362,183.3587613325481,24.081288087974308,LOW,LOW,MEDIUM,LOW,MEDIUM,MEDIUM,HIGH
55.06526707376655,4.271991112235888,3.7558778748191686,338.5019900903576,2.059255612097654,MEDIUM,LOW,LOW,LOW,LOW,MEDIUM,MEDIUM
30.01595435631613,0.29050955271761103,5.759602225427244,292.00715904283885,5.084409370990416,LOW,LOW,MEDIUM,LOW,LOW,MEDIUM,MEDIUM
94.88994963247946,-5.285436079837552,15.091357350919811,43.30033385926238,14.724834152373475,CRITICAL,MEDIUM,CRITICAL,HIGH,LOW,CRITICAL,CRITICAL
73.28733378460824,-5.438718694800733,-2.59201705887736,23.13183301171158,26.963648548360574,HIGH,MEDIUM,LOW,HIGH,MEDIUM,CRITICAL,CRITICAL
42.43230945305401,-0.26444957580802814,-6.836905596810384,420.5056428818851,6.806334050485222,LOW,LOW,MEDIUM,LOW,LOW,MEDIUM,MEDIUM
69.15439470724307,2.892771904114934,-0.5505115290297644,395.79323817439735,10.675853300339543,MEDIUM,LOW,LOW,LOW,LOW,MEDIUM,MEDIUM
29.873504692032814,-6.118995820016366,6.14958692273716,604.5398703092208,4.893890355936153,LOW,MEDIUM,MEDIUM,LOW,LOW,HIGH,HIGH
69.96288082175849,-1.9042502311114677,-1.9624489361066106,299.1033210267137,2.4246354023065493,MEDIUM,LOW,LOW,LOW,LOW,MEDIUM,MEDIUM
19.428363836579337,-1.990974501691339,4.451090071260221,216.42486291390017,8.214650527293355,LOW,LOW,LOW,LOW,LOW,LOW,LOW
48.70907178163134,3.5463179710305983,-5.804905195604634,183.6316875328871,17.405537523283222,LOW,LOW,MEDIUM,LOW,MEDIUM,MEDIUM,HIGH
52.9933758034056,3.8724803089624746,-7.542631793043961,441.6283049613321,14.256549865273843,MEDIUM,LOW,MEDIUM,LOW,LOW,HIGH,HIGH
31.497596581895053,-1.6537948138871819,1.1455469758215606,316.05293075345213,14.61498610055028,LOW,LOW,LOW,LOW,LOW,LOW,LOW
22.053388798359958,-2.2240800886325434,-1.8661937848199643,352.77137663802114,1.2814511780955358,LOW,LOW,LOW,LOW,LOW,LOW,LOW
44.20867337998852,2.613915927806963,0.2756245324838884,326.13126591671056,17.018638040635206,LOW,LOW,LOW,LOW,MEDIUM,LOW,MEDIUM
51.3755885379261,20.559031806395595,4.580696938161919,263.12105808727733,11.520885727571796,MEDIUM,CRITICAL,LOW,LOW,LOW,CRITICAL,CRITICAL
53.17217161278035,-13.70953266206114,-0.13414938573458446,42.40072663528398,27.815284252506572,MEDIUM,HIGH,LOW,HIGH,MEDIUM,CRITICAL,CRITICAL
30.133632970025797,4.233899088475855,1.1766701520064093,413.5347349501162,3.810541036337792,LOW,LOW,LOW,LOW,LOW,LOW,LOW
67.16750253668339,-18.408301301661766,2.6288587504520238,29.134566689057724,15.395375140628362,MEDIUM,CRITICAL,LOW,HIGH,MEDIUM,CRITICAL,CRITICAL
86.52560408438914,-1.0062076007365455,-7.7022694413315085,618.8677566209961,11.690788658063662,CRITICAL,LOW,MEDIUM,LOW,LOW,CRITICAL,CRITICAL
61.203604241643816,4.329956444990303,-6.996022180391955,23.42512900261487,18.23156825052576,MEDIUM,LOW,MEDIUM,HIGH,MEDIUM,HIGH,HIGH
40.33239926798818,12.134845312584579,17.576453804894953,103.39379831673996,10.019892213203299,LOW,HIGH,CRITICAL,LOW,LOW,CRITICAL,CRITICAL
60.49784796544722,-7.2440925715279665,-2.332788631534882,365.6791194750748,2.7671013287114388,MEDIUM,MEDIUM,LOW,LOW,LOW,HIGH,HIGH
32.350525330725716,2.808121294669306,0.7907022678169806,0.0,10.24496777375974,LOW,LOW,LOW,CRITICAL,LOW,CRITICAL,CRITICAL
50.877430615741524,7.764824033063688,0.36951659756827404,379.1983251043203,2.906242114938685,MEDIUM,MEDIUM,LOW,LOW,LOW,HIGH,HIGH
74.29589543309845,-3.9794254098701645,-3.0392085279511,222.19722027952062,8.149013513051928,HIGH,LOW,LOW,LOW,LOW,HIGH,HIGH
29.054455907194228,-4.720059520377147,4.1215387755559725,660.5069461636429,10.755319782518445,LOW,LOW,LOW,LOW,LOW,LOW,LOW
57.45242058519457,1.4913689946233,0.8807572568205312,535.8300916627514,26.235536700914416,MEDIUM,LOW,LOW,LOW,MEDIUM,MEDIUM,HIGH
30.70439304952725,-0.5018421566086827,-5.348969663675381,290.3478013346725,10.397397607668953,LOW,LOW,MEDIUM,LOW,LOW,MEDIUM,MEDIUM
69.87379062872289,-13.961709411557816,-5.566253154071348,46.75493902239564,15.707881101294284,MEDIUM,HIGH,MEDIUM,HIGH,MEDIUM,CRITICAL,CRITICAL
67.69001357357874,38.12365182677004,7.2884050284694455,25.050630831996422,11.920792976576982,MEDIUM,CRITICAL,MEDIUM,HIGH,LOW,CRITICAL,CRITICAL
61.11794685344897,-3.1337989636015795,7.716365604874279,453.10244519773255,10.972772214325184,MEDIUM,LOW,MEDIUM,LOW,LOW,HIGH,HIGH
52.64270345894529,-0.7493212392852034,5.565831867823769,311.7960242288125,7.533583132443201,MEDIUM,LOW,MEDIUM,LOW,LOW,HIGH,HIGH
45.31833976251388,0.7732175924239711,-3.486758462275236,314.31055099142213,8.186325868847192,LOW,LOW,LOW,LOW,LOW,LOW,LOW
45.46595139598397,-0.6470691246626787,1.323468113625405,484.9579931280533,11.675655848962448,LOW,LOW,LOW,LOW,LOW,LOW,LOW
69.02643248720437,5.3305818404710585,18.548084707039937,12.78364960794119,2.883600816050513,MEDIUM,MEDIUM,CRITICAL,CRITICAL,LOW,CRITICAL,CRITICAL
52.23800564731778,1.1816965080030475,0.7428667574758583,358.2132793978155,6.35233816978335,MEDIUM,LOW,LOW,LOW,LOW,MEDIUM,MEDIUM
44.562409511601594,0.5572785229182393,4.443644578937732,79.85563725280853,5.545819302827231,LOW,LOW,LOW,MEDIUM,LOW,MEDIUM,MEDIUM
65.03355683305135,-0.12262442140975113,4.6527740758455085,248.15176813633792,4.769440780390475,MEDIUM,LOW,LOW,LOW,LOW,MEDIUM,MEDIUM
36.151269056251,1.324155611268854,-3.237386739179521,165.36978890457067,0.589848582865337,LOW,LOW,LOW,LOW,LOW,LOW,LOW
63.327070274650524,-8.468686751980465,-0.040957591268898044,282.0678264703731,6.307544996454705,MEDIUM,MEDIUM,LOW,LOW,LOW,HIGH,HIGH
61.982968101070924,5.132487458193269,-9.548611962247337,120.97596517287141,58.882158476672586,MEDIUM,MEDIUM,MEDIUM,LOW,CRITICAL,HIGH,CRITICAL
43.20511646290275,6.057122942881935,-0.8720225244844961,344.3729454522357,8.411483441894728,LOW,MEDIUM,LOW,LOW,LOW,MEDIUM,MEDIUM
55.527345608150156,1.3513036637279545,1.4317107999395309,294.99339184740506,6.162033544994814,MEDIUM,LOW,LOW,LOW,LOW,MEDIUM,MEDIUM
55.72854875836849,-1.5734044992914913,-6.348752278713816,312.68310271851595,11.794011978384862,MEDIUM,LOW,MEDIUM,LOW,LOW,HIGH,HIGH
100.0,-5.151009054029425,-13.305378952926128,20.53086233204232,16.42539458423632,CRITICAL,MEDIUM,HIGH,HIGH,MEDIUM,CRITICAL,CRITICAL
99.40449610976702,-12.505492965257567,-0.4101759459658717,13.804132471986028,30.974786480224648,CRITICAL,HIGH,LOW,CRITICAL,HIGH,CRITICAL,CRITICAL
38.9304221993858,-2.025334250124903,3.9824606561009768,416.45913402998207,1.089042501288651,LOW,LOW,LOW,LOW,LOW,LOW,LOW
46.61640083178814,-0.9995749432481845,1.1685953684751946,400.44247028044896,9.248588147685188,LOW,LOW,LOW,LOW,LOW,LOW,LOW
46.722676354166296,-1.857887759425384,3.3903212728367103,389.26043990730017,1.7562411681878705,LOW,LOW,LOW,LOW,LOW,LOW,LOW
57.9413188792903,-3.320281980516948,-1.1273793975884,235.36223464284197,21.2009231648881,MEDIUM,LOW,LOW,LOW,MEDIUM,MEDIUM,HIGH
49.44221104312328,-2.2671340518856624,13.35831749492373,248.91762943282566,4.723284551429368,LOW,LOW,HIGH,LOW,LOW,HIGH,HIGH
41.233232480363384,0.038096631734430855,-0.587907928188548,306.73429430611293,3.2186283572823964,LOW,LOW,LOW,LOW,LOW,LOW,LOW
32.996658969001444,-2.210771815133988,-1.5265243816528447,483.22261953894395,6.3318665755998005,LOW,LOW,LOW,LOW,LOW,LOW,LOW
51.23704088580668,-0.506905366251015,-0.8261869377957756,379.00087259411197,21.134518319820614,MEDIUM,LOW,LOW,LOW,MEDIUM,MEDIUM,HIGH
60.68190360723379,-0.8056796003078941,1.5249786206483953,342.6908782978646,6.76603096801342,MEDIUM,LOW,LOW,LOW,LOW,MEDIUM,MEDIUM
48.88395642338535,-1.6212042432133722,1.9478425577187135,232.02691287117062,8.549298334000854,LOW,LOW,LOW,LOW,LOW,LOW,LOW
66.50450413226817,-7.438652162199194,-2.739248438955584,333.0315672623179,10.124390012366092,MEDIUM,MEDIUM,LOW,LOW,LOW,HIGH,HIGH
68.64258791612068,0.09875105554263328,-7.8526916395252995,565.4770147266121,3.6595559245297267,MEDIUM,LOW,MEDIUM,LOW,LOW,HIGH,HIGH
46.80952141340181,4.176100517769519,2.335348326156236,271.6553245390697,1.6825716435561104,LOW,LOW,LOW,LOW,LOW,LOW,LOW
49.12503447437716,4.009077090474052,-1.6562577312012905,659.6477555938883,5.387987333784946,LOW,LOW,LOW,LOW,LOW,LOW,LOW
48.14023286002033,-0.1801764720436958,-1.7306380535863684,420.64208332469366,3.0332873672598843,LOW,LOW,LOW,LOW,LOW,LOW,LOW
26.85847006561412,3.218318542950568,3.3146404860709264,597.9585541303834,7.601527148087625,LOW,LOW,LOW,LOW,LOW,LOW,LOW
47.633611273887325,-4.099003000305561,7.392160767083399,528.3279523923353,6.624653714902426,LOW,LOW,MEDIUM,LOW,LOW,MEDIUM,MEDIUM
55.907568893009234,-1.6187004727767542,-7.908452717817822,150.3316544359099,5.824925338809367,MEDIUM,LOW,MEDIUM,LOW,LOW,HIGH,HIGH
59.688896164304445,-0.9986221528756773,0.8301691795549676,107.57858081922177,25.17857850880807,MEDIUM,LOW,LOW,LOW,MEDIUM,MEDIUM,HIGH
62.85794465576515,3.476510148872775,-5.758374431320868,709.6087025048836,17.040195060554055,MEDIUM,LOW,MEDIUM,LOW,MEDIUM,HIGH,HIGH
31.16473006407123,-3.2775473219951627,-4.755764472213396,429.5169169369063,8.44888799652155,LOW,LOW,LOW,LOW,LOW,LOW,LOW
42.72073314792022,-4.0285254872163225,6.894691606767819,234.2034211112321,14.86299211483316,LOW,LOW,MEDIUM,LOW,LOW,MEDIUM,MEDIUM
60.632290625553225,14.259523987105526,-15.474000836687761,11.771703775966557,17.52379847216329,MEDIUM,HIGH,CRITICAL,CRITICAL,MEDIUM,CRITICAL,CRITICAL
56.747334840197624,-2.275507900789476,5.634477973783677,327.36566645076095,12.195334073803643,MEDIUM,LOW,MEDIUM,LOW,LOW,HIGH,HIGH
56.190359294742244,8.972975852921417,-4.360121981894584,316.93508605221325,9.569174555712298,MEDIUM,MEDIUM,LOW,LOW,LOW,HIGH,HIGH
38.54358451798926,8.033892043926798,-5.889416246043112,482.11108610556295,4.375215529138524,LOW,MEDIUM,MEDIUM,LOW,LOW,HIGH,HIGH
39.96332073389367,4.885694373567809,-2.8313251129357404,196.9758435108287,8.822703856181823,LOW,LOW,LOW,LOW,LOW,LOW,LOW
52.05020491869992,0.4135279848483805,-3.9457619963969863,443.02854784840116,29.673615714695245,MEDIUM,LOW,LOW,LOW,MEDIUM,MEDIUM,HIGH
39.28958064307361,-1.7752939187653274,-6.257815946495874,145.70171580299845,7.097443204119077,LOW,LOW,MEDIUM,LOW,LOW,MEDIUM,MEDIUM
20.846053218122996,3.0127597989301953,-4.3280711401677445,289.03957030092363,20.279381057467134,LOW,LOW,LOW,LOW,MEDIUM,LOW,MEDIUM
23.861763029632296,-2.770139537420011,-4.768166176647728,531.1669993982512,9.432745380897815,LOW,LOW,LOW,LOW,LOW,LOW,LOW
14.112592744615196,3.194005351628881,3.5064235193687177,293.8785968139155,17.830960003736294,LOW,LOW,LOW,LOW,MEDIUM,LOW,MEDIUM
95.4562003378472,-4.969275734369216,29.529035144500558,11.180222665938006,31.181913601249256,CRITICAL,LOW,CRITICAL,CRITICAL,HIGH,CRITICAL,CRITICAL
40.137347084390385,-2.9017109727335817,-0.5879466006599238,529.8712352422115,15.754320846985078,LOW,LOW,LOW,LOW,MEDIUM,LOW,MEDIUM
2.9713264576816267,1.7370545996882862,-5.706596843241389,439.83989122380945,8.135566759758191,LOW,LOW,MEDIUM,LOW,LOW,MEDIUM,MEDIUM
54.53589789660825,5.461462578564639,-0.8990359394336246,259.60475748971083,3.4032879682752135,MEDIUM,MEDIUM,LOW,LOW,LOW,HIGH,HIGH
60.40590640309526,-2.5914891585860853,1.449799526378106,258.2190884841861,8.492665926992187,MEDIUM,LOW,LOW,LOW,LOW,MEDIUM,MEDIUM
58.378164518554115,2.351112911558594,-5.3787568009998115,396.6251878670686,7.362093317058504,MEDIUM,LOW,MEDIUM,LOW,LOW,HIGH,HIGH
32.05215431749758,8.160535543987676,8.017693214700683,332.4839928737136,5.672035537272472,LOW,MEDIUM,MEDIUM,LOW,LOW,HIGH,HIGH
34.619022020029625,5.987027143961897,-0.31003204458514433,0.0,6.269992408307104,LOW,MEDIUM,LOW,CRITICAL,LOW,CRITICAL,CRITICAL
44.379471463189645,5.236869233834609,3.173780219416487,11.80116734542568,22.617931692845104,LOW,MEDIUM,LOW,CRITICAL,MEDIUM,CRITICAL,CRITICAL
84.03420420661209,-0.40343242224072634,3.779662458663986,40.60375446323823,24.98768682866162,HIGH,LOW,LOW,HIGH,MEDIUM,CRITICAL,CRITICAL
61.85140930643642,2.707976389500217,0.7714473726007625,623.3159655173923,10.183912376455517,MEDIUM,LOW,LOW,LOW,LOW,MEDIUM,MEDIUM
64.57444033185628,5.3992978368183655,9.846780068739294,611.3070585398283,4.747060452530557,MEDIUM,MEDIUM,MEDIUM,LOW,LOW,HIGH,HIGH
36.12185900485361,5.09708903493748,-0.4543524544842012,281.134908309962,3.037449052109544,LOW,MEDIUM,LOW,LOW,LOW,MEDIUM,MEDIUM
49.03163683722962,-4.010182529558088,4.877972090266517,611.6602713333112,4.020918695783737,LOW,LOW,LOW,LOW,LOW,LOW,LOW
29.604695664151556,6.357765134246794,1.1356442349455236,348.72867718085064,5.1798571813037855,LOW,MEDIUM,LOW,LOW,LOW,MEDIUM,MEDIUM
50.078675650350064,10.639117747437586,9.157200294574972,34.59405655063132,6.087827941801349,MEDIUM,HIGH,MEDIUM,HIGH,LOW,CRITICAL,CRITICAL
52.27101971953386,-1.2071939735850112,10.121478674566758,308.97933942214985,6.022744577654339,MEDIUM,LOW,HIGH,LOW,LOW,HIGH,HIGH
60.6542399613502,-24.567170395197433,12.120828247123352,98.26099859267971,18.243680088994218,MEDIUM,CRITICAL,HIGH,MEDIUM,MEDIUM,CRITICAL,CRITICAL
51.70055416213716,3.0986265435603,5.945584173313504,149.5258063240626,18.865021750091174,MEDIUM,LOW,MEDIUM,LOW,MEDIUM,HIGH,HIGH
29.296173748396406,2.711879883586114,-5.138911065669869,290.4156198425455,10.445674333681508,LOW,LOW,MEDIUM,LOW,LOW,MEDIUM,MEDIUM
44.00751098180348,-5.281872524081087,1.5432111004987943,465.04263742612886,12.044738216361043,LOW,MEDIUM,LOW,LOW,LOW,MEDIUM,MEDIUM
76.85540798755527,0.3357202662183015,-9.007521863721069,20.86822139434776,17.54975512355356,HIGH,LOW,MEDIUM,HIGH,MEDIUM,CRITICAL,CRITICAL
38.06200550529932,1.5507195161313858,-5.10974641538137,558.1846972869631,18.020688683413745,LOW,LOW,MEDIUM,LOW,MEDIUM,MEDIUM,HIGH
52.58728963271846,-5.6290676321579065,4.375516247304612,156.04014441573415,38.29144085051369,MEDIUM,MEDIUM,LOW,LOW,HIGH,HIGH,HIGH
51.09141028273,1.7133096566776918,-7.975978506716965,456.99386371230537,4.477326492839352,MEDIUM,LOW,MEDIUM,LOW,LOW,HIGH,HIGH
43.230283580889335,-4.627985822657456,-2.728299192095132,557.4227550131467,4.7727983116940145,LOW,LOW,LOW,LOW,LOW,LOW,LOW
77.58151735226657,3.9480978145848526,-3.5556888334212235,43.92020478545649,35.1642373545014,HIGH,LOW,LOW,HIGH,HIGH,CRITICAL,CRITICAL
37.5644108013765,-6.572804319426345,-5.227604915794871,436.4583874775086,5.9158416541141845,LOW,MEDIUM,MEDIUM,LOW,LOW,HIGH,HIGH
47.22821855388958,-1.206932215834543,3.7322664228839413,361.43754282096876,12.469206805852359,LOW,LOW,LOW,LOW,LOW,LOW,LOW
18.393373016962222,-12.070587570989549,-2.870649103888486,467.7243153616666,3.6537801094888778,LOW,HIGH,LOW,LOW,LOW,HIGH,HIGH
82.19993795298491,2.322026375181418,10.043893855604084,175.72476703816955,27.556029716386917,HIGH,LOW,HIGH,LOW,MEDIUM,CRITICAL,CRITICAL
55.02449769801106,4.525460625469871,-18.57083752963573,136.15502960091078,24.809417004583544,MEDIUM,LOW,CRITICAL,LOW,MEDIUM,CRITICAL,CRITICAL
21.52539159837331,-2.4035487034152503,3.2907297062965752,410.3571061515154,8.48021414660411,LOW,LOW,LOW,LOW,LOW,LOW,LOW
30.65796445562191,0.677712335635795,-0.18908151691772299,143.48483292517798,6.105637271403453,LOW,LOW,LOW,LOW,LOW,LOW,LOW
91.80858766934993,7.0452533834549484,27.66764204840627,31.107996350635453,9.892169028257026,CRITICAL,MEDIUM,CRITICAL,HIGH,LOW,CRITICAL,CRITICAL
47.360198515096165,3.9060263562526583,-8.288540464385948,313.1121546365106,4.424286241630265,LOW,LOW,MEDIUM,LOW,LOW,MEDIUM,MEDIUM
34.470640525573174,3.0220610421140113,0.8366792427550066,269.764683572571,5.584720525255939,LOW,LOW,LOW,LOW,LOW,LOW,LOW
77.05755755506647,0.025249088989798472,-13.072111652545274,209.44218525502683,42.42070233955903,HIGH,LOW,HIGH,LOW,HIGH,CRITICAL,CRITICAL
32.902355564616265,-1.8368815919569623,-0.7045367908431136,73.85755517920668,1.1253748606944685,LOW,LOW,LOW,MEDIUM,LOW,MEDIUM,MEDIUM
35.98878104042148,-2.8885568665154526,3.932200594715806,210.47342399880515,3.856369216503202,LOW,LOW,LOW,LOW,LOW,LOW,LOW
77.48282178309834,4.218482513949273,4.099096449126912,560.3444655692086,2.795539801051315,HIGH,LOW,LOW,LOW,LOW,HIGH,HIGH
52.997436930229696,-16.31233262062354,-7.324957750777607,46.894203884705654,15.921622104648849,MEDIUM,CRITICAL,MEDIUM,HIGH,MEDIUM,CRITICAL,CRITICAL
70.7051004291367,-5.601744186062406,6.049828336517772,6.696514249665084,11.619528332082217,HIGH,MEDIUM,MEDIUM,CRITICAL,LOW,CRITICAL,CRITICAL
87.34181506524679,8.28404817494782,6.832489881884547,23.2039030140188,11.334749798902777,CRITICAL,MEDIUM,MEDIUM,HIGH,LOW,CRITICAL,CRITICAL
39.22811964593894,6.2244177501083335,0.9869218043477271,421.45429243850765,10.334483312119247,LOW,MEDIUM,LOW,LOW,LOW,MEDIUM,MEDIUM
84.55442850610913,-15.024663836938691,1.387160864158896,109.48338140175127,21.231462665143333,HIGH,CRITICAL,LOW,LOW,MEDIUM,CRITICAL,CRITICAL
81.83459419350802,-4.360540728588824,0.7033070084615127,157.4285723344267,8.152978932866672,HIGH,LOW,LOW,LOW,LOW,HIGH,HIGH
49.78212509442384,-0.08368414953230753,7.584493105017387,105.04970390580576,2.457913254042509,LOW,LOW,MEDIUM,LOW,LOW,MEDIUM,MEDIUM
100.0,-2.5004046120697585,0.40313559992219405,0.12043388339837953,8.374563595560534,CRITICAL,LOW,LOW,CRITICAL,LOW,CRITICAL,CRITICAL
51.71544399592518,-1.8200913570892074,0.6250649664779869,197.4834749867954,4.927395389897374,MEDIUM,LOW,LOW,LOW,LOW,MEDIUM,MEDIUM
63.77921181769736,3.663295126390417,-1.4527022349312646,311.0446319050932,6.537886293159935,MEDIUM,LOW,LOW,LOW,LOW,MEDIUM,MEDIUM
33.32537170490245,-2.831891788025609,-3.2860564499409506,390.29123110098254,3.309988977251328,LOW,LOW,LOW,LOW,LOW,LOW,LOW
59.01982061004935,1.4797024520175612,-4.469308035724938,342.5316011760717,14.919448463891424,MEDIUM,LOW,LOW,LOW,LOW,MEDIUM,MEDIUM
26.126030559490676,7.852631947968866,1.330620285908432,505.17987113413244,9.379601816072938,LOW,MEDIUM,LOW,LOW,LOW,MEDIUM,MEDIUM
34.232201784689465,3.183455249364906,2.617552536243053,402.18401132677934,18.53712344831118,LOW,LOW,LOW,LOW,MEDIUM,LOW,MEDIUM
36.91822743228917,0.4826185887635456,-2.6080880125411188,339.3896239665883,7.621843513945656,LOW,LOW,LOW,LOW,LOW,LOW,LOW
19.216043805692294,4.187818137712837,0.18654946626386298,256.2392772973226,3.3524267424908865,LOW,LOW,LOW,LOW,LOW,LOW,LOW
41.48131455571219,0.656063826562445,1.0612754817928762,257.21066401490947,11.486881360101968,LOW,LOW,LOW,LOW,LOW,LOW,LOW
54.85348059479471,-2.8893896184601178,0.23963909631801425,372.27583565436987,9.389914908451841,MEDIUM,LOW,LOW,LOW,LOW,MEDIUM,MEDIUM
57.87405645272808,-3.0339906142925885,-0.5303742184853565,664.4217295883514,0.5956031956347776,MEDIUM,LOW,LOW,LOW,LOW,MEDIUM,MEDIUM
71.52633538030759,-24.949611147787603,-28.11646921982209,171.855761499546,13.826825133492262,HIGH,CRITICAL,CRITICAL,LOW,LOW,CRITICAL,CRITICAL
58.017081893136684,0.9096203159664824,-3.5593790837645667,177.05967951591975,8.982297252683049,MEDIUM,LOW,LOW,LOW,LOW,MEDIUM,MEDIUM
55.4557646825959,5.507543544703397,3.0512347582931794,236.1556850641757,2.818038270384988,MEDIUM,MEDIUM,LOW,LOW,LOW,HIGH,HIGH
87.3929275421082,-3.2831054920424734,19.06976761963749,67.3578376925411,29.911857450370015,CRITICAL,LOW,CRITICAL,MEDIUM,MEDIUM,CRITICAL,CRITICAL
45.950750889565775,-2.91356125296684,-3.6503527927105064,476.2501808857099,13.734877858685003,LOW,LOW,LOW,LOW,LOW,LOW,LOW
54.05672204329438,-2.3170904691537677,5.9495192280658085,550.2615383734699,12.89113628288347,MEDIUM,LOW,MEDIUM,LOW,LOW,HIGH,HIGH
29.809716549472608,-7.039835528597001,-1.7831812553072681,259.32997937069837,11.001303935119841,LOW,MEDIUM,LOW,LOW,LOW,MEDIUM,MEDIUM
79.39003694916812,-7.95441119091214,-10.157453895223776,60.70643600270444,10.197536390548885,HIGH,MEDIUM,HIGH,MEDIUM,LOW,CRITICAL,CRITICAL
33.437795540788656,0.07148842587082656,-0.8968370871762686,230.00775992575146,13.66536779908225,LOW,LOW,LOW,LOW,LOW,LOW,LOW
96.49586069425185,18.2154288823373,-23.980139605735513,180.74259889525777,12.854638354950655,CRITICAL,CRITICAL,CRITICAL,LOW,LOW,CRITICAL,CRITICAL
34.82257904269167,-1.2219978522146115,-2.3895242441805715,369.8752484503015,17.23370861801957,LOW,LOW,LOW,LOW,MEDIUM,LOW,MEDIUM
61.121241171458315,10.944138636400387,10.062497730711126,28.21336701871583,38.26759599177351,MEDIUM,HIGH,HIGH,HIGH,HIGH,CRITICAL,CRITICAL
90.32537886172777,1.5121697141459765,-17.645648324451635,254.33528929974102,9.393612707611632,CRITICAL,LOW,CRITICAL,LOW,LOW,CRITICAL,CRITICAL
83.24972290425795,26.414101829605748,-18.007135045305034,132.44997323508974,48.508945457107835,HIGH,CRITICAL,CRITICAL,LOW,CRITICAL,CRITICAL,CRITICAL
45.97187025185072,-4.212656596680541,1.388185830387483,343.4115207149095,2.398247504429904,LOW,LOW,LOW,LOW,LOW,LOW,LOW
89.8216173221216,13.238867985946815,6.052380788620917,61.06097895881529,14.635734817957202,CRITICAL,HIGH,MEDIUM,MEDIUM,LOW,CRITICAL,CRITICAL
40.43482693419073,-1.2517158687600565,2.4742254279116978,707.4217539826711,8.10706047304204,LOW,LOW,LOW,LOW,LOW,LOW,LOW
41.749023162653074,0.36695950394912813,-2.6885306339893065,399.6193755741665,11.323405172847853,LOW,LOW,LOW,LOW,LOW,LOW,LOW
51.86312901007172,1.7349904373941412,-7.087586728985775,464.63662851117255,3.9743720733135515,MEDIUM,LOW,MEDIUM,LOW,LOW,HIGH,HIGH
55.27489506592876,-7.551400179141006,-8.778483536716337,63.1226199935974,29.492413598658032,MEDIUM,MEDIUM,MEDIUM,MEDIUM,MEDIUM,HIGH,HIGH
49.08705364562111,11.194452994229085,14.303471611715675,87.40013568445372,7.147496737812556,LOW,HIGH,HIGH,MEDIUM,LOW,CRITICAL,CRITICAL
74.05547059086511,-4.835815936893665,-2.5503723101242937,138.6355079878018,15.803178772681473,HIGH,LOW,LOW,LOW,MEDIUM,HIGH,HIGH
28.253237172239285,-0.8208520249038505,-0.9116181889074945,378.4914852917436,4.930974896967085,LOW,LOW,LOW,LOW,LOW,LOW,LOW
58.766522966927056,-1.2415845459020547,-2.6273418747777217,155.903288006739,9.728460372172096,MEDIUM,LOW,LOW,LOW,LOW,MEDIUM,MEDIUM
29.40310163207648,5.501838710672212,2.3818359731147476,737.1984896521692,13.056435044688172,LOW,MEDIUM,LOW,LOW,LOW,MEDIUM,MEDIUM
30.472745295571567,-5.527076754270816,3.0802004356703434,621.1065033394904,4.984023107677363,LOW,MEDIUM,LOW,LOW,LOW,MEDIUM,MEDIUM
27.914077385754734,-4.971733387642273,-1.2456973974141805,358.67397585462237,7.815664121791474,LOW,LOW,LOW,LOW,LOW,LOW,LOW
55.097005383494526,1.220341618827012,-1.6004786452045239,245.03017089392785,19.562715412289634,MEDIUM,LOW,LOW,LOW,MEDIUM,MEDIUM,HIGH
48.011078111375845,-0.12454215326110273,1.336795772687065,102.45329342338589,3.0070465924504175,LOW,LOW,LOW,LOW,LOW,LOW,LOW
53.44365990427628,-0.42977952717699763,-0.3074616280146481,586.4251690385425,3.872824857060664,MEDIUM,LOW,LOW,LOW,LOW,MEDIUM,MEDIUM
72.96299288831024,0.5934514347279419,-1.336356828380924,254.15738286768845,12.083461745718125,HIGH,LOW,LOW,LOW,LOW,HIGH,HIGH
82.54757686358566,-1.9359373584022124,2.7968497546879463,60.624564105824575,5.767156880705801,HIGH,LOW,LOW,MEDIUM,LOW,HIGH,HIGH
43.09200924026336,0.49909395164462506,-0.6811381273032044,335.3346488243109,10.912831209576028,LOW,LOW,LOW,LOW,LOW,LOW,LOW
77.99053103540996,-16.0963803751505,3.892148534339086,270.6930841531761,9.712192684522963,HIGH,CRITICAL,LOW,LOW,LOW,CRITICAL,CRITICAL
32.16775956111628,-1.0945104415730726,-4.209317878412781,264.4037995876361,2.220780813886157,LOW,LOW,LOW,LOW,LOW,LOW,LOW
17.502443224519087,2.5038385951246562,0.9362639642227196,123.81142323549417,5.139320302045526,LOW,LOW,LOW,LOW,LOW,LOW,LOW
48.39357133001132,4.471735290908608,-4.6772610603458755,322.973390236861,5.200765650564298,LOW,LOW,LOW,LOW,LOW,LOW,LOW
45.51307026807113,-3.418498567020263,-1.8279673353009258,96.51918170465899,7.810039380541582,LOW,LOW,LOW,MEDIUM,LOW,MEDIUM,MEDIUM
94.00249647989669,8.440600633474153,-7.036944921934941,97.95447859311368,6.281866787730874,CRITICAL,MEDIUM,MEDIUM,MEDIUM,LOW,CRITICAL,CRITICAL
71.96187472651292,0.35159717636415466,6.89810790924479,51.19917721915898,52.60777614599779,HIGH,LOW,MEDIUM,MEDIUM,CRITICAL,HIGH,CRITICAL
46.74992626754255,1.3067578613668234,-4.943165646025704,573.6336754213169,14.865159474097966,LOW,LOW,LOW,LOW,LOW,LOW,LOW
35.08294331713542,-0.8022847226230743,-0.3116909427140636,448.92337689159996,20.790355309365314,LOW,LOW,LOW,LOW,MEDIUM,LOW,MEDIUM
95.13008646227631,9.142413746137413,-9.052594312371635,162.83759825184094,13.66169339796099,CRITICAL,MEDIUM,MEDIUM,LOW,LOW,CRITICAL,CRITICAL
100.0,-3.4087595049442534,-7.576939641049565,37.22907462711554,25.29018927395656,CRITICAL,LOW,MEDIUM,HIGH,MEDIUM,CRITICAL,CRITICAL
76.7520458244578,-0.21250455501782714,0.8136586935583284,347.2152479419318,2.8537459559251097,HIGH,LOW,LOW,LOW,LOW,HIGH,HIGH
39.98094218204557,2.262531607546879,1.0900719609183724,535.4789814146225,18.262761952660696,LOW,LOW,LOW,LOW,MEDIUM,LOW,MEDIUM
49.60504590008043,0.5241966558446934,3.876812887116009,0.0,7.309970927015597,LOW,LOW,LOW,CRITICAL,LOW,CRITICAL,CRITICAL
75.18038073133025,-9.641722068233285,-3.731657597832868,55.580537264379245,28.148018488581773,HIGH,MEDIUM,LOW,MEDIUM,MEDIUM,HIGH,HIGH
16.29989497915796,-3.8601823223047185,3.585998680800664,0.0,17.12954654115601,LOW,LOW,LOW,CRITICAL,MEDIUM,CRITICAL,CRITICAL
84.38213983160175,1.9807107807732518,15.984381739574802,41.32158330765317,46.365948774788976,HIGH,LOW,CRITICAL,HIGH,CRITICAL,CRITICAL,CRITICAL
58.87082708270132,-3.994602761391228,-3.9454983682093703,202.90380748963742,14.154444519103466,MEDIUM,LOW,LOW,LOW,LOW,MEDIUM,MEDIUM
22.6462871505143,0.5856571673704137,4.646012193927904,316.7221838758522,1.472339535490454,LOW,LOW,LOW,LOW,LOW,LOW,LOW
57.59916809613041,-1.21245728606686,3.0251469144089174,274.2145377447509,1.4894278186177523,MEDIUM,LOW,LOW,LOW,LOW,MEDIUM,MEDIUM
25.013253285026924,2.5256744250896257,3.1962722925691973,351.10366107834085,4.446270427591571,LOW,LOW,LOW,LOW,LOW,LOW,LOW
59.91568096488069,-1.2713221680781763,0.6061555233010831,204.2516046946893,11.463391209224902,MEDIUM,LOW,LOW,LOW,LOW,MEDIUM,MEDIUM
55.288356846568796,-1.0489342775314232,-1.7428433295389485,344.0825926725619,7.580126438605865,MEDIUM,LOW,LOW,LOW,LOW,MEDIUM,MEDIUM
58.42395092348341,-1.0408300054357666,-3.48212102491203,378.70838439531803,9.765454104149052,MEDIUM,LOW,LOW,LOW,LOW,MEDIUM,MEDIUM
67.32120654685133,-1.7460542153108025,-1.7786746661174495,1.0141658227183206,29.987331186831845,MEDIUM,LOW,LOW,CRITICAL,MEDIUM,CRITICAL,CRITICAL
39.49466077917537,-1.561636745686534,7.875029237735835,519.1523867144788,3.6245727240877255,LOW,LOW,MEDIUM,LOW,LOW,MEDIUM,MEDIUM
53.564114909132975,4.007324845046124,1.6020118274510815,0.0,16.138615396915515,MEDIUM,LOW,LOW,CRITICAL,MEDIUM,CRITICAL,CRITICAL
93.75943038569432,3.2659905752302083,1.4577429519486922,79.61519809144272,26.625446402135097,CRITICAL,LOW,LOW,MEDIUM,MEDIUM,CRITICAL,CRITICAL
64.43949740228629,-10.516341074734303,-11.982844637789274,54.56546572628843,6.957308005824775,MEDIUM,HIGH,HIGH,MEDIUM,LOW,CRITICAL,CRITICAL
76.85611648402147,-3.798151884066967,-28.268441881528297,100.63246936424679,54.09064742698518,HIGH,LOW,CRITICAL,LOW,CRITICAL,CRITICAL,CRITICAL
100.0,-13.68309764477195,22.65150144751206,19.4885256885819,10.33829912026736,CRITICAL,HIGH,CRITICAL,CRITICAL,LOW,CRITICAL,CRITICAL
45.2204114331655,1.5446659919935548,-0.6187613245382187,478.4979399362248,7.949383803094692,LOW,LOW,LOW,LOW,LOW,LOW,LOW
37.16377907433736,3.4729170139982974,-2.6264581257846262,188.98798010871076,4.1843048651984605,LOW,LOW,LOW,LOW,LOW,LOW,LOW
97.00881227097476,-23.36199407284582,13.595116647612416,246.15309256264788,60.0,CRITICAL,CRITICAL,HIGH,LOW,CRITICAL,CRITICAL,CRITICAL
60.55507986553738,-1.101929260716089,0.7291208941514788,113.44408466784033,8.205250341055052,MEDIUM,LOW,LOW,LOW,LOW,MEDIUM,MEDIUM
52.471679934668124,3.9545540885570483,1.7893822372253498,343.1780608006583,7.791784458479536,MEDIUM,LOW,LOW,LOW,LOW,MEDIUM,MEDIUM
100.0,-2.1045972326919387,2.4004054477479357,118.73368215271218,20.69519766755581,CRITICAL,LOW,LOW,LOW,MEDIUM,CRITICAL,CRITICAL
37.08447882119091,-4.50914209482772,-1.8029611092110063,0.0,4.0543074393827885,LOW,LOW,LOW,CRITICAL,LOW,CRITICAL,CRITICAL
30.4780710322151,2.96208061319998,3.8215719858294306,114.02524956987976,21.52350930454976,LOW,LOW,LOW,LOW,MEDIUM,LOW,MEDIUM
47.11671745058389,-6.099939760576238,-0.5351174900849587,195.12107574797005,12.39235391600924,LOW,MEDIUM,LOW,LOW,LOW,MEDIUM,MEDIUM
83.5912858386671,2.277356691701193,0.2106888392608743,457.24390557493973,2.3947516971977874,HIGH,LOW,LOW,LOW,LOW,HIGH,HIGH
46.310361378903956,-2.9232525024350124,0.9811669705477413,126.34984935451025,2.9707083084006536,LOW,LOW,LOW,LOW,LOW,LOW,LOW
54.68696462405567,1.6896203313276863,-4.72859699520719,668.1963244328379,3.5730756358224243,MEDIUM,LOW,LOW,LOW,LOW,MEDIUM,MEDIUM
70.97400170753801,1.2014284737895267,0.5254997743573011,94.35296017483611,39.105478136143354,HIGH,LOW,LOW,MEDIUM,HIGH,HIGH,CRITICAL
56.872461539594354,-4.974062689296368,-2.8734121553225713,371.32271877305965,2.3929563542422545,MEDIUM,LOW,LOW,LOW,LOW,MEDIUM,MEDIUM
31.172645155196793,0.3999526550622072,-1.34057255511277,325.63983789384025,2.1236030186871564,LOW,LOW,LOW,LOW,LOW,LOW,LOW
67.58538178105285,4.459089580419246,22.943078862837904,56.95794801384951,41.98873994295556,MEDIUM,LOW,CRITICAL,MEDIUM,HIGH,CRITICAL,CRITICAL
68.5328645224845,12.465349340710667,9.719213910010032,54.3348827990033,17.90798443517029,MEDIUM,HIGH,MEDIUM,MEDIUM,MEDIUM,HIGH,HIGH
41.34483008481016,0.25592120062349744,-16.430725361646928,189.13807270531694,16.034728586437367,LOW,LOW,CRITICAL,LOW,MEDIUM,CRITICAL,CRITICAL
93.8110106141617,23.75645747412896,23.8803541622301,189.69584453314013,21.709764273932436,CRITICAL,CRITICAL,CRITICAL,LOW,MEDIUM,CRITICAL,CRITICAL
47.668625871174804,11.668131084834625,1.915387471330304,353.3282106104881,18.499851921601056,LOW,HIGH,LOW,LOW,MEDIUM,HIGH,HIGH
60.844327256191846,1.5901110262926157,0.053681941553857165,347.60904398737574,2.9392267565392687,MEDIUM,LOW,LOW,LOW,LOW,MEDIUM,MEDIUM
52.60373580204466,-7.709929710136375,-1.548604223399296,521.5463657175965,10.511123869261743,MEDIUM,MEDIUM,LOW,LOW,LOW,HIGH,HIGH
49.7328441138038,-0.19143571061102924,1.0040141726005862,382.2945507887914,1.449794184913229,LOW,LOW,LOW,LOW,LOW,LOW,LOW
39.76107171978058,-2.3580286892184574,1.3046354556630533,573.6387115746244,5.886201926804766,LOW,LOW,LOW,LOW,LOW,LOW,LOW
52.3011225323709,0.7892536491610662,3.0941904604280723,160.8305900859871,5.459493994111005,MEDIUM,LOW,LOW,LOW,LOW,MEDIUM,MEDIUM
41.61416052581798,4.219569650206988,3.7761685925963384,138.20027167061235,17.81302846589457,LOW,LOW,LOW,LOW,MEDIUM,LOW,MEDIUM
37.021027375618615,10.529544818709994,-1.7196004208315467,651.9725795881042,2.026687171935339,LOW,HIGH,LOW,LOW,LOW,HIGH,HIGH
30.15523550753455,-1.7807416486329877,-1.0295570651397223,296.8995124669155,6.758728261078187,LOW,LOW,LOW,LOW,LOW,LOW,LOW
32.7098761089814,4.633887985893311,4.895174490052661,520.8733697075568,10.985929884217896,LOW,LOW,LOW,LOW,LOW,LOW,LOW
46.39114598669328,-0.7094261945596362,0.7738614839529562,175.76496973241507,4.650378104095215,LOW,LOW,LOW,LOW,LOW,LOW,LOW
30.091186062369097,4.6116530248192396,7.602596166888348,420.79312486996656,16.280807126516173,LOW,LOW,MEDIUM,LOW,MEDIUM,MEDIUM,HIGH
70.5747302860083,2.387772155245481,-7.355873867202549,26.830509254072823,31.17310337538076,HIGH,LOW,MEDIUM,HIGH,HIGH,CRITICAL,CRITICAL
46.07502830820366,-6.421818796156312,-2.9410988775102225,384.5895624859877,1.343564616803536,LOW,MEDIUM,LOW,LOW,LOW,MEDIUM,MEDIUM
28.681604818361123,-2.7369687220609746,-2.8230222489087917,303.0905001798875,1.5108170669010708,LOW,LOW,LOW,LOW,LOW,LOW,LOW
46.308074880559005,1.5293213111995487,4.4292727460637344,469.11117230388743,7.470425471178514,LOW,LOW,LOW,LOW,LOW,LOW,LOW
88.74839590253868,-18.80901021754328,-2.0786571762211836,101.15477802147268,10.365942759830652,CRITICAL,CRITICAL,LOW,LOW,LOW,CRITICAL,CRITICAL
45.00335921993682,4.020636426760358,-0.21128695811031065,679.6064735458338,12.181861708308393,LOW,LOW,LOW,LOW,LOW,LOW,LOW
21.59743762305084,8.469296577483814,-1.6450417219339344,376.21105942884043,0.8071360322156041,LOW,MEDIUM,LOW,LOW,LOW,MEDIUM,MEDIUM
44.06795900296037,0.4129666347963418,-7.879587173762394,306.2955882838489,15.784203930319702,LOW,LOW,MEDIUM,LOW,MEDIUM,MEDIUM,HIGH
38.478079599416745,3.262376978384652,-6.491899848014256,131.57659517247387,16.188522854142576,LOW,LOW,MEDIUM,LOW,MEDIUM,MEDIUM,HIGH
53.905189273982494,20.473238119928002,-27.98686218235587,22.01288324345735,22.69956534712326,MEDIUM,CRITICAL,CRITICAL,HIGH,MEDIUM,CRITICAL,CRITICAL
24.408690300874504,8.486126201495056,-4.729493646693504,103.35028703464259,16.44880785012527,LOW,MEDIUM,LOW,LOW,MEDIUM,MEDIUM,HIGH
55.68756663138241,-6.132050669030923,-5.05453627800628,84.62725000846443,2.6797608381224505,MEDIUM,MEDIUM,MEDIUM,MEDIUM,LOW,HIGH,HIGH
79.93269913168746,-3.722938717014062,-1.231782881407579,191.54874064767796,48.574486999549336,HIGH,LOW,LOW,LOW,CRITICAL,HIGH,CRITICAL
75.67614032486001,-2.12826467885777,27.599629492637682,229.60009065842297,6.622150556474862,HIGH,LOW,CRITICAL,LOW,LOW,CRITICAL,CRITICAL
64.33697753156167,2.6256262619598885,-1.9180999785271362,643.2773331394902,0.8697741802001588,MEDIUM,LOW,LOW,LOW,LOW,MEDIUM,MEDIUM
65.6082001686167,6.514815915410271,-13.852270740577609,19.091702074185264,19.036628178013242,MEDIUM,MEDIUM,HIGH,CRITICAL,MEDIUM,CRITICAL,CRITICAL
37.80969086015873,0.7765286080225743,-5.15436683351037,238.9521553470586,7.178696467071619,LOW,LOW,MEDIUM,LOW,LOW,MEDIUM,MEDIUM
37.69249225456283,-8.870436320608059,-3.3683947588855543,121.89019609290855,13.559641559032043,LOW,MEDIUM,LOW,LOW,LOW,MEDIUM,MEDIUM
49.82478989387379,-3.2270818080100767,-0.3099310973275444,451.06000295479134,4.852768894332394,LOW,LOW,LOW,LOW,LOW,LOW,LOW
80.18670074772459,5.0238730175048625,14.265674894317879,30.44299423334061,13.277731924909359,HIGH,MEDIUM,HIGH,HIGH,LOW,CRITICAL,CRITICAL
47.74371845430384,-7.414928964876493,1.8486163842387093,330.3452429899005,16.572961314777352,LOW,MEDIUM,LOW,LOW,MEDIUM,MEDIUM,HIGH
62.90548841163017,-28.103051931626734,-12.732127185456267,137.73180527206497,24.454073442885043,MEDIUM,CRITICAL,HIGH,LOW,MEDIUM,CRITICAL,CRITICAL
80.29954159831287,-3.589952367800124,10.628716246582258,85.85630356929413,16.040173658229996,HIGH,LOW,HIGH,MEDIUM,MEDIUM,CRITICAL,CRITICAL
51.7189609915942,3.5688394912399426,0.8724974787240124,296.9520130080474,2.152027119604862,MEDIUM,LOW,LOW,LOW,LOW,MEDIUM,MEDIUM
98.39768238355089,-9.996584412884369,11.17064859350205,75.48080877202507,60.0,CRITICAL,MEDIUM,HIGH,MEDIUM,CRITICAL,CRITICAL,CRITICAL
40.02331842341817,-6.114365185037145,1.242158551656816,149.26089896523456,3.502809692857602,LOW,MEDIUM,LOW,LOW,LOW,MEDIUM,MEDIUM
27.138812988949926,-2.740073771740257,7.172457310429985,423.87737970516247,13.045822603636557,LOW,LOW,MEDIUM,LOW,LOW,MEDIUM,MEDIUM
33.18416350101721,0.9051690689737455,7.854211334175264,410.3289019763212,5.348268371456303,LOW,LOW,MEDIUM,LOW,LOW,MEDIUM,MEDIUM
22.08807965821944,-2.0921617184663432,-2.967635998579215,666.6589886412372,4.921466167908289,LOW,LOW,LOW,LOW,LOW,LOW,LOW
100.0,-12.412948368864374,8.073081446393063,17.938621898912597,8.536740989265708,CRITICAL,HIGH,MEDIUM,CRITICAL,LOW,CRITICAL,CRITICAL
100.0,3.4333018705193092,11.395697983398408,68.31020694559761,4.956912239071929,CRITICAL,LOW,HIGH,MEDIUM,LOW,CRITICAL,CRITICAL
57.77893606186264,3.6594711923913987,0.26313875789899777,241.85066496273535,13.14031816592745,MEDIUM,LOW,LOW,LOW,LOW,MEDIUM,MEDIUM
44.097682508923086,-2.4171577264365967,-6.275525172093552,254.88858103633228,5.334389242433709,LOW,LOW,MEDIUM,LOW,LOW,MEDIUM,MEDIUM
61.54038069111567,0.711319198821737,-2.1190708236921627,494.87406887241434,3.359248042117124,MEDIUM,LOW,LOW,LOW,LOW,MEDIUM,MEDIUM
46.430254114991676,-6.6500980085443695,-5.987955955457196,282.8107055608362,0.8357238759356336,LOW,MEDIUM,MEDIUM,LOW,LOW,HIGH,HIGH
96.80569506538374,-7.076260935149381,-6.128207258347809,63.302043429175214,37.197792158174316,CRITICAL,MEDIUM,MEDIUM,MEDIUM,HIGH,CRITICAL,CRITICAL
55.27072281074838,-4.307818163511786,5.511897335701655,736.7671329086693,10.963879945467315,MEDIUM,LOW,MEDIUM,LOW,LOW,HIGH,HIGH
13.735025679857992,2.5221768347338083,-2.3608789517174302,126.63636820823463,5.166474058927333,LOW,LOW,LOW,LOW,LOW,LOW,LOW
45.48397216156879,-3.5753328825563604,-0.7303395136497672,250.1732167221407,16.994885784407664,LOW,LOW,LOW,LOW,MEDIUM,LOW,MEDIUM
76.74018085246493,-5.854505832129148,-1.5202878675698148,459.52634263516774,6.980515536613003,HIGH,MEDIUM,LOW,LOW,LOW,HIGH,HIGH
75.83180886607651,10.485105593282974,17.9297027672019,37.78824910280768,24.76836887014163,HIGH,HIGH,CRITICAL,HIGH,MEDIUM,CRITICAL,CRITICAL
45.39277723778698,0.28514904219784676,2.555827256850981,222.4721417247636,5.001819127288259,LOW,LOW,LOW,LOW,LOW,LOW,LOW
48.39595940452468,-1.64385933300343,12.394721809100062,52.91591691776565,5.797502747257567,LOW,LOW,HIGH,MEDIUM,LOW,HIGH,HIGH
50.050684431309165,-0.5150970191369798,-5.641058112695987,280.3771991856814,7.292619462038353,MEDIUM,LOW,MEDIUM,LOW,LOW,HIGH,HIGH
100.0,-14.003787318875036,-4.949040838198884,81.49647395835662,6.532061194987091,CRITICAL,HIGH,LOW,MEDIUM,LOW,CRITICAL,CRITICAL
32.60452072101197,-1.5689184453760947,6.71271968849948,336.8655022613699,6.287009450285255,LOW,LOW,MEDIUM,LOW,LOW,MEDIUM,MEDIUM
30.879277707911015,-0.07664199032656716,-2.0971264386331807,496.9824243147863,4.805328103544638,LOW,LOW,LOW,LOW,LOW,LOW,LOW
34.5270623790062,-15.751348578322405,-6.9688930866774035,223.2997058577851,21.61547034005998,LOW,CRITICAL,MEDIUM,LOW,MEDIUM,CRITICAL,CRITICAL
42.824494627073655,-0.4867547427490798,1.6323842342797779,187.40724005976037,14.568853756076587,LOW,LOW,LOW,LOW,LOW,LOW,LOW
82.80214395059065,30.236392377353916,-11.55362116762197,116.56649126931471,54.2088043547913,HIGH,CRITICAL,HIGH,LOW,CRITICAL,CRITICAL,CRITICAL
63.56196887600308,6.313370709989142,3.514619400721516,592.7647757561922,27.248443529511515,MEDIUM,MEDIUM,LOW,LOW,MEDIUM,HIGH,HIGH
48.24832107567309,8.242755734911674,5.452193285107006,337.0887832740198,8.91527716002716,LOW,MEDIUM,MEDIUM,LOW,LOW,HIGH,HIGH
33.88255997047756,3.230958223936604,6.321359083291878,514.9821704799863,15.780758333283263,LOW,LOW,MEDIUM,LOW,MEDIUM,MEDIUM,HIGH
43.78776640254664,2.2660098202208743,-1.2307577460276065,322.09124140670633,8.3908697267033,LOW,LOW,LOW,LOW,LOW,LOW,LOW
41.11853382191432,-1.9882099473427302,0.21877946149850463,429.4555567807311,13.80623140732126,LOW,LOW,LOW,LOW,LOW,LOW,LOW
40.82820203450499,1.5528024542078247,-0.6502384699002787,385.55875304902685,8.618424900122575,LOW,LOW,LOW,LOW,LOW,LOW,LOW
36.48288236723842,2.0501745135976073,1.1603515985417294,357.9020959622099,14.534353429064806,LOW,LOW,LOW,LOW,LOW,LOW,LOW
35.08738204871129,1.715284024048592,-4.324048279050241,174.71089953652304,3.6973747815458853,LOW,LOW,LOW,LOW,LOW,LOW,LOW
46.44013901995575,0.8082980246452526,-0.016807661564624373,656.9652241723551,2.821354529139623,LOW,LOW,LOW,LOW,LOW,LOW,LOW
73.84433169085115,-5.466649957214461,15.971982589556372,16.409812717610677,16.638507946965756,HIGH,MEDIUM,CRITICAL,CRITICAL,MEDIUM,CRITICAL,CRITICAL
80.05604027882109,3.947372774596989,-17.15676787483209,154.6729129827407,14.413044712175068,HIGH,LOW,CRITICAL,LOW,LOW,CRITICAL,CRITICAL
70.48499390739785,-11.321240583207988,8.650123225568228,24.83646306940084,14.547213044768037,HIGH,HIGH,MEDIUM,HIGH,LOW,CRITICAL,CRITICAL
36.08253416359916,0.9777918339898116,-0.38952402365387034,473.32238091475506,14.095442001768523,LOW,LOW,LOW,LOW,LOW,LOW,LOW
39.2814406909069,-0.8286467563761609,5.080352101019588,583.1012869889153,5.754205717090092,LOW,LOW,MEDIUM,LOW,LOW,MEDIUM,MEDIUM
63.64445680769864,16.270674737136158,10.81555453447231,23.942193520346216,18.79098284252909,MEDIUM,CRITICAL,HIGH,HIGH,MEDIUM,CRITICAL,CRITICAL
39.202576645158146,-2.7619108462656876,-2.386251718338612,23.001181366561177,13.232966716460869,LOW,LOW,LOW,HIGH,LOW,HIGH,HIGH
42.755460836223115,-5.347911832562217,-0.049463752969458145,290.9022303156992,7.034241151710205,LOW,MEDIUM,LOW,LOW,LOW,MEDIUM,MEDIUM
67.07563347542835,5.828892300263824,2.0824188726440163,402.3893421847454,1.8932807928266793,MEDIUM,MEDIUM,LOW,LOW,LOW,HIGH,HIGH
55.33069116832154,2.4389508933468202,5.676257653430084,0.0,12.160933013316555,MEDIUM,LOW,MEDIUM,CRITICAL,LOW,CRITICAL,CRITICAL
92.70724879026415,-13.604040509876977,-10.742605729830665,25.17099411272258,15.321361523169745,CRITICAL,HIGH,HIGH,HIGH,MEDIUM,CRITICAL,CRITICAL
48.639042195824125,-4.288943813421224,3.3290783542968314,477.21866967114124,1.8064813811511833,LOW,LOW,LOW,LOW,LOW,LOW,LOW
46.24297262803494,1.8933467022198678,-0.11921512740576254,444.42524294857066,5.480779275051133,LOW,LOW,LOW,LOW,LOW,LOW,LOW
49.03207401658847,-3.735767629672034,-4.097939996061753,389.31193617393905,5.821567037553627,LOW,LOW,LOW,LOW,LOW,LOW,LOW
58.322761413964535,-7.469610761523145,-18.172968748777446,29.975256803113965,30.788459796096795,MEDIUM,MEDIUM,CRITICAL,HIGH,HIGH,CRITICAL,CRITICAL
32.4775513417999,1.3464057102486675,-2.172087785543159,224.5505371751426,6.8908622249483775,LOW,LOW,LOW,LOW,LOW,LOW,LOW
50.15396302767324,-0.23959809725705378,-6.490856201383383,0.0,3.7252757389221385,MEDIUM,LOW,MEDIUM,CRITICAL,LOW,CRITICAL,CRITICAL
69.37995463612792,-5.446700121854524,6.7692520764195026,303.25018920622415,7.549609895885099,MEDIUM,MEDIUM,MEDIUM,LOW,LOW,HIGH,HIGH
55.43920539507491,-3.6010245158257357,-14.1869568238608,14.042890234217442,16.21079561418809,MEDIUM,LOW,HIGH,CRITICAL,MEDIUM,CRITICAL,CRITICAL
72.761717136536,0.9930341670467344,0.17078909783377555,299.44452399650646,4.572802718289166,HIGH,LOW,LOW,LOW,LOW,HIGH,HIGH
7.614155226253992,2.63939844841826,-4.467763536409455,161.40050969496218,12.337245475982328,LOW,LOW,LOW,LOW,LOW,LOW,LOW
39.79257776372325,4.26041147492815,2.4203913305183375,473.50554636351796,1.676117764937978,LOW,LOW,LOW,LOW,LOW,LOW,LOW
34.60564493203177,4.104349763840016,3.375160103526301,406.8958079796081,3.9762709684005273,LOW,LOW,LOW,LOW,LOW,LOW,LOW
42.72903762087886,5.239253340768496,-4.685657568375957,346.32318639553796,11.932907342913827,LOW,MEDIUM,LOW,LOW,LOW,MEDIUM,MEDIUM
33.77863525727006,1.1666357327561845,1.157355622571938,319.35971744518775,11.891695701560934,LOW,LOW,LOW,LOW,LOW,LOW,LOW
56.527637244547805,-6.963238095104037,9.760452271553087,267.406329909363,60.0,MEDIUM,MEDIUM,MEDIUM,LOW,CRITICAL,HIGH,CRITICAL
52.39793532734818,-1.4183625300119247,-2.1822104109475466,430.48941435542963,17.077255765004704,MEDIUM,LOW,LOW,LOW,MEDIUM,MEDIUM,HIGH
9.862824935019795,1.1986879093517053,-1.6241166176508615,446.6923666175125,14.665462962550544,LOW,LOW,LOW,LOW,LOW,LOW,LOW
78.51291684855272,10.740056620100386,7.450100976400062,133.3679932937796,20.26512815112956,HIGH,HIGH,MEDIUM,LOW,MEDIUM,CRITICAL,CRITICAL
56.68161461966673,0.7304631346615842,-4.49761398296109,34.68393497782109,16.512480065163064,MEDIUM,LOW,LOW,HIGH,MEDIUM,HIGH,HIGH
27.327304689985848,1.731401610079896,4.443012689658568,485.9332952847098,16.055353709481018,LOW,LOW,LOW,LOW,MEDIUM,LOW,MEDIUM
41.82165703202636,-1.9546215864469334,-1.063421181787434,229.49213029960745,3.699834889628923,LOW,LOW,LOW,LOW,LOW,LOW,LOW
42.99558405409843,-3.1067762118885756,3.766476054205963,363.773251203868,6.326928941310021,LOW,LOW,LOW,LOW,LOW,LOW,LOW
61.546273441514316,-18.27939885850738,-10.32120385593678,86.13274396159082,34.952934013752056,MEDIUM,CRITICAL,HIGH,MEDIUM,HIGH,CRITICAL,CRITICAL
58.837217553496636,-5.770542684052723,0.39823039039986724,629.258797860072,9.054253753106234,MEDIUM,MEDIUM,LOW,LOW,LOW,HIGH,HIGH
64.14065672199321,8.02982371628395,-20.011983194290345,0.9248301398070863,39.762721136900396,MEDIUM,MEDIUM,CRITICAL,CRITICAL,HIGH,CRITICAL,CRITICAL
31.82817444591821,-3.9397845004681296,-0.45529908922990786,427.93512704785445,8.371401544250718,LOW,LOW,LOW,LOW,LOW,LOW,LOW
33.86011251341433,3.7676118470440834,-1.4440820704091455,495.33027391770264,6.4789743910606585,LOW,LOW,LOW,LOW,LOW,LOW,LOW
66.83102006589287,-2.352074076147868,-0.7462930122214587,740.8147149912492,20.016882600958752,MEDIUM,LOW,LOW,LOW,MEDIUM,MEDIUM,HIGH
19.913932112814713,-0.8396311644318454,1.4072618036555853,215.152522123929,13.968620210015928,LOW,LOW,LOW,LOW,LOW,LOW,LOW
36.42107180702351,3.261296667236057,-4.72480469259552,237.9294980073226,0.9590516552518058,LOW,LOW,LOW,LOW,LOW,LOW,LOW
93.12812082142271,-2.497248874515819,-10.578495264885994,168.62982910007457,17.570228213724725,CRITICAL,LOW,HIGH,LOW,MEDIUM,CRITICAL,CRITICAL
51.79832853424346,-3.0548106367158288,3.8821898046087924,468.5392883607219,0.2228089089329398,MEDIUM,LOW,LOW,LOW,LOW,MEDIUM,MEDIUM
63.2041045823857,2.7295478838706204,-6.6350881948348075,8.106913727077144,9.525308506702546,MEDIUM,LOW,MEDIUM,CRITICAL,LOW,CRITICAL,CRITICAL
27.344525528203935,6.2494180374929185,3.5559509967345715,661.4932313290325,11.112881540720307,LOW,MEDIUM,LOW,LOW,LOW,MEDIUM,MEDIUM
67.2601546449329,-4.939674681919006,14.529807110303981,417.8958707502905,54.91144218960209,MEDIUM,LOW,HIGH,LOW,CRITICAL,HIGH,CRITICAL
73.88803087912991,2.287989485405834,-7.167347230154972,78.8720957943039,32.06868296903903,HIGH,LOW,MEDIUM,MEDIUM,HIGH,HIGH,CRITICAL
85.10832247027989,-2.781367873520642,4.4504135096522965,89.88297483207809,10.105300046393717,CRITICAL,LOW,LOW,MEDIUM,LOW,CRITICAL,CRITICAL
87.21389378317893,-26.248119177023952,6.264247621329199,358.11560754678464,14.614187122784465,CRITICAL,CRITICAL,MEDIUM,LOW,LOW,CRITICAL,CRITICAL
71.52949042846657,-18.75325092991052,-10.219406882240495,2.00801726795626,39.22587673329559,HIGH,CRITICAL,HIGH,CRITICAL,HIGH,CRITICAL,CRITICAL
43.25267471053448,1.9568472986572047,1.761977984653351,336.49513992857584,16.142104274547716,LOW,LOW,LOW,LOW,MEDIUM,LOW,MEDIUM
59.55693955359999,1.259950141682003,2.4963607327365427,187.15286499461357,15.355354431069543,MEDIUM,LOW,LOW,LOW,MEDIUM,MEDIUM,HIGH
34.48125683393886,3.9045547602676844,-6.305235987084982,421.0563300394388,9.754989765461385,LOW,LOW,MEDIUM,LOW,LOW,MEDIUM,MEDIUM
95.92766505635147,-24.804219511619035,4.108962969219881,39.07745468466879,14.673788457046872,CRITICAL,CRITICAL,LOW,HIGH,LOW,CRITICAL,CRITICAL
42.2564764886411,0.23941184551873668,-0.6902050300594709,612.2221011962912,1.980364764681004,LOW,LOW,LOW,LOW,LOW,LOW,LOW
96.33293456590813,12.576235695646496,-8.325199289961006,106.97136110220882,27.108420774720937,CRITICAL,HIGH,MEDIUM,LOW,MEDIUM,CRITICAL,CRITICAL
43.890228276955966,-1.6372808583467409,-4.894979386625076,0.0,2.67098617108485,LOW,LOW,LOW,CRITICAL,LOW,CRITICAL,CRITICAL
61.6919729341936,0.6714495744270421,-1.5794084144163651,4.527335805745736,13.912913747051459,MEDIUM,LOW,LOW,CRITICAL,LOW,CRITICAL,CRITICAL
15.861441428438903,9.438457036400415,9.075966446637814,383.9216473572709,2.016795950054428,LOW,MEDIUM,MEDIUM,LOW,LOW,HIGH,HIGH
59.448398008409086,1.6469004289649674,-4.056860035187313,306.30880372169054,15.208581088083708,MEDIUM,LOW,LOW,LOW,MEDIUM,MEDIUM,HIGH
54.9172939299202,2.0410088896200733,1.0480662974339028,518.0161318056555,5.3538566883698815,MEDIUM,LOW,LOW,LOW,LOW,MEDIUM,MEDIUM
47.68004662828608,-7.762206338814599,-1.1191686627959365,328.0125957029362,8.196467540037926,LOW,MEDIUM,LOW,LOW,LOW,MEDIUM,MEDIUM
60.05048839093718,2.1938530941622827,3.3016583912923396,39.28148684757988,6.404035473956573,MEDIUM,LOW,LOW,HIGH,LOW,HIGH,HIGH
40.79833488374991,3.032579556842708,-1.4938122239217608,492.33392130317026,0.7260187035316158,LOW,LOW,LOW,LOW,LOW,LOW,LOW
52.25761687539692,-0.16932758264085104,3.627336585491704,88.66974586968173,3.999840746121595,MEDIUM,LOW,LOW,MEDIUM,LOW,HIGH,HIGH
43.18386851414169,3.1312272999696935,3.696044229028689,130.24739346874534,12.231243509403285,LOW,LOW,LOW,LOW,LOW,LOW,LOW
85.39530518292982,-8.700627666002688,25.350231491553625,200.00963270613,32.55477566568276,CRITICAL,MEDIUM,CRITICAL,LOW,HIGH,CRITICAL,CRITICAL
39.25357618260309,-1.8997384888849913,-2.609066012413258,692.3356303851782,6.696493304428818,LOW,LOW,LOW,LOW,LOW,LOW,LOW
57.904988391250804,-11.069301690409592,10.859267757945286,620.3382440833374,5.863670633746104,MEDIUM,HIGH,HIGH,LOW,LOW,CRITICAL,CRITICAL
45.141395408456596,-3.7783068796836345,2.6235359627655583,363.6481275764789,0.990473912601928,LOW,LOW,LOW,LOW,LOW,LOW,LOW
47.45171619926216,0.5153984854236572,-0.8633230217446178,554.8143996744869,5.39354749206642,LOW,LOW,LOW,LOW,LOW,LOW,LOW
48.409888602347856,-1.8075678768913708,6.132275303405218,338.21828388400917,16.869174899703225,LOW,LOW,MEDIUM,LOW,MEDIUM,MEDIUM,HIGH
48.216949012013266,-0.3855385452595884,4.949479174254397,303.60957891446685,18.17263632270139,LOW,LOW,LOW,LOW,MEDIUM,LOW,MEDIUM
43.44618158029403,0.005869485768442116,-7.751160624725982,130.14287028456633,5.718833689018639,LOW,LOW,MEDIUM,LOW,LOW,MEDIUM,MEDIUM
36.70138497240301,-2.2948125771706063,-0.19194317940232453,103.88123696870795,9.420018953974061,LOW,LOW,LOW,LOW,LOW,LOW,LOW
65.49322177808682,5.662986430640451,4.0839184205905035,243.5271434592979,26.779134279438992,MEDIUM,MEDIUM,LOW,LOW,MEDIUM,HIGH,HIGH
62.067288267099904,10.968519076546285,8.499194635888797,168.00536561473442,35.20730210150666,MEDIUM,HIGH,MEDIUM,LOW,HIGH,HIGH,CRITICAL
100.0,0.15917872317891832,5.113878715754218,8.785911728502716,10.202511159515467,CRITICAL,LOW,MEDIUM,CRITICAL,LOW,CRITICAL,CRITICAL
77.02981685963937,-1.346179684836444,-1.2328637126433197,287.5850196185163,4.080434254253903,HIGH,LOW,LOW,LOW,LOW,HIGH,HIGH
34.05844426728526,6.570666071425391,-4.479756548018467,615.1225842197321,5.5074297763999365,LOW,MEDIUM,LOW,LOW,LOW,MEDIUM,MEDIUM
62.658131811253725,7.336538257449563,-7.085690205775376,128.6210392484227,3.4637753348838665,MEDIUM,MEDIUM,MEDIUM,LOW,LOW,HIGH,HIGH
37.954053052656036,-3.1528606692076613,-4.231746648035637,365.46678967983314,10.839291215873272,LOW,LOW,LOW,LOW,LOW,LOW,LOW
61.9889736867915,-30.457682877825977,-11.914424464544378,15.450956996112783,14.54594706247624,MEDIUM,CRITICAL,HIGH,CRITICAL,LOW,CRITICAL,CRITICAL
41.29380844788421,-4.518669837242148,-1.9632258659856807,146.42227007259447,6.597538939830079,LOW,LOW,LOW,LOW,LOW,LOW,LOW
28.90363007456077,-2.876134383849972,-1.0499241909875527,404.1426878566054,7.065770776964182,LOW,LOW,LOW,LOW,LOW,LOW,LOW
58.60176400013144,1.623401066771596,-0.279407472734572,206.45261047811806,9.887249458968126,MEDIUM,LOW,LOW,LOW,LOW,MEDIUM,MEDIUM
55.36051334022956,3.2233088416990943,0.17610383024723936,411.4207938846472,9.46482904536288,MEDIUM,LOW,LOW,LOW,LOW,MEDIUM,MEDIUM
47.00348123303967,2.702657813027907,-3.187124930676701,267.48829462169715,9.658779913167049,LOW,LOW,LOW,LOW,LOW,LOW,LOW
50.13149222336072,-5.231199627012305,5.664505128326024,362.9848496933,32.17616589964853,MEDIUM,MEDIUM,MEDIUM,LOW,HIGH,HIGH,HIGH
43.825037266047644,-2.0618770923354366,-1.9206491327721777,355.42531903673193,8.03253225718244,LOW,LOW,LOW,LOW,LOW,LOW,LOW
38.149512829597306,7.076764676946655,-8.064724518402208,433.3017295750954,17.867177876713946,LOW,MEDIUM,MEDIUM,LOW,MEDIUM,HIGH,HIGH
68.31423662416539,5.479124407849515,2.9377034112386684,606.0361319514479,7.661364220988021,MEDIUM,MEDIUM,LOW,LOW,LOW,HIGH,HIGH
54.421544547505576,-0.9676786349486552,-3.245514003582239,486.3552450575506,15.073049912307248,MEDIUM,LOW,LOW,LOW,MEDIUM,MEDIUM,HIGH
32.07834855803571,0.3899557560947874,-0.9066488148959982,466.8465897926757,4.916878540324442,LOW,LOW,LOW,LOW,LOW,LOW,LOW
70.77659423404072,-5.11319205539467,-4.601466789453464,150.2502509072178,5.991943792634467,HIGH,MEDIUM,LOW,LOW,LOW,HIGH,HIGH
28.355859481454537,-6.725507566861056,-0.033443149085827024,525.6506404922872,11.476292806455872,LOW,MEDIUM,LOW,LOW,LOW,MEDIUM,MEDIUM
45.85059973258898,-0.41406542025145937,-5.1096717925295385,335.5027415675053,9.285618128429274,LOW,LOW,MEDIUM,LOW,LOW,MEDIUM,MEDIUM
41.95247206522982,-0.6426131454642978,3.4039307140270605,486.3147602794545,11.641789532108076,LOW,LOW,LOW,LOW,LOW,LOW,LOW
40.79575930384229,1.2220958649064801,-0.8955490214248424,295.0300485432634,15.311269327723751,LOW,LOW,LOW,LOW,MEDIUM,LOW,MEDIUM
59.981912641512075,-9.674761283514544,1.4202024134812352,1.3697783194919666,11.862356328602864,MEDIUM,MEDIUM,LOW,CRITICAL,LOW,CRITICAL,CRITICAL
42.61275792693408,-2.8655771748029846,-2.5559402162667104,155.5519292394753,9.88390310970467,LOW,LOW,LOW,LOW,LOW,LOW,LOW
53.56653942887053,0.7390352511537648,-1.4669443140680891,597.5993444053772,4.416402683629114,MEDIUM,LOW,LOW,LOW,LOW,MEDIUM,MEDIUM
35.36809239252595,-8.106311106397742,1.6087912996494051,394.7381189214177,7.543575882971872,LOW,MEDIUM,LOW,LOW,LOW,MEDIUM,MEDIUM
35.36651282334016,4.044252351571607,-0.3315999628686334,456.44256474355524,6.245935518418063,LOW,LOW,LOW,LOW,LOW,LOW,LOW
41.52197240061315,-1.3680693832191002,-4.613930123554574,283.39340973772454,4.308524828634618,LOW,LOW,LOW,LOW,LOW,LOW,LOW
40.969831837125646,1.3906941689799985,-8.719154645560982,339.7693666027491,1.1402477972798188,LOW,LOW,MEDIUM,LOW,LOW,MEDIUM,MEDIUM
53.25053671813201,18.579116519507664,-32.16733360888602,404.25507448003606,21.380456696930455,MEDIUM,CRITICAL,CRITICAL,LOW,MEDIUM,CRITICAL,CRITICAL
34.29556660193299,1.3593895558613243,-4.2517709207326755,444.9121853907188,5.29419653353274,LOW,LOW,LOW,LOW,LOW,LOW,LOW
59.41640185848125,-6.692336050022962,-2.3263230529088723,196.00501617068772,0.9225258736040187,MEDIUM,MEDIUM,LOW,LOW,LOW,HIGH,HIGH
29.51200085685884,5.316288387976383,7.945642305093008,113.76373840518708,15.730582253352592,LOW,MEDIUM,MEDIUM,LOW,MEDIUM,HIGH,HIGH
85.59185124432553,6.125086848622509,-6.928104188500005,69.02897009732733,6.174139940618187,CRITICAL,MEDIUM,MEDIUM,MEDIUM,LOW,CRITICAL,CRITICAL
40.1139166022607,0.4533378556212074,-0.9709143572441162,372.0912033869871,18.212503858568414,LOW,LOW,LOW,LOW,MEDIUM,LOW,MEDIUM
72.75812736564437,3.662658083646819,4.50449549337606,53.0198068532602,43.880956124450954,HIGH,LOW,LOW,MEDIUM,HIGH,HIGH,CRITICAL
46.612875006461984,-4.577412833381768,0.2781452923478469,332.4293217982783,1.4521300596529416,LOW,LOW,LOW,LOW,LOW,LOW,LOW
32.11027766268483,-15.418572802775937,-7.5246101453682055,404.83446609093596,44.743847008765876,LOW,CRITICAL,MEDIUM,LOW,HIGH,CRITICAL,CRITICAL
32.79279537106606,0.7218725673248257,0.9061710037239842,583.6249710189372,17.94321707938051,LOW,LOW,LOW,LOW,MEDIUM,LOW,MEDIUM
73.9649465616915,-4.948286402498169,-2.543387151887279,31.70951146221955,30.88021574027687,HIGH,LOW,LOW,HIGH,HIGH,CRITICAL,CRITICAL
51.30464726227807,0.9788017058468281,9.185357263717433,205.23157108483963,21.14019402492321,MEDIUM,LOW,MEDIUM,LOW,MEDIUM,HIGH,HIGH
96.3301257044943,14.86112820046182,12.100991639315897,29.037199863354513,23.08104380896483,CRITICAL,HIGH,HIGH,HIGH,MEDIUM,CRITICAL,CRITICAL
44.399441887183514,6.132050168996732,-1.2393796054562924,491.3227853828098,13.722719156254794,LOW,MEDIUM,LOW,LOW,LOW,MEDIUM,MEDIUM
40.74470668609241,-8.315878259870068,0.8018001565153858,510.6278842792834,1.997748445899651,LOW,MEDIUM,LOW,LOW,LOW,MEDIUM,MEDIUM
49.350567045808525,1.5759622887000315,2.384325976529947,178.98117755378317,2.1537450174155683,LOW,LOW,LOW,LOW,LOW,LOW,LOW
50.94479523011795,6.610741858727778,-3.019767464719009,441.3113913681149,30.087068114557702,MEDIUM,MEDIUM,LOW,LOW,HIGH,HIGH,HIGH
54.388981439593536,5.479472893447643,-2.5656631600937367,549.9219831297365,9.13053933798324,MEDIUM,MEDIUM,LOW,LOW,LOW,HIGH,HIGH
58.70567478513887,-5.912276362370163,0.9717756494032632,0.0,12.56138250921831,MEDIUM,MEDIUM,LOW,CRITICAL,LOW,CRITICAL,CRITICAL
63.79587315365871,-0.36097152576128816,4.704043940790826,554.2583506760177,10.258519697332504,MEDIUM,LOW,LOW,LOW,LOW,MEDIUM,MEDIUM
52.62802976440696,-4.473408904001928,0.4392294114277317,141.58116225501402,8.12183517319513,MEDIUM,LOW,LOW,LOW,LOW,MEDIUM,MEDIUM
53.67086505793065,22.469083024554624,12.833368657490276,11.492067391581918,21.60574665282033,MEDIUM,CRITICAL,HIGH,CRITICAL,MEDIUM,CRITICAL,CRITICAL
53.54814563969284,-2.7042174661952187,3.9749610514718294,304.44436861746004,5.073502814896136,MEDIUM,LOW,LOW,LOW,LOW,MEDIUM,MEDIUM
75.39083433272717,2.8686120116797453,-3.3117857172810004,18.404610273507377,44.94713099070967,HIGH,LOW,LOW,CRITICAL,HIGH,CRITICAL,CRITICAL
34.21017469787739,4.38645273384821,-1.7120477282168094,444.0134314909865,4.588247889721286,LOW,LOW,LOW,LOW,LOW,LOW,LOW
35.91014930872632,-3.771100960921898,-1.2303095582549755,175.80457888152196,11.31014279503874,LOW,LOW,LOW,LOW,LOW,LOW,LOW
54.0884765968246,0.3375003560305268,-3.44989176149436,85.25336039502515,21.852304650067467,MEDIUM,LOW,LOW,MEDIUM,MEDIUM,HIGH,HIGH
58.01091739496964,-6.94195014067058,-0.851529663642579,327.2753334050742,4.209852254308824,MEDIUM,MEDIUM,LOW,LOW,LOW,HIGH,HIGH
17.16100069217345,1.9451492189635788,-4.4253766283084355,368.29803708188524,4.5066580108017025,LOW,LOW,LOW,LOW,LOW,LOW,LOW
28.833840976044847,-1.0542222080661419,-2.930827156388696,405.06561278853434,6.278774654241319,LOW,LOW,LOW,LOW,LOW,LOW,LOW
54.949100718967166,10.409919499497253,1.9103552782120194,184.89290440808827,5.327402385349876,MEDIUM,HIGH,LOW,LOW,LOW,HIGH,HIGH
45.473835092288674,3.2169531787306993,-1.1741517371488697,580.0155807302234,9.967203573257027,LOW,LOW,LOW,LOW,LOW,LOW,LOW
72.00325948293218,-13.596658167931883,26.127844572506653,11.158284862008768,12.510402579376308,HIGH,HIGH,CRITICAL,CRITICAL,LOW,CRITICAL,CRITICAL
63.713498667052896,-33.302666981621826,17.649149691848606,147.7936719443902,60.0,MEDIUM,CRITICAL,CRITICAL,LOW,CRITICAL,CRITICAL,CRITICAL
50.525280057614566,0.23657432676717016,-1.5906032567817583,479.34737418500674,6.407312122210205,MEDIUM,LOW,LOW,LOW,LOW,MEDIUM,MEDIUM
50.50799698163082,-0.12588548081473558,6.038095970795418,0.0,10.874432720332427,MEDIUM,LOW,MEDIUM,CRITICAL,LOW,CRITICAL,CRITICAL
55.766080599884695,-0.06146179058696513,-1.4627013389064354,87.93531449615499,28.872333441999444,MEDIUM,LOW,LOW,MEDIUM,MEDIUM,HIGH,HIGH
49.004636746913405,6.714295857395029,-8.496108303515404,225.79773203337467,20.272147458014388,LOW,MEDIUM,MEDIUM,LOW,MEDIUM,HIGH,HIGH
61.38806750412454,-2.0321174377697893,3.2594964714990784,282.8493180112382,2.072912807554108,MEDIUM,LOW,LOW,LOW,LOW,MEDIUM,MEDIUM
46.521344463594865,-3.014830579446983,3.371096120396108,253.02926953764057,6.758105122741535,LOW,LOW,LOW,LOW,LOW,LOW,LOW
19.749268004357617,2.0137364313876436,-5.829829858034242,13.810760331257423,0.680704583657668,LOW,LOW,MEDIUM,CRITICAL,LOW,CRITICAL,CRITICAL
75.30061561081591,-5.111861129140983,-13.249745479967029,49.996506904745615,10.40392685243103,HIGH,MEDIUM,HIGH,HIGH,LOW,CRITICAL,CRITICAL
74.27893634276136,0.3117491862328388,4.731601957550096,441.2557422490655,16.35723818819581,HIGH,LOW,LOW,LOW,MEDIUM,HIGH,HIGH
3.0005354610962187,6.933813866419209,-2.4866480201900685,0.0,1.3736627577342178,LOW,MEDIUM,LOW,CRITICAL,LOW,CRITICAL,CRITICAL
37.45254721430465,-4.054423369417875,-2.518376927455191,128.13396844959527,10.248436013368451,LOW,LOW,LOW,LOW,LOW,LOW,LOW
23.1593025998035,-2.3079570663686653,4.881884492746891,354.6197428395642,8.172795662734808,LOW,LOW,LOW,LOW,LOW,LOW,LOW
52.70413941622833,2.998792085779476,-3.034660806171088,462.02824132516133,16.48711796534673,MEDIUM,LOW,LOW,LOW,MEDIUM,MEDIUM,HIGH
73.2250488179158,11.47675297265683,20.523004693407767,184.74209495372833,31.47860415517774,HIGH,HIGH,CRITICAL,LOW,HIGH,CRITICAL,CRITICAL
19.93001598547842,4.42164962085993,3.6256983496041695,368.55314754633577,5.827005063948713,LOW,LOW,LOW,LOW,LOW,LOW,LOW
71.15213553487771,-14.046225633656952,-4.3095795373064965,48.50588370203584,7.60841622713132,HIGH,HIGH,LOW,HIGH,LOW,CRITICAL,CRITICAL
52.939499009155035,5.4244268568413005,-2.0006107248589173,445.76403780910147,2.6971820946149188,MEDIUM,MEDIUM,LOW,LOW,LOW,HIGH,HIGH
81.68654353670526,-0.6173215035188423,3.8407346774973963,392.1847443312168,11.068408283974861,HIGH,LOW,LOW,LOW,LOW,HIGH,HIGH
26.616979166776467,0.5392056931608137,-0.07335226653483984,328.8661459379235,6.695093512292031,LOW,LOW,LOW,LOW,LOW,LOW,LOW
43.25893784819275,2.644945392459434,-3.6198059556525757,312.5253080994672,18.978604828811804,LOW,LOW,LOW,LOW,MEDIUM,LOW,MEDIUM
80.39630773493695,-23.178951042381154,7.7558419576299045,49.77907069367687,51.42444782040087,HIGH,CRITICAL,MEDIUM,HIGH,CRITICAL,CRITICAL,CRITICAL
64.21159730904606,17.29604486059521,1.1403346232648766,134.19408952687436,58.36309276018202,MEDIUM,CRITICAL,LOW,LOW,CRITICAL,CRITICAL,CRITICAL
46.023101739042545,3.271968397029347,-6.950744792981373,365.36191199369176,6.917306006996389,LOW,LOW,MEDIUM,LOW,LOW,MEDIUM,MEDIUM
55.88128240736649,-4.144687101069327,-0.7478737178717729,871.0431434852001,8.081635947967005,MEDIUM,LOW,LOW,LOW,LOW,MEDIUM,MEDIUM
53.68592359042006,1.8683637759742984,5.211713687783244,230.29425974529346,1.6327951081082934,MEDIUM,LOW,MEDIUM,LOW,LOW,HIGH,HIGH
73.73946401745519,-12.554981400113792,-4.600582827135226,635.9042255955127,20.512443808813007,HIGH,HIGH,LOW,LOW,MEDIUM,CRITICAL,CRITICAL
35.82592280693123,2.4986934147957864,-6.98176251968375,423.07378985294366,4.700998573705853,LOW,LOW,MEDIUM,LOW,LOW,MEDIUM,MEDIUM
69.05799100901798,2.7175254920476246,-6.20410472793328,620.9352797982272,21.611196297961452,MEDIUM,LOW,MEDIUM,LOW,MEDIUM,HIGH,HIGH
45.281857669619114,-0.978500332165101,-3.3670916307155037,285.0345218612089,20.179541346537405,LOW,LOW,LOW,LOW,MEDIUM,LOW,MEDIUM
70.93951299067135,-5.9643196944458925,-0.001914872274021966,356.1459008012382,4.6450501563420055,HIGH,MEDIUM,LOW,LOW,LOW,HIGH,HIGH
38.34717600244328,6.6834021177746425,8.819402888312606,467.0416717009183,2.851864567413245,LOW,MEDIUM,MEDIUM,LOW,LOW,HIGH,HIGH
32.85396798915283,-5.004911661510703,-1.1367515286191143,632.2024717632195,11.97843126570186,LOW,MEDIUM,LOW,LOW,LOW,MEDIUM,MEDIUM
87.6713641822962,-20.74474988563016,5.417265198401708,50.85431666276601,34.14640183424452,CRITICAL,CRITICAL,MEDIUM,MEDIUM,HIGH,CRITICAL,CRITICAL
63.56607158623838,0.5337731161759217,-1.309216125097519,349.6017122072439,1.1564478151998534,MEDIUM,LOW,LOW,LOW,LOW,MEDIUM,MEDIUM
32.729967228873804,0.4920746941070225,-2.2021358728028053,238.9885802078477,10.281570139137909,LOW,LOW,LOW,LOW,LOW,LOW,LOW
46.13286944946189,15.398365829748569,-1.1300974167515871,188.8837490758508,60.0,LOW,CRITICAL,LOW,LOW,CRITICAL,CRITICAL,CRITICAL
46.567710541137316,-4.469820035576756,3.6996586768741744,297.0882094014411,8.616962905999543,LOW,LOW,LOW,LOW,LOW,LOW,LOW
93.59353622845256,-18.339671761249992,-27.398863615380474,103.68828651820779,18.674421109324683,CRITICAL,CRITICAL,CRITICAL,LOW,MEDIUM,CRITICAL,CRITICAL
63.48306356120867,1.7494906967186734,-2.2553933274394398,0.0,5.988154597426222,MEDIUM,LOW,LOW,CRITICAL,LOW,CRITICAL,CRITICAL
60.41938503386697,5.430352837107369,3.5460352083021003,154.21801494837354,8.966727744985427,MEDIUM,MEDIUM,LOW,LOW,LOW,HIGH,HIGH
73.80118151360448,-31.141377520524163,4.042839167719392,8.772745300814073,29.029083649989282,HIGH,CRITICAL,LOW,CRITICAL,MEDIUM,CRITICAL,CRITICAL
70.13454440768344,-0.7759791702665003,1.6339413525858806,194.96814157053785,5.379869827021487,HIGH,LOW,LOW,LOW,LOW,HIGH,HIGH
22.12221845006703,-1.4486837554338101,-0.9426136020608094,169.1492790238181,9.513175280018727,LOW,LOW,LOW,LOW,LOW,LOW,LOW
40.027509175507284,0.32144930385212056,0.16209176926803973,487.011327029295,6.626792884284925,LOW,LOW,LOW,LOW,LOW,LOW,LOW
39.75171976315495,6.4644069619600595,-4.072651141836367,0.0,4.272444758649091,LOW,MEDIUM,LOW,CRITICAL,LOW,CRITICAL,CRITICAL
39.187670050954644,-0.9886864489775979,-1.3249572355135801,400.26321821977996,1.0873816224558772,LOW,LOW,LOW,LOW,LOW,LOW,LOW
60.55757208798007,-2.6153949459166377,8.483363791796474,629.4405586270964,1.1578040945808483,MEDIUM,LOW,MEDIUM,LOW,LOW,HIGH,HIGH
84.77862536953693,-25.306255088540407,-8.275866058811328,20.629308872925808,20.892801445196092,HIGH,CRITICAL,MEDIUM,HIGH,MEDIUM,CRITICAL,CRITICAL
42.97514658034408,-2.8705565504421626,-4.415034250409266,396.7272164058117,13.088404517005571,LOW,LOW,LOW,LOW,LOW,LOW,LOW
57.61561915442429,2.0386648360000925,3.9103285871047575,600.162664357129,26.63713868932918,MEDIUM,LOW,LOW,LOW,MEDIUM,MEDIUM,HIGH
81.59811700478252,1.2049699203655606,-2.444754009001144,200.1698999055003,4.7404107690980215,HIGH,LOW,LOW,LOW,LOW,HIGH,HIGH
100.0,-17.58143497939257,-10.179446333935779,419.08074689204807,16.59085855788406,CRITICAL,CRITICAL,HIGH,LOW,MEDIUM,CRITICAL,CRITICAL
48.91776811919443,-3.7729710505751117,-3.701820992396231,452.5822513596755,13.90629872284684,LOW,LOW,LOW,LOW,LOW,LOW,LOW
63.459990225250145,23.224175722374618,11.81511473874956,278.65256344337735,35.51329784236555,MEDIUM,CRITICAL,HIGH,LOW,HIGH,CRITICAL,CRITICAL
56.80914439684371,1.8383019532442617,8.07110325270026,357.9034943378882,11.41363137373909,MEDIUM,LOW,MEDIUM,LOW,LOW,HIGH,HIGH
23.23630607108981,-2.7045962082068677,-7.702145538826188,0.0,20.243838188773424,LOW,LOW,MEDIUM,CRITICAL,MEDIUM,CRITICAL,CRITICAL
32.53068156777165,-1.9637957989274655,5.539484375176176,421.3930290598623,3.3568561013536717,LOW,LOW,MEDIUM,LOW,LOW,MEDIUM,MEDIUM
60.98945579597739,-3.8816663182501108,4.8019618270949245,387.33570529305797,0.878690344644769,MEDIUM,LOW,LOW,LOW,LOW,MEDIUM,MEDIUM
46.168285904710125,6.176370654096182,1.5402206717513374,0.0,9.041447911017498,LOW,MEDIUM,LOW,CRITICAL,LOW,CRITICAL,CRITICAL
23.24975465748701,-0.7639432339118867,-1.508053131947164,205.4276097563654,3.4010287650661963,LOW,LOW,LOW,LOW,LOW,LOW,LOW
78.66267606214117,-19.75123199127343,4.280011286998163,56.92961819678681,60.0,HIGH,CRITICAL,LOW,MEDIUM,CRITICAL,CRITICAL,CRITICAL
7.148139562312952,-1.2037411718805326,2.570868610525936,479.71506164430815,7.811840031892464,LOW,LOW,LOW,LOW,LOW,LOW,LOW
58.33895137138464,0.1672773915813555,-2.7874640578130125,552.6362328257783,8.10396357594271,MEDIUM,LOW,LOW,LOW,LOW,MEDIUM,MEDIUM
37.16218605885545,-5.804415945866953,-1.6246056662952142,179.54310218887733,10.419962434579158,LOW,MEDIUM,LOW,LOW,LOW,MEDIUM,MEDIUM
27.28209690855753,-3.803019954335824,-0.34790439050689675,0.0,3.687623330053901,LOW,LOW,LOW,CRITICAL,LOW,CRITICAL,CRITICAL
40.083074161838056,-0.16664009352533896,0.06363463359852432,382.48929009405464,11.685574460790685,LOW,LOW,LOW,LOW,LOW,LOW,LOW
44.468888414319736,2.0571181306739295,-2.075468671812084,495.14481811174875,4.081995765156731,LOW,LOW,LOW,LOW,LOW,LOW,LOW
45.28498623389807,-2.0850192274245183,2.4736288629765384,219.0582935498388,11.916272343387666,LOW,LOW,LOW,LOW,LOW,LOW,LOW
48.190891817876775,1.9909204382359673,-2.1173820946773234,599.5296947745481,16.870210405080236,LOW,LOW,LOW,LOW,MEDIUM,LOW,MEDIUM
28.086135731868552,9.794347952696228,-5.614464844287241,520.8673713708156,10.267162850519515,LOW,MEDIUM,MEDIUM,LOW,LOW,HIGH,HIGH
27.387864412783284,-6.439612805374749,5.06005693628679,229.00730548877218,19.0210762279492,LOW,MEDIUM,MEDIUM,LOW,MEDIUM,HIGH,HIGH
100.0,-14.986555402280995,3.922930370870099,275.11715026059636,20.20799992851543,CRITICAL,HIGH,LOW,LOW,MEDIUM,CRITICAL,CRITICAL
73.23598259789988,11.338067788192255,20.055149523643614,119.12077090657954,25.583385881960822,HIGH,HIGH,CRITICAL,LOW,MEDIUM,CRITICAL,CRITICAL
60.2629713589594,-1.8516655179453085,4.301562217665656,549.8899758165292,16.03554969208215,MEDIUM,LOW,LOW,LOW,MEDIUM,MEDIUM,HIGH
63.117338387943434,7.932749289374987,-15.249225465954485,49.780218000072054,21.486462898433775,MEDIUM,MEDIUM,CRITICAL,HIGH,MEDIUM,CRITICAL,CRITICAL
49.258918314070826,6.174155725523193,-4.741530514801942,381.5277993199653,3.7933674703214866,LOW,MEDIUM,LOW,LOW,LOW,MEDIUM,MEDIUM
50.20086024362926,-1.3481054987255074,1.984994264981713,616.9099159494633,12.482458251488616,MEDIUM,LOW,LOW,LOW,LOW,MEDIUM,MEDIUM
57.1431283237941,-0.9667118580530836,1.390072143621076,716.542552638119,12.90796123953533,MEDIUM,LOW,LOW,LOW,LOW,MEDIUM,MEDIUM
44.83591422059871,1.759371545891312,6.705693671376294,480.6864798612801,17.902662315410097,LOW,LOW,MEDIUM,LOW,MEDIUM,MEDIUM,HIGH
46.42022084206095,-0.9067457148046787,-6.919622789707173,388.6151425095053,4.973380860628168,LOW,LOW,MEDIUM,LOW,LOW,MEDIUM,MEDIUM
89.22703937763845,7.287174952795915,14.83131842673724,25.83648863609494,3.460229691183066,CRITICAL,MEDIUM,HIGH,HIGH,LOW,CRITICAL,CRITICAL
44.891164523015085,-1.2468303698688579,2.6469464483877916,391.07371201297195,18.866141774731968,LOW,LOW,LOW,LOW,MEDIUM,LOW,MEDIUM
35.9715425860108,-0.6684445115947084,2.8087716465985197,479.25814199732366,5.483326988977386,LOW,LOW,LOW,LOW,LOW,LOW,LOW
42.75182949716748,4.449169799566912,1.854892230228458,139.84985170147144,6.5160683454685575,LOW,LOW,LOW,LOW,LOW,LOW,LOW
100.0,13.5994584519856,5.3208682505066385,127.41244802760853,15.62179780026872,CRITICAL,HIGH,MEDIUM,LOW,MEDIUM,CRITICAL,CRITICAL
52.53862161557156,-4.7804342410408225,2.76893954187303,310.08463675866625,1.1965055342132798,MEDIUM,LOW,LOW,LOW,LOW,MEDIUM,MEDIUM
49.27552113149042,-1.2255817083460783,3.5949070960545746,240.59420359466165,6.5424919407532816,LOW,LOW,LOW,LOW,LOW,LOW,LOW
56.78989219054698,0.5485336052768656,5.622874573577062,529.9956924080876,20.70212583097421,MEDIUM,LOW,MEDIUM,LOW,MEDIUM,HIGH,HIGH
39.255011782748134,1.7362739487327081,-0.17142499064135208,363.3692642342261,3.0825293321569163,LOW,LOW,LOW,LOW,LOW,LOW,LOW
92.82110215289448,15.244384693510849,-10.014966929725915,81.37682550726258,16.880013466300653,CRITICAL,CRITICAL,HIGH,MEDIUM,MEDIUM,CRITICAL,CRITICAL
87.61750180867138,-8.757219193548124,5.447868772554537,51.18083687013316,2.7097785065341395,CRITICAL,MEDIUM,MEDIUM,MEDIUM,LOW,CRITICAL,CRITICAL
41.057392508064105,-4.156584521441679,2.7271327273385184,410.66876435205415,8.360166340892103,LOW,LOW,LOW,LOW,LOW,LOW,LOW
63.1290821369083,2.3867855297567973,-4.981096040703946,95.46448510027969,33.791845740105515,MEDIUM,LOW,LOW,MEDIUM,HIGH,HIGH,HIGH
68.37524940212967,2.6492245694732084,-2.7614074645051563,334.54449785640287,6.88327755220687,MEDIUM,LOW,LOW,LOW,LOW,MEDIUM,MEDIUM
76.4457523072538,-13.963283190487205,27.388108058718785,41.6672915617374,3.8542249294652944,HIGH,HIGH,CRITICAL,HIGH,LOW,CRITICAL,CRITICAL
40.053026144312405,3.6692431938832004,-7.81940831652458,97.6030837393738,7.3575117906818885,LOW,LOW,MEDIUM,MEDIUM,LOW,HIGH,HIGH
52.70282053882103,7.688898241077811,1.636850314426187,273.3335721228381,1.6395823144010577,MEDIUM,MEDIUM,LOW,LOW,LOW,HIGH,HIGH
31.378995438600523,3.119091241612508,1.084902456796624,596.0257040096508,12.76417304618213,LOW,LOW,LOW,LOW,LOW,LOW,LOW
35.12289607108116,0.6956940479006098,-3.393511215528553,353.1372115324583,9.52480107143442,LOW,LOW,LOW,LOW,LOW,LOW,LOW
70.18175711080282,1.6117474896821227,-4.816458931582055,441.4915763640124,1.979298522915708,HIGH,LOW,LOW,LOW,LOW,HIGH,HIGH
57.49418164237562,2.3507796074712486,5.193337959101667,154.25392973977375,1.7353891423243613,MEDIUM,LOW,MEDIUM,LOW,LOW,HIGH,HIGH
44.90498789302116,-6.83343586495656,-5.752297405960828,282.0326155516771,17.97866326013513,LOW,MEDIUM,MEDIUM,LOW,MEDIUM,HIGH,HIGH
45.7803097565943,0.5086956767771416,2.2329284275132126,318.92725645847395,14.655646484579021,LOW,LOW,LOW,LOW,LOW,LOW,LOW
51.68921665687955,-1.6454619520886251,-9.337662356860564,244.09573595618474,3.1638111166873752,MEDIUM,LOW,MEDIUM,LOW,LOW,HIGH,HIGH
49.64333470150727,2.173358387996192,-3.442095471924956,336.9540104730737,6.425891835210549,LOW,LOW,LOW,LOW,LOW,LOW,LOW
65.06871866701873,1.6723934276810197,14.270339665127366,13.976731510294025,32.694281602446694,MEDIUM,LOW,HIGH,CRITICAL,HIGH,CRITICAL,CRITICAL
58.80764362598518,-3.5005121118427347,0.1234927368170116,470.58969970891184,8.980630230286009,MEDIUM,LOW,LOW,LOW,LOW,MEDIUM,MEDIUM
51.79311490192337,-1.0648518016259665,3.7038645194089193,116.51042665417009,33.053938133276404,MEDIUM,LOW,LOW,LOW,HIGH,MEDIUM,HIGH
57.84072142163269,-0.8179053176980035,-0.3623480855524546,504.5719643286802,13.800630100777294,MEDIUM,LOW,LOW,LOW,LOW,MEDIUM,MEDIUM
52.09972270982466,9.982361906061284,-23.36807847194308,10.750938591614412,20.378101923764483,MEDIUM,MEDIUM,CRITICAL,CRITICAL,MEDIUM,CRITICAL,CRITICAL
61.680702631548094,-2.2060629204119215,-6.027689196552054,376.3186633479607,4.247239244863264,MEDIUM,LOW,MEDIUM,LOW,LOW,HIGH,HIGH
54.443375490987535,0.35516728927121016,-6.323373830169677,189.6919282066156,4.891125398209238,MEDIUM,LOW,MEDIUM,LOW,LOW,HIGH,HIGH
78.48837684780766,14.378984209017947,-2.586815321027398,18.269027316854807,25.858541391101287,HIGH,HIGH,LOW,CRITICAL,MEDIUM,CRITICAL,CRITICAL
100.0,-6.591897621711974,7.8733944223232495,285.1825431565663,35.0760367865281,CRITICAL,MEDIUM,MEDIUM,LOW,HIGH,CRITICAL,CRITICAL
48.68728832724584,-5.670559028909624,-1.329090805000353,239.74083757626886,4.8776218910616675,LOW,MEDIUM,LOW,LOW,LOW,MEDIUM,MEDIUM
25.43995233245043,0.28569992174722036,-0.8530477760519237,625.9231637740927,13.422917349200883,LOW,LOW,LOW,LOW,LOW,LOW,LOW
39.83047744487766,-2.545027339944146,-3.114348187246846,465.93168613230006,8.795987894296116,LOW,LOW,LOW,LOW,LOW,LOW,LOW
73.61000919122834,-8.936043628634152,9.798654210787177,23.578932333357805,33.33553334951364,HIGH,MEDIUM,MEDIUM,HIGH,HIGH,CRITICAL,CRITICAL
60.62599278981896,8.270672422494497,6.847038871935098,187.52961994564097,14.481383950273967,MEDIUM,MEDIUM,MEDIUM,LOW,LOW,HIGH,HIGH
39.18927382477928,3.012853785664628,7.306588317247751,425.14046619394395,16.930927012377126,LOW,LOW,MEDIUM,LOW,MEDIUM,MEDIUM,HIGH
70.58446524861955,-3.8343775844418797,20.654029545111165,39.14721480603829,38.86784005795954,HIGH,LOW,CRITICAL,HIGH,HIGH,CRITICAL,CRITICAL
49.117025034548476,-0.6878968235416916,-3.758741264725215,424.51925636987175,7.149722827340193,LOW,LOW,LOW,LOW,LOW,LOW,LOW
39.5132888204699,-0.2863427715755162,-3.5356917993133816,375.755288665039,10.846892398176069,LOW,LOW,LOW,LOW,LOW,LOW,LOW
55.06030756089349,3.6450985593362226,-0.6494044326604709,171.42385758206802,3.345885499357231,MEDIUM,LOW,LOW,LOW,LOW,MEDIUM,MEDIUM
52.338510203250536,1.8874797915067032,-1.5336717678757272,291.0259812842071,3.7481087380990417,MEDIUM,LOW,LOW,LOW,LOW,MEDIUM,MEDIUM
56.52291192158772,-2.44709461586208,-5.798094082821845,83.7246056869899,3.0559870516167758,MEDIUM,LOW,MEDIUM,MEDIUM,LOW,HIGH,HIGH
9.464635326281227,-0.7894206213386571,3.697429472104022,452.09922297809703,4.720342537649046,LOW,LOW,LOW,LOW,LOW,LOW,LOW
45.70404447622842,0.588034346214222,-2.2469386562425773,169.8543450723151,11.70430783427005,LOW,LOW,LOW,LOW,LOW,LOW,LOW
56.24907589417258,-6.747507805492212,-1.009413927963562,455.06805556831097,12.792581726703425,MEDIUM,MEDIUM,LOW,LOW,LOW,HIGH,HIGH
87.05792082388334,-4.219900849428853,-5.156632669189993,234.05457722112138,30.589362463016272,CRITICAL,LOW,MEDIUM,LOW,HIGH,CRITICAL,CRITICAL
30.7070843912055,-0.9289418452940138,-1.8030894931734953,562.1110642838199,7.753681550056176,LOW,LOW,LOW,LOW,LOW,LOW,LOW
73.60886572560669,33.24252796597589,-8.195221275782234,52.6067923940834,16.77437454137,HIGH,CRITICAL,MEDIUM,MEDIUM,MEDIUM,CRITICAL,CRITICAL
40.06912780550564,-5.627242178419487,-2.1861931849459015,332.4282747606663,17.571914026691214,LOW,MEDIUM,LOW,LOW,MEDIUM,MEDIUM,HIGH
100.0,-9.690058705265015,15.482167665343237,134.02385992091223,12.95369922940461,CRITICAL,MEDIUM,CRITICAL,LOW,LOW,CRITICAL,CRITICAL
72.13208560483169,-0.42022024867063035,-7.822795126500518,128.38620796209173,7.411897446708823,HIGH,LOW,MEDIUM,LOW,LOW,HIGH,HIGH
37.482342945704474,0.4763062728984359,-9.434715234721363,110.31122264984086,3.6637475233383254,LOW,LOW,MEDIUM,LOW,LOW,MEDIUM,MEDIUM
32.45492195255568,-7.465792611053901,6.359582379242776,220.372284136118,8.891900837916625,LOW,MEDIUM,MEDIUM,LOW,LOW,HIGH,HIGH
85.87050674670074,8.643699286151934,14.673896467873238,6.252493069785293,46.59676547063679,CRITICAL,MEDIUM,HIGH,CRITICAL,CRITICAL,CRITICAL,CRITICAL
42.447412028988246,3.090993350818836,-0.8744325299364841,434.88512983322363,14.843060597695734,LOW,LOW,LOW,LOW,LOW,LOW,LOW
40.19063285539782,-2.430083639682843,-2.8638688927357694,365.30825483603275,5.976825819391545,LOW,LOW,LOW,LOW,LOW,LOW,LOW
40.903017844211206,3.7666135637620206,8.59113930896205,224.50970333307765,1.8208095014798182,LOW,LOW,MEDIUM,LOW,LOW,MEDIUM,MEDIUM
80.5670109322805,-2.978078837032871,2.765518567531598,3.3759995597425982,33.15883759416068,HIGH,LOW,LOW,CRITICAL,HIGH,CRITICAL,CRITICAL
80.30238240972575,-9.05570825834673,-7.550395283643886,103.8272464487674,6.633086143229303,HIGH,MEDIUM,MEDIUM,LOW,LOW,HIGH,HIGH
60.7439356662856,-16.707303374213478,3.83913434213728,160.25269280127728,20.082404418372036,MEDIUM,CRITICAL,LOW,LOW,MEDIUM,CRITICAL,CRITICAL
53.23690013337548,-2.1199717268139024,-1.6979036703671198,259.53442749697666,14.007774551953272,MEDIUM,LOW,LOW,LOW,LOW,MEDIUM,MEDIUM
69.45334266984352,-0.23636171881166393,-12.702672508131466,32.35310931371364,6.003427931266611,MEDIUM,LOW,HIGH,HIGH,LOW,CRITICAL,CRITICAL
77.76345902632353,-1.6732776797658404,-1.148519424919485,374.64952102425866,4.417836113899373,HIGH,LOW,LOW,LOW,LOW,HIGH,HIGH
67.17770817860314,-4.186476432374008,1.2694505330214454,377.94428937049025,9.671356108499058,MEDIUM,LOW,LOW,LOW,LOW,MEDIUM,MEDIUM
65.64347955953359,-3.7594688800859246,-4.213093202480675,58.85183973651678,10.077281203207324,MEDIUM,LOW,LOW,MEDIUM,LOW,HIGH,HIGH
31.194620755396123,4.228236045426308,-4.248961269373137,325.5428512945167,9.255576249287907,LOW,LOW,LOW,LOW,LOW,LOW,LOW
65.30177342214178,2.823135540816125,-0.028961594376586988,382.702016988007,14.540019463382697,MEDIUM,LOW,LOW,LOW,LOW,MEDIUM,MEDIUM
28.657298875898167,-5.7383234436173955,0.42602160567674585,252.31456269752957,14.426921050481296,LOW,MEDIUM,LOW,LOW,LOW,MEDIUM,MEDIUM
56.187847771478665,-5.1199250945031825,-0.8847688584769275,178.38362585194946,10.424238502103893,MEDIUM,MEDIUM,LOW,LOW,LOW,HIGH,HIGH
33.623041156037026,-3.917662952860618,-0.5540040877598138,560.6346201327011,7.302851679333388,LOW,LOW,LOW,LOW,LOW,LOW,LOW
38.351719613584564,0.1662511705342205,0.9157608606581922,425.5190795445042,1.2792924209862986,LOW,LOW,LOW,LOW,LOW,LOW,LOW
39.68672076125039,3.352708878397751,-0.6289455681142087,339.3932561858507,10.685454400625447,LOW,LOW,LOW,LOW,LOW,LOW,LOW
76.60410273394778,-7.955876270983369,0.12169472016990684,451.4071475176788,3.7812722545480137,HIGH,MEDIUM,LOW,LOW,LOW,HIGH,HIGH
28.932077131965208,5.332842245520177,3.008185534475319,353.6903112861803,7.335262790757124,LOW,MEDIUM,LOW,LOW,LOW,MEDIUM,MEDIUM
36.6407803557817,-6.3788496181712775,2.5150172581113854,643.787403892153,3.0324564561613676,LOW,MEDIUM,LOW,LOW,LOW,MEDIUM,MEDIUM
28.19701797838231,-2.933565483656472,-3.4364170962005627,219.5841915738352,5.542768863305616,LOW,LOW,LOW,LOW,LOW,LOW,LOW
41.00179043578879,-1.4258536552121732,-1.7163066038817063,487.01078235325974,12.20048707023704,LOW,LOW,LOW,LOW,LOW,LOW,LOW
40.255551954527334,4.634668093365207,2.032350857683146,63.64774576543475,10.983780050222979,LOW,LOW,LOW,MEDIUM,LOW,MEDIUM,MEDIUM
54.08315973878374,-1.0466443441698323,-0.16419116255906793,277.29819604440553,13.831359560502204,MEDIUM,LOW,LOW,LOW,LOW,MEDIUM,MEDIUM
43.68669680319841,-0.9323087682032893,-1.6690614612895744,334.986067745619,2.477479969534011,LOW,LOW,LOW,LOW,LOW,LOW,LOW
67.17322896840994,-2.4143106683960593,12.218858533183642,31.992705410365048,9.423445633068967,MEDIUM,LOW,HIGH,HIGH,LOW,CRITICAL,CRITICAL
49.00704444692596,-6.249292646400109,1.1011141164032698,332.703580549628,27.669222137466363,LOW,MEDIUM,LOW,LOW,MEDIUM,MEDIUM,HIGH
26.304097521912567,-4.567944282770726,1.3923811671493793,279.56601981829203,6.763496739878323,LOW,LOW,LOW,LOW,LOW,LOW,LOW
69.1917034904556,0.3449395011887855,-2.737126145702832,413.0899589224516,19.301932758349032,MEDIUM,LOW,LOW,LOW,MEDIUM,MEDIUM,HIGH
27.554957133248337,5.62723011493186,-3.2914704199919114,884.5117113942197,20.290520845107714,LOW,MEDIUM,LOW,LOW,MEDIUM,MEDIUM,HIGH
33.05081145558032,7.623152937450675,0.4373079318497983,330.76543385796055,16.78821495894449,LOW,MEDIUM,LOW,LOW,MEDIUM,MEDIUM,HIGH
39.4992349713595,-1.3874559516984424,3.433492927888509,415.7325872544763,9.242332914996558,LOW,LOW,LOW,LOW,LOW,LOW,LOW
56.92851373885773,4.5465988255021825,-3.357158146833916,770.957169299821,12.348963086688867,MEDIUM,LOW,LOW,LOW,LOW,MEDIUM,MEDIUM
46.13113693386999,1.9559581226401799,6.7036751504375065,450.93702824100313,10.034655066432114,LOW,LOW,MEDIUM,LOW,LOW,MEDIUM,MEDIUM
48.634367787034776,-0.5975768544096985,-6.075938334221658,356.4918908688182,3.7887164535572153,LOW,LOW,MEDIUM,LOW,LOW,MEDIUM,MEDIUM
72.80872943189475,-4.7068523133347,2.637097007281718,436.73783819906305,6.674233296395855,HIGH,LOW,LOW,LOW,LOW,HIGH,HIGH
100.0,-1.4387444608263955,-1.7501331956662747,165.5578935578422,10.336662175566216,CRITICAL,LOW,LOW,LOW,LOW,CRITICAL,CRITICAL
60.53874314148051,3.4177510045622244,2.185595806669087,285.46234503873023,1.590787011646391,MEDIUM,LOW,LOW,LOW,LOW,MEDIUM,MEDIUM
71.38130210640057,21.29420917879357,-5.992454451829854,79.41462704587036,44.50522022355165,HIGH,CRITICAL,MEDIUM,MEDIUM,HIGH,CRITICAL,CRITICAL
38.15256585743857,-3.5266954334327347,-0.9886066296471677,285.192480710159,14.565223740584475,LOW,LOW,LOW,LOW,LOW,LOW,LOW
67.63860029741251,1.5284686823700715,0.6427419925026121,640.660985764519,18.86123077470568,MEDIUM,LOW,LOW,LOW,MEDIUM,MEDIUM,HIGH
54.76996427992806,-2.7868190691951216,4.9976057192434,339.96568793770456,6.225866067207109,MEDIUM,LOW,LOW,LOW,LOW,MEDIUM,MEDIUM
39.500491819966,-2.5412214784866585,0.5469860105938524,291.6834468738961,10.814286502512127,LOW,LOW,LOW,LOW,LOW,LOW,LOW
45.79822896071222,-7.757903246944519,-9.162487044910371,7.946896548997946,5.7067853268283635,LOW,MEDIUM,MEDIUM,CRITICAL,LOW,CRITICAL,CRITICAL
50.34715657004238,1.0199389299109471,4.774169884019749,412.5969166808404,14.12070726535741,MEDIUM,LOW,LOW,LOW,LOW,MEDIUM,MEDIUM
87.37591295266489,-22.08121490584971,-10.722971615736132,211.78330123514434,1.8813809465615026,CRITICAL,CRITICAL,HIGH,LOW,LOW,CRITICAL,CRITICAL
42.89733105261984,1.5858678865153852,3.8454659521997105,359.9363156831329,4.284419733065109,LOW,LOW,LOW,LOW,LOW,LOW,LOW
62.69914134263767,15.521441879380138,17.079179052787932,4.7562176604930375,19.76192702463444,MEDIUM,CRITICAL,CRITICAL,CRITICAL,MEDIUM,CRITICAL,CRITICAL
24.202658689631352,-2.095372681253581,-0.7359546404118569,440.99699784257746,2.7663774653021522,LOW,LOW,LOW,LOW,LOW,LOW,LOW
33.46256522036774,-4.431700904779449,3.0160562855779562,373.2149794061415,0.3128627952575743,LOW,LOW,LOW,LOW,LOW,LOW,LOW
40.994943573494524,3.4761251021233606,-0.4978265188576884,506.0882400380335,8.341469956198454,LOW,LOW,LOW,LOW,LOW,LOW,LOW
46.3690784725136,-10.543355878052823,-3.557481064899407,440.3850432741988,8.339446616809681,LOW,HIGH,LOW,LOW,LOW,HIGH,HIGH
24.599646355341083,-0.8514395310254692,-3.845887254042027,340.69169769915123,12.336061483561574,LOW,LOW,LOW,LOW,LOW,LOW,LOW
59.92954350793835,7.926405610605402,6.976839290368244,475.83455961395197,1.1480079132079581,MEDIUM,MEDIUM,MEDIUM,LOW,LOW,HIGH,HIGH
67.71872847644948,-2.588252480724277,-9.236485190854264,78.09777684016083,13.65372588531497,MEDIUM,LOW,MEDIUM,MEDIUM,LOW,HIGH,HIGH
21.761963322782425,6.0168516027409185,4.772969100565726,299.3817567881081,9.35165855711088,LOW,MEDIUM,LOW,LOW,LOW,MEDIUM,MEDIUM
44.775838808683886,-1.7588462417453279,0.585116175245413,520.0058837957305,10.12253746539014,LOW,LOW,LOW,LOW,LOW,LOW,LOW
23.50439393073219,8.766553020219948,-4.7262663164096494,389.62325374779965,1.0364164557395887,LOW,MEDIUM,LOW,LOW,LOW,MEDIUM,MEDIUM
39.0139419113536,-4.58642078538209,4.4886354016604235,397.8953757920674,11.908189741420985,LOW,LOW,LOW,LOW,LOW,LOW,LOW
36.198828589049825,0.30693143757182734,0.733816905888931,461.48287317824577,7.4207658366177,LOW,LOW,LOW,LOW,LOW,LOW,LOW
47.85316439014263,0.6318507910118436,-2.1285674798472796,483.94840020103527,12.502526672734064,LOW,LOW,LOW,LOW,LOW,LOW,LOW
42.69286833178447,1.2753081743181216,-4.3406947133429785,578.3853781370523,0.09397978958216964,LOW,LOW,LOW,LOW,LOW,LOW,LOW
43.69277411496862,-3.5818332548776053,1.4128922701874207,416.5123609369564,9.39370041559349,LOW,LOW,LOW,LOW,LOW,LOW,LOW
47.970853888277254,-8.137423471537451,-3.9057021589263936,525.5604322799767,10.4015685213963,LOW,MEDIUM,LOW,LOW,LOW,MEDIUM,MEDIUM
71.22203358786426,-0.3281225452366324,2.9734542460276563,351.36379876005117,23.728002648050335,HIGH,LOW,LOW,LOW,MEDIUM,HIGH,HIGH
30.559971983864617,-2.534559463642309,-9.026900421157675,639.2634214848706,21.849067922535617,LOW,LOW,MEDIUM,LOW,MEDIUM,MEDIUM,HIGH
29.767388417800184,-0.5146099400214554,-1.4490919339704549,195.90254060818376,6.256153071646494,LOW,LOW,LOW,LOW,LOW,LOW,LOW
39.17383138516837,0.8908642504038585,5.718078634103969,295.4433104554893,8.41459211375701,LOW,LOW,MEDIUM,LOW,LOW,MEDIUM,MEDIUM
55.90305785617404,7.028285366124664,3.09833126328981,147.63019336565114,1.3976849937493439,MEDIUM,MEDIUM,LOW,LOW,LOW,HIGH,HIGH
47.90505027522253,2.5691130266841267,-2.1824566253150106,436.690492223857,8.366981250792088,LOW,LOW,LOW,LOW,LOW,LOW,LOW
48.57747280250158,-19.662275511665683,10.919884171134287,156.79726944275146,19.378263671055866,LOW,CRITICAL,HIGH,LOW,MEDIUM,CRITICAL,CRITICAL
65.58418370169862,-1.5572224830142818,0.4112255378377039,445.13231854507086,4.642269196012997,MEDIUM,LOW,LOW,LOW,LOW,MEDIUM,MEDIUM
59.82415851606835,-16.340932798601028,3.379000861030011,69.84599375385896,19.098489196714702,MEDIUM,CRITICAL,LOW,MEDIUM,MEDIUM,CRITICAL,CRITICAL
72.21379241550412,-4.68153439241736,-6.292851758246829,148.38467614540377,17.147703326032566,HIGH,LOW,MEDIUM,LOW,MEDIUM,HIGH,HIGH
71.341523845403,-1.509604740205079,-4.027788198434395,676.1062176166695,2.219342948962301,HIGH,LOW,LOW,LOW,LOW,HIGH,HIGH
45.15731974010813,-5.60022614865352,6.5598267273146424,259.39578715109485,11.062432596374807,LOW,MEDIUM,MEDIUM,LOW,LOW,HIGH,HIGH
48.81789470559496,3.4026528151510833,1.963069372395306,26.726639387500846,26.8464815750278,LOW,LOW,LOW,HIGH,MEDIUM,HIGH,HIGH
47.31972814854937,5.292907791099649,2.940965777158491,387.0956572109,11.600079691195784,LOW,MEDIUM,LOW,LOW,LOW,MEDIUM,MEDIUM
52.08217006955884,-18.449196529525633,-26.57121823061462,0.1426745605168217,36.06581039786988,MEDIUM,CRITICAL,CRITICAL,CRITICAL,HIGH,CRITICAL,CRITICAL
89.89783517523358,11.809704077109684,3.6814795495374213,44.624572563550515,2.9931028499175696,CRITICAL,HIGH,LOW,HIGH,LOW,CRITICAL,CRITICAL
29.59934262322101,0.6816616703724477,0.5420720111671817,309.9053216326362,9.801748735646594,LOW,LOW,LOW,LOW,LOW,LOW,LOW
45.17477561527868,-7.222273015940812,4.00385836115593,276.15076777145305,15.360890329428585,LOW,MEDIUM,LOW,LOW,MEDIUM,MEDIUM,HIGH
39.773007129570296,3.9760111534753864,-0.16907199373917214,316.4933205861832,2.073202855806727,LOW,LOW,LOW,LOW,LOW,LOW,LOW
56.782238847443644,0.49563298254427807,-2.494036053961335,259.609128766536,20.497858473489448,MEDIUM,LOW,LOW,LOW,MEDIUM,MEDIUM,HIGH
73.84241189785357,-16.97836860824727,7.782560971595974,7.605147953213892,22.29473502190928,HIGH,CRITICAL,MEDIUM,CRITICAL,MEDIUM,CRITICAL,CRITICAL
100.0,39.79631219214643,-3.3430166850805767,4.162781321053988,27.28979096903312,CRITICAL,CRITICAL,LOW,CRITICAL,MEDIUM,CRITICAL,CRITICAL
32.51894298400805,-4.339871949921909,-4.542389062102097,422.9432045988462,4.615190456965969,LOW,LOW,LOW,LOW,LOW,LOW,LOW
6.325607247892046,0.42175690472548316,2.3212767090382016,291.7813484343074,19.197862576067443,LOW,LOW,LOW,LOW,MEDIUM,LOW,MEDIUM
62.049497081917124,-8.751503889711138,11.317910412002,38.91318648269344,21.536352214744188,MEDIUM,MEDIUM,HIGH,HIGH,MEDIUM,CRITICAL,CRITICAL
59.47896576570672,2.883956613723678,-8.072936445724785,588.071211426939,7.913934911155676,MEDIUM,LOW,MEDIUM,LOW,LOW,HIGH,HIGH
82.0568010696331,18.228043312621654,-14.251282410308992,29.813338048742082,36.12937927333186,HIGH,CRITICAL,HIGH,HIGH,HIGH,CRITICAL,CRITICAL
30.387488577416665,-4.555787488228528,3.6214600232122076,133.53766203532965,29.080550687159228,LOW,LOW,LOW,LOW,MEDIUM,LOW,MEDIUM
60.37329649148895,-3.979086871726781,-2.4759552113907306,491.9757278993805,15.481150780522642,MEDIUM,LOW,LOW,LOW,MEDIUM,MEDIUM,HIGH
25.93073626328847,4.139043228418763,4.623887960463485,73.5052983981369,1.3508089447848326,LOW,LOW,LOW,MEDIUM,LOW,MEDIUM,MEDIUM
52.18503936137983,-3.4142651388104257,1.055276342717364,393.39369418459313,6.257869232873401,MEDIUM,LOW,LOW,LOW,LOW,MEDIUM,MEDIUM
57.4860080788584,-3.261268946671441,3.2516924035597796,299.2463920827429,8.00260452656593,MEDIUM,LOW,LOW,LOW,LOW,MEDIUM,MEDIUM
52.87188863251983,-3.513995163878019,-5.125659919112105,337.0928576687057,3.107394161647903,MEDIUM,LOW,MEDIUM,LOW,LOW,HIGH,HIGH
56.859265782599664,-6.814328641091833,2.13714151683137,559.8109968400089,4.929226830169499,MEDIUM,MEDIUM,LOW,LOW,LOW,HIGH,HIGH
41.36567852732417,-2.3590369626685423,5.200706107252557,0.0,17.662062194741058,LOW,LOW,MEDIUM,CRITICAL,MEDIUM,CRITICAL,CRITICAL
65.20281072320125,-27.636109231718983,-13.72720284717032,104.29273504798549,21.83988089938216,MEDIUM,CRITICAL,HIGH,LOW,MEDIUM,CRITICAL,CRITICAL
52.91157977789995,-1.4277074151794076,-4.551462698615136,235.8541798509826,5.718616566065555,MEDIUM,LOW,LOW,LOW,LOW,MEDIUM,MEDIUM
32.76612343171275,-1.3994506523057497,2.5983253265846926,288.310800161934,15.99365041395333,LOW,LOW,LOW,LOW,MEDIUM,LOW,MEDIUM
30.03363326010968,-6.03160945344408,-1.6829805955922685,570.9643109120822,1.028165688822541,LOW,MEDIUM,LOW,LOW,LOW,MEDIUM,MEDIUM
39.880432280099114,-1.014838940265594,-0.6368068463465585,532.3297192405606,6.299059660524927,LOW,LOW,LOW,LOW,LOW,LOW,LOW
80.1608066824894,-4.585816064411515,11.199296585351325,385.03664070304524,9.855373311132885,HIGH,LOW,HIGH,LOW,LOW,CRITICAL,CRITICAL
52.6514809681091,-2.290344192506109,0.6653554638026233,572.5168960867273,28.364812920248173,MEDIUM,LOW,LOW,LOW,MEDIUM,MEDIUM,HIGH
57.81553980524132,-2.8005318117996363,1.288963523529634,88.7267386828929,15.571544807028845,MEDIUM,LOW,LOW,MEDIUM,MEDIUM,HIGH,HIGH
71.06857142752875,-3.9003954231477596,-5.364520130622843,625.036683255112,17.229263820686363,HIGH,LOW,MEDIUM,LOW,MEDIUM,HIGH,HIGH
51.481803659756544,6.294171680198871,-1.2020627219885267,719.2706247663016,11.80588475720633,MEDIUM,MEDIUM,LOW,LOW,LOW,HIGH,HIGH
31.530870215396543,-0.07872301731307749,-1.4922346706556622,154.6745222307801,6.4448744474943656,LOW,LOW,LOW,LOW,LOW,LOW,LOW
82.51192742988792,18.769327228447484,1.720676956325503,98.73722379072677,22.65418177715285,HIGH,CRITICAL,LOW,MEDIUM,MEDIUM,CRITICAL,CRITICAL
70.17083400678892,0.20937249860596396,3.5763867038148263,162.56694294240194,2.217825370885448,HIGH,LOW,LOW,LOW,LOW,HIGH,HIGH
49.22901454807743,1.8259921410025834,2.7937005375374886,432.8355826214074,7.375710468886805,LOW,LOW,LOW,LOW,LOW,LOW,LOW
35.45702338196807,8.000610049971637,2.0618307916993435,268.37672293351335,16.702908701196144,LOW,MEDIUM,LOW,LOW,MEDIUM,MEDIUM,HIGH
37.37602280875019,-2.9911404174639276,-0.5011464910777519,274.0389385923655,17.352748503864895,LOW,LOW,LOW,LOW,MEDIUM,LOW,MEDIUM
37.87014873476717,7.782670010213103,-3.2374897653752672,613.473942498352,18.51959425289728,LOW,MEDIUM,LOW,LOW,MEDIUM,MEDIUM,HIGH
68.37576017821172,-2.7168877488724013,0.3965031699046401,357.08403589895516,9.050129387175408,MEDIUM,LOW,LOW,LOW,LOW,MEDIUM,MEDIUM
48.8169345256111,-29.916573811069988,3.8707259519706345,74.6322178091447,4.242710800968851,LOW,CRITICAL,LOW,MEDIUM,LOW,CRITICAL,CRITICAL
57.278230746599974,-1.3486422057123466,-0.5268193837384476,368.9781031046352,11.478719838117748,MEDIUM,LOW,LOW,LOW,LOW,MEDIUM,MEDIUM
58.081352933006755,-0.6649682892833219,10.718514775600012,241.1875050992369,23.780688356578317,MEDIUM,LOW,HIGH,LOW,MEDIUM,HIGH,HIGH
44.07950939850131,-2.775767955251161,-1.7886011132245303,304.615222523106,34.813638200620105,LOW,LOW,LOW,LOW,HIGH,LOW,HIGH
50.24621722871972,-9.882653131517603,4.212485810095211,260.9903647133041,1.863955346009463,MEDIUM,MEDIUM,LOW,LOW,LOW,HIGH,HIGH
59.11599827177896,-3.950810750622348,-16.0764846270555,179.81563252827826,5.302873384285995,MEDIUM,LOW,CRITICAL,LOW,LOW,CRITICAL,CRITICAL
54.14863683981966,-0.5779513657777177,0.13427059227602434,546.0883705078294,6.665163555700007,MEDIUM,LOW,LOW,LOW,LOW,MEDIUM,MEDIUM
45.22550888312686,-4.950570904512114,2.6222695936873466,420.4658097388077,2.636026890445952,LOW,LOW,LOW,LOW,LOW,LOW,LOW
58.6880737285315,18.29175694828301,-20.38140682080301,706.9764666152595,35.3827515831271,MEDIUM,CRITICAL,CRITICAL,LOW,HIGH,CRITICAL,CRITICAL
26.02181946002705,7.543154065942108,-6.178398907622493,557.4051173370947,6.850036495460353,LOW,MEDIUM,MEDIUM,LOW,LOW,HIGH,HIGH
39.50096145241884,-2.861574284956696,0.8687054903395677,289.2496280916563,11.291491724273158,LOW,LOW,LOW,LOW,LOW,LOW,LOW
54.74407297669329,-6.8293718145983995,-2.3369163727683415,897.3236517486994,2.8947698187140136,MEDIUM,MEDIUM,LOW,LOW,LOW,HIGH,HIGH
62.21704187639629,2.0327171562093116,-2.3352110676799267,576.1707412292201,16.456701393356212,MEDIUM,LOW,LOW,LOW,MEDIUM,MEDIUM,HIGH
36.1599515312223,0.93688165439824,0.9811077288704301,148.04573840910524,5.734923404612663,LOW,LOW,LOW,LOW,LOW,LOW,LOW
47.42270248857611,0.30155387693739294,1.3479753603862412,655.6423690706278,6.563077825158576,LOW,LOW,LOW,LOW,LOW,LOW,LOW
57.8468971972318,-0.05544853801708542,-3.4608362154089867,211.71404232948143,4.622786341383497,MEDIUM,LOW,LOW,LOW,LOW,MEDIUM,MEDIUM
42.85665692496727,19.896507355159617,-17.782227637308218,143.7695775432088,35.41724651590395,LOW,CRITICAL,CRITICAL,LOW,HIGH,CRITICAL,CRITICAL
53.832479273129216,9.811446484569606,4.15342073961029,521.8243245991121,9.792787938037335,MEDIUM,MEDIUM,LOW,LOW,LOW,HIGH,HIGH
91.44883344213824,0.1142630511103445,0.5679578023023711,576.2380457014859,14.386024244297776,CRITICAL,LOW,LOW,LOW,LOW,CRITICAL,CRITICAL
75.68540434913626,-1.2896357309310997,1.6049152954439119,74.3126573557999,14.464536104397892,HIGH,LOW,LOW,MEDIUM,LOW,HIGH,HIGH
52.7581532423844,-4.904589458079397,1.7906879633479753,706.2892048545742,5.71402022126691,MEDIUM,LOW,LOW,LOW,LOW,MEDIUM,MEDIUM
58.47366859284344,-0.6545346834299656,4.177544207506316,967.2038860414784,8.052948801812427,MEDIUM,LOW,LOW,LOW,LOW,MEDIUM,MEDIUM
25.323949616323127,0.5728087699855285,-5.9543759118496125,491.6660249509725,3.5297133424347296,LOW,LOW,MEDIUM,LOW,LOW,MEDIUM,MEDIUM
64.65292284081451,3.458339167007084,-8.650716042058118,515.7895630486265,12.488708712739765,MEDIUM,LOW,MEDIUM,LOW,LOW,HIGH,HIGH
48.8391656561752,-3.7704118480540147,-6.2722430378089955,213.16317582403107,6.657843721255501,LOW,LOW,MEDIUM,LOW,LOW,MEDIUM,MEDIUM
100.0,-2.362807152130734,15.525037870391523,210.5508842970358,5.805004324489605,CRITICAL,LOW,CRITICAL,LOW,LOW,CRITICAL,CRITICAL
37.04865620992695,0.38759150413725835,-3.6326157944306816,274.00387673514604,6.091162922336108,LOW,LOW,LOW,LOW,LOW,LOW,LOW
41.49138021832658,0.3720851528857268,3.6703970810385194,507.7547659636352,11.066320163538101,LOW,LOW,LOW,LOW,LOW,LOW,LOW
54.18939566005669,-0.33154793549946143,-1.2829854859153849,380.02689071328996,16.80516648177783,MEDIUM,LOW,LOW,LOW,MEDIUM,MEDIUM,HIGH
61.89357282654576,4.8391527513752415,-7.24166713343098,356.519702683748,3.7613873428186655,MEDIUM,LOW,MEDIUM,LOW,LOW,HIGH,HIGH
47.02923762828477,-5.788871117031833,-1.2369756305309185,306.56331732594884,3.371255911946104,LOW,MEDIUM,LOW,LOW,LOW,MEDIUM,MEDIUM
45.324981175553454,8.789934884218326,4.807866538073173,362.1067927144815,5.017337704479975,LOW,MEDIUM,LOW,LOW,LOW,MEDIUM,MEDIUM
63.0851667614863,5.586066629413932,20.490586671861127,3.7941980902348784,38.15522427378443,MEDIUM,MEDIUM,CRITICAL,CRITICAL,HIGH,CRITICAL,CRITICAL
53.212897956534306,2.902360701929286,5.759816165714523,543.6128229231788,11.328438147380577,MEDIUM,LOW,MEDIUM,LOW,LOW,HIGH,HIGH
61.029633293851276,3.2752254084279087,-1.0231651138560398,355.35302557210787,7.737657071522724,MEDIUM,LOW,LOW,LOW,LOW,MEDIUM,MEDIUM
36.841349197301135,3.303410679310838,-7.451454345804944,253.74099390959532,4.7713114863974395,LOW,LOW,MEDIUM,LOW,LOW,MEDIUM,MEDIUM
20.455473223508108,4.564797659633609,1.9436733578364649,175.22272426117578,3.9055063143127167,LOW,LOW,LOW,LOW,LOW,LOW,LOW
55.23733813890955,1.1591379146328873,9.33214224844587,422.7092748922948,6.510889533232214,MEDIUM,LOW,MEDIUM,LOW,LOW,HIGH,HIGH
32.15247064320866,0.11230613797819618,-6.74023558967021,456.7609016720584,12.966938332106297,LOW,LOW,MEDIUM,LOW,LOW,MEDIUM,MEDIUM
32.547645440265626,17.90423270580525,0.6647629414000098,29.298463731584405,28.722013830035014,LOW,CRITICAL,LOW,HIGH,MEDIUM,CRITICAL,CRITICAL
52.33268834719482,9.538391201325878,4.013253251259606,577.7941258553373,6.231066405614067,MEDIUM,MEDIUM,LOW,LOW,LOW,HIGH,HIGH
35.996936631215576,-1.6858491894487904,2.8503177864402462,318.0111440713738,2.210665599874053,LOW,LOW,LOW,LOW,LOW,LOW,LOW
64.91364319092283,-2.4550144415277746,1.5810013169675017,284.1968098843627,27.451681952737065,MEDIUM,LOW,LOW,LOW,MEDIUM,MEDIUM,HIGH
74.73134329602672,-8.140203208798598,-23.560303719186248,316.1939747698575,14.253708058668582,HIGH,MEDIUM,CRITICAL,LOW,LOW,CRITICAL,CRITICAL
30.413240434694924,1.8642669931144151,3.6371495867747754,518.9427920707891,12.938192531773815,LOW,LOW,LOW,LOW,LOW,LOW,LOW
42.99711396821267,-0.716436603415222,-0.381632727066592,441.77767692321675,17.66586774237902,LOW,LOW,LOW,LOW,MEDIUM,LOW,MEDIUM
42.37933443105038,-4.985361174483495,-3.3059655028409387,193.9447778421406,7.596956883425178,LOW,LOW,LOW,LOW,LOW,LOW,LOW
94.21442131927235,-1.4317204297758652,-4.225634589852509,65.23303330521844,18.99960126075073,CRITICAL,LOW,LOW,MEDIUM,MEDIUM,CRITICAL,CRITICAL
72.18850979825048,5.017412583794448,-1.4168370710657474,8.682419429027513,25.027469193984054,HIGH,MEDIUM,LOW,CRITICAL,MEDIUM,CRITICAL,CRITICAL
45.99211672723503,-4.978891187675065,-0.4248347668759965,389.7092461325987,6.358552130601922,LOW,LOW,LOW,LOW,LOW,LOW,LOW
99.8422192125372,7.830975736016105,9.923352731313596,175.60658624998916,45.18933711814853,CRITICAL,MEDIUM,MEDIUM,LOW,CRITICAL,CRITICAL,CRITICAL
21.309822568946096,0.8166154879841085,-0.7308738472573101,651.9831363619656,14.506780114662165,LOW,LOW,LOW,LOW,LOW,LOW,LOW
35.543322138102305,-5.001896574413948,2.9176877534013443,554.2434835869611,11.671512181681774,LOW,MEDIUM,LOW,LOW,LOW,MEDIUM,MEDIUM
29.226786624897585,-3.911017604168193,-0.20632502886231216,211.05973246652817,3.1736766785679364,LOW,LOW,LOW,LOW,LOW,LOW,LOW
76.89136748174931,5.378462338727297,-23.387563658622902,108.23184562696267,12.430709364331452,HIGH,MEDIUM,CRITICAL,LOW,LOW,CRITICAL,CRITICAL
51.27322617399295,2.86523940226406,1.3148255945003666,521.3629781592754,6.61655510987075,MEDIUM,LOW,LOW,LOW,LOW,MEDIUM,MEDIUM
38.30796255212089,-14.788313826660543,1.9664568208374686,263.4502568439682,26.88994738499215,LOW,HIGH,LOW,LOW,MEDIUM,HIGH,HIGH
58.58791882196445,3.6318798776842276,-7.486082984247124,122.94730423489575,17.840281498457326,MEDIUM,LOW,MEDIUM,LOW,MEDIUM,HIGH,HIGH
30.044095089551067,-4.229005848080412,-1.6446935822132651,345.18566578887345,4.0274013005152565,LOW,LOW,LOW,LOW,LOW,LOW,LOW
60.609636641995024,2.3113291545596995,4.33376521339154,384.13653146215785,0.6236300695502497,MEDIUM,LOW,LOW,LOW,LOW,MEDIUM,MEDIUM
59.014676065061565,-1.7296047491118463,5.091640868989695,338.6424404682176,7.717909476365609,MEDIUM,LOW,MEDIUM,LOW,LOW,HIGH,HIGH
50.092931811063245,-5.965706950624103,0.48516732360032805,269.81524038196295,8.84787058287259,MEDIUM,MEDIUM,LOW,LOW,LOW,HIGH,HIGH
57.331662709242195,0.561867902939427,-4.498086718455581,364.60242501533054,3.298657939114686,MEDIUM,LOW,LOW,LOW,LOW,MEDIUM,MEDIUM
47.268243320063206,0.05728160881943507,-2.020437661646036,338.70150359118605,3.2891775587000884,LOW,LOW,LOW,LOW,LOW,LOW,LOW
67.964011190897,2.845867094804476,8.366191449514236,225.0959533542391,9.114046545051409,MEDIUM,LOW,MEDIUM,LOW,LOW,HIGH,HIGH
48.909842320578036,5.2701632760696,2.294627853106861,360.395746400101,11.929278672205193,LOW,MEDIUM,LOW,LOW,LOW,MEDIUM,MEDIUM
51.78744684154024,8.458400711633347,3.9844906410092604,479.11822890682197,0.9087169124617724,MEDIUM,MEDIUM,LOW,LOW,LOW,HIGH,HIGH
39.719255159515626,-3.9847569823839875,1.3985990285898955,386.18603066898277,28.971810800748298,LOW,LOW,LOW,LOW,MEDIUM,LOW,MEDIUM
35.62783193196166,0.5950936180043699,3.5084405010078648,468.5928454029038,11.825344717573374,LOW,LOW,LOW,LOW,LOW,LOW,LOW
53.48607756680927,0.14337317943219693,1.0651814257624939,242.54233441180432,3.383376328389343,MEDIUM,LOW,LOW,LOW,LOW,MEDIUM,MEDIUM
56.39163260733874,1.5301632819802709,4.031052302606253,237.51620676384562,6.092144175088326,MEDIUM,LOW,LOW,LOW,LOW,MEDIUM,MEDIUM
82.75522809305544,3.311590710608083,9.204752273876426,137.02423582538316,30.589505145529635,HIGH,LOW,MEDIUM,LOW,HIGH,HIGH,CRITICAL
58.25436823456458,-0.6419448813142505,-4.491604624307331,650.2036279408127,5.985979895754703,MEDIUM,LOW,LOW,LOW,LOW,MEDIUM,MEDIUM
66.4840665595106,-12.615960716826185,-8.703425745325161,74.94921904298221,29.046970490817415,MEDIUM,HIGH,MEDIUM,MEDIUM,MEDIUM,HIGH,HIGH
66.0325454273741,-15.689457945643941,2.8169805408981947,39.241513408060854,46.444785249763385,MEDIUM,CRITICAL,LOW,HIGH,CRITICAL,CRITICAL,CRITICAL
39.4083630830287,2.208474740979983,-5.26598455721476,365.04572576920594,11.577858165891232,LOW,LOW,MEDIUM,LOW,LOW,MEDIUM,MEDIUM
86.48216969267865,12.180843036704777,20.516496344106223,189.22568321269296,44.80093942078991,CRITICAL,HIGH,CRITICAL,LOW,HIGH,CRITICAL,CRITICAL
31.71097611802334,3.1051743629892887,-4.0222238847349905,283.9359646463072,10.042578573309182,LOW,LOW,LOW,LOW,LOW,LOW,LOW
63.41030380004965,15.556033012862478,4.682311327264833,119.39971655370375,42.78227863571737,MEDIUM,CRITICAL,LOW,LOW,HIGH,CRITICAL,CRITICAL
76.5878451654499,3.0566331997275773,3.1613960347691554,380.5275817510883,4.593016704920764,HIGH,LOW,LOW,LOW,LOW,HIGH,HIGH
88.70146270862716,-7.869313342074603,19.913033986298508,37.480214928045434,32.55798178513905,CRITICAL,MEDIUM,CRITICAL,HIGH,HIGH,CRITICAL,CRITICAL
84.09708077196834,-8.097419704128153,25.62098410716156,36.422379582859776,13.10532010077041,HIGH,MEDIUM,CRITICAL,HIGH,LOW,CRITICAL,CRITICAL
63.13692557073826,-7.525143791830617,-6.267699929676302,126.2730680856247,13.92917073561434,MEDIUM,MEDIUM,MEDIUM,LOW,LOW,HIGH,HIGH
37.43275357722871,-12.27801627824675,-2.519687536482298,76.15187191611224,23.242204610857762,LOW,HIGH,LOW,MEDIUM,MEDIUM,HIGH,HIGH
42.829713588864855,-2.3543799382490977,6.471306894271922,204.74391200481145,5.984416092189079,LOW,LOW,MEDIUM,LOW,LOW,MEDIUM,MEDIUM
0.4744735464622174,5.398185255334973,2.880896067621631,443.77583722851887,4.236292040751131,LOW,MEDIUM,LOW,LOW,LOW,MEDIUM,MEDIUM
51.415151565148946,0.9383298683013876,-2.0233826770118215,175.68571153219997,5.604867600461515,MEDIUM,LOW,LOW,LOW,LOW,MEDIUM,MEDIUM
21.44645018877233,4.929135318043325,0.15566331206932119,261.8959408384417,8.391781754097353,LOW,LOW,LOW,LOW,LOW,LOW,LOW
56.00022010767272,0.8109267529587574,-4.316097837071594,372.0188035096741,19.8225974348974,MEDIUM,LOW,LOW,LOW,MEDIUM,MEDIUM,HIGH
72.25189854993559,5.390712342050496,3.6350539124974346,493.2236636220296,12.436423189946993,HIGH,MEDIUM,LOW,LOW,LOW,HIGH,HIGH
95.85758702117766,19.384826414471604,-5.762420704140444,306.67339484965476,22.698324977198368,CRITICAL,CRITICAL,MEDIUM,LOW,MEDIUM,CRITICAL,CRITICAL
32.73627619833463,0.1309905901176008,-6.190462053438217,458.9681400464339,11.03589905999194,LOW,LOW,MEDIUM,LOW,LOW,MEDIUM,MEDIUM
81.51434105449779,-17.113079298059553,-22.12503550551156,83.38665193991348,11.708442298657962,HIGH,CRITICAL,CRITICAL,MEDIUM,LOW,CRITICAL,CRITICAL
53.978926371665885,2.9542641568082457,-2.365397519193111,599.8338051152061,4.130153563950446,MEDIUM,LOW,LOW,LOW,LOW,MEDIUM,MEDIUM
100.0,-7.790786781942888,-10.380078002080694,80.14844394340332,12.416017754453083,CRITICAL,MEDIUM,HIGH,MEDIUM,LOW,CRITICAL,CRITICAL
42.87110640830212,1.0549727979792898,13.894162217514895,45.013802136747906,14.682641241035308,LOW,LOW,HIGH,HIGH,LOW,CRITICAL,CRITICAL
22.74291217450016,-2.1347251994627445,1.3864253618899995,248.9987514937559,1.9471397325496473,LOW,LOW,LOW,LOW,LOW,LOW,LOW
64.27375177312625,-1.8955314791428763,0.088270803747454,0.0,1.8973316870334243,MEDIUM,LOW,LOW,CRITICAL,LOW,CRITICAL,CRITICAL
85.97662535774555,-29.28312664710125,22.2193089244734,165.95951510002095,29.400590797894036,CRITICAL,CRITICAL,CRITICAL,LOW,MEDIUM,CRITICAL,CRITICAL
40.25094835645389,3.816390641503902,1.1109026253380412,419.80061768522967,17.399131782431713,LOW,LOW,LOW,LOW,MEDIUM,LOW,MEDIUM
68.37942025605129,-8.774591705035494,1.8449130459951928,257.2217243573507,23.93867336218493,MEDIUM,MEDIUM,LOW,LOW,MEDIUM,HIGH,HIGH
68.19598030784744,13.20388757720611,8.322770041721189,348.03779641933136,24.32999344124559,MEDIUM,HIGH,MEDIUM,LOW,MEDIUM,HIGH,HIGH
41.78218574496137,3.4634903543373734,-1.4151629245692554,365.3611596430809,19.606854424775864,LOW,LOW,LOW,LOW,MEDIUM,LOW,MEDIUM
45.288282783259056,3.459832823350704,-2.785144331647688,516.4924210110366,3.0741986744323926,LOW,LOW,LOW,LOW,LOW,LOW,LOW
58.61298451189045,4.360977134632259,-2.6763870405508534,494.7175692602905,26.877210086596634,MEDIUM,LOW,LOW,LOW,MEDIUM,MEDIUM,HIGH
34.67025137044849,3.8661616599976534,5.694363804081114,396.08445408233746,5.406406866606469,LOW,LOW,MEDIUM,LOW,LOW,MEDIUM,MEDIUM
30.573563688401972,1.7381603890171613,-2.7422182859340207,81.99399390729621,3.0246460588365025,LOW,LOW,LOW,MEDIUM,LOW,MEDIUM,MEDIUM
61.48379341279527,13.044220713591887,23.60609955363774,25.612231016994176,8.551579462780206,MEDIUM,HIGH,CRITICAL,HIGH,LOW,CRITICAL,CRITICAL
54.43628113521,-4.58231014173902,3.599147403052071,260.6156083268149,16.331661771207852,MEDIUM,LOW,LOW,LOW,MEDIUM,MEDIUM,HIGH
92.03792450562253,11.4927192963675,0.06549413137576743,43.10936186831491,6.062710857537738,CRITICAL,HIGH,LOW,HIGH,LOW,CRITICAL,CRITICAL
38.19969824849118,9.248176225438122,-2.8145457764369186,483.5977932367701,11.290706371251094,LOW,MEDIUM,LOW,LOW,LOW,MEDIUM,MEDIUM
50.85258289320128,-1.7739457560730196,5.4706420546046495,342.81722391397057,8.343347726431496,MEDIUM,LOW,MEDIUM,LOW,LOW,HIGH,HIGH
60.32187156023065,3.2893691947502064,2.7935964853176047,551.0562969752232,6.786785816651568,MEDIUM,LOW,LOW,LOW,LOW,MEDIUM,MEDIUM
16.965388862596857,-6.47247668157415,-0.7178734307038823,169.35443573094048,4.937327993556264,LOW,MEDIUM,LOW,LOW,LOW,MEDIUM,MEDIUM
9.336452551093464,2.8008876451291567,8.881287432019528,459.122694829332,6.1719202417234325,LOW,LOW,MEDIUM,LOW,LOW,MEDIUM,MEDIUM
44.17880406485677,1.5115291291249258,-0.7891603564802756,0.0,4.724418404666599,LOW,LOW,LOW,CRITICAL,LOW,CRITICAL,CRITICAL
55.77497314791369,-0.4047905092701275,7.603327260262979,411.35562786467983,5.362755107972214,MEDIUM,LOW,MEDIUM,LOW,LOW,HIGH,HIGH
41.28439202348254,-8.082374001329354,0.568772540565239,404.06856865241934,7.047505323823432,LOW,MEDIUM,LOW,LOW,LOW,MEDIUM,MEDIUM
31.15534652438859,0.37562592664179917,1.2007001971380844,0.0,6.533458614435003,LOW,LOW,LOW,CRITICAL,LOW,CRITICAL,CRITICAL
53.45114926233198,-4.158098702883904,-1.3127005073646116,454.88365310269126,1.8626256532688468,MEDIUM,LOW,LOW,LOW,LOW,MEDIUM,MEDIUM
79.61532341603177,-2.9747996676207333,-1.2725705306457076,340.6943709124583,3.908965144990209,HIGH,LOW,LOW,LOW,LOW,HIGH,HIGH
94.76824446342168,-22.294820879028876,-13.5363408843778,2.209365444777347,36.081922794413025,CRITICAL,CRITICAL,HIGH,CRITICAL,HIGH,CRITICAL,CRITICAL
40.58858537417049,1.112037139546,-4.3256313918451035,408.3242181599718,11.892583957194134,LOW,LOW,LOW,LOW,LOW,LOW,LOW
38.96926049587815,2.980747527575311,5.933035539426363,0.0,8.026649763388633,LOW,LOW,MEDIUM,CRITICAL,LOW,CRITICAL,CRITICAL
43.75678913494271,-6.702675267187685,29.2682782461278,272.3808914549437,11.865073964889923,LOW,MEDIUM,CRITICAL,LOW,LOW,CRITICAL,CRITICAL
31.1692042923386,0.7343788972292238,-2.8370868685753967,361.0358715600866,27.48878972669223,LOW,LOW,LOW,LOW,MEDIUM,LOW,MEDIUM
49.31879431869,-1.0687662626211527,-1.1483288124600368,162.46035215407372,7.853893819892535,LOW,LOW,LOW,LOW,LOW,LOW,LOW
60.79356129204845,10.439429328630188,0.8501567526274088,65.09248959421298,60.0,MEDIUM,HIGH,LOW,MEDIUM,CRITICAL,HIGH,CRITICAL
64.59925603942571,-1.5263341945936812,1.6410362759230965,658.9445297839018,10.208732288089582,MEDIUM,LOW,LOW,LOW,LOW,MEDIUM,MEDIUM
45.35077687734272,4.10877915297144,-4.831099289697586,644.2753132088625,14.261218523030056,LOW,LOW,LOW,LOW,LOW,LOW,LOW
43.940490305220386,1.202189793603991,-8.945704814020655,408.4351534063968,24.282037434103728,LOW,LOW,MEDIUM,LOW,MEDIUM,MEDIUM,HIGH
39.46675345594464,4.641993957640124,-0.07671450066856728,0.0,17.008207060863995,LOW,LOW,LOW,CRITICAL,MEDIUM,CRITICAL,CRITICAL
67.26651057660342,-2.705358863054182,-0.6051961590788296,396.2033415604662,2.8264261844886516,MEDIUM,LOW,LOW,LOW,LOW,MEDIUM,MEDIUM
38.792848220671544,0.4575339005437352,1.4937814217777583,524.2717075175765,29.10459060599669,LOW,LOW,LOW,LOW,MEDIUM,LOW,MEDIUM
55.113724626371486,6.065389863196789,2.8739611892685177,402.3644122866197,12.155195557550202,MEDIUM,MEDIUM,LOW,LOW,LOW,HIGH,HIGH
55.106532515043895,0.10764689656544453,0.6488460189699322,331.664236704329,2.872612068395389,MEDIUM,LOW,LOW,LOW,LOW,MEDIUM,MEDIUM
77.330039565854,-3.3952302933643073,-27.766313947282498,11.16212345242365,21.971161250327373,HIGH,LOW,CRITICAL,CRITICAL,MEDIUM,CRITICAL,CRITICAL
54.21653492007489,-12.32849043694309,9.17025139362677,45.00608420677861,60.0,MEDIUM,HIGH,MEDIUM,HIGH,CRITICAL,CRITICAL,CRITICAL
57.81940965826054,-2.65264950323716,-2.3290682500351085,266.84439236516886,12.493489538063315,MEDIUM,LOW,LOW,LOW,LOW,MEDIUM,MEDIUM
59.388800646735575,-2.770342879641996,4.43592095410841,200.1770153741442,9.665961250144587,MEDIUM,LOW,LOW,LOW,LOW,MEDIUM,MEDIUM
44.23586581404896,-0.9047011507230437,-0.18699781561080916,206.0462801401043,1.5109958815856306,LOW,LOW,LOW,LOW,LOW,LOW,LOW
13.583437099276455,5.172767074808641,-2.7909220639855334,604.5173282596044,3.256178754728463,LOW,MEDIUM,LOW,LOW,LOW,MEDIUM,MEDIUM
69.35765616403886,-7.803601867157524,0.369525835995879,278.05463164952164,1.6028891980341664,MEDIUM,MEDIUM,LOW,LOW,LOW,HIGH,HIGH
58.54017214048873,1.2945298900519107,-0.08532952652435002,652.8793246366605,29.54908291782139,MEDIUM,LOW,LOW,LOW,MEDIUM,MEDIUM,HIGH
64.43683176856464,-4.779581143870522,-0.35759971433785676,19.123815666880333,47.52998138120539,MEDIUM,LOW,LOW,CRITICAL,CRITICAL,CRITICAL,CRITICAL
44.294121888384204,-8.527227137008614,1.2454095320562029,187.73363800548228,2.674739126718891,LOW,MEDIUM,LOW,LOW,LOW,MEDIUM,MEDIUM
33.23149511096216,-1.6645808660469097,1.8142401210583534,295.2882686473026,8.247647771591353,LOW,LOW,LOW,LOW,LOW,LOW,LOW
0.6926477189906333,-2.0924172275379855,-3.4662822177019863,412.8222083530543,50.64685354001841,LOW,LOW,LOW,LOW,CRITICAL,LOW,CRITICAL
55.427490264273835,-1.321396986205886,0.1907978834945145,532.7084498225256,15.3016544256389,MEDIUM,LOW,LOW,LOW,MEDIUM,MEDIUM,HIGH
100.0,25.613876348497346,-6.904048416516949,98.48461292439077,25.611186678116088,CRITICAL,CRITICAL,MEDIUM,MEDIUM,MEDIUM,CRITICAL,CRITICAL
68.30032048583841,0.15919781646406464,-2.6695362174405126,414.82357122996126,10.162751247662548,MEDIUM,LOW,LOW,LOW,LOW,MEDIUM,MEDIUM
76.46058897329317,6.3265662056305985,9.448296560332029,148.72349387100357,10.178342683512163,HIGH,MEDIUM,MEDIUM,LOW,LOW,HIGH,HIGH
29.841140952621082,-2.2306223163946095,-0.7154984193922228,175.2798018711007,9.024892637544017,LOW,LOW,LOW,LOW,LOW,LOW,LOW
58.20729690336197,1.3322337402681896,-1.2611127498085752,391.67337896836307,18.526345721606237,MEDIUM,LOW,LOW,LOW,MEDIUM,MEDIUM,HIGH
36.45554885180434,2.536323747011904,1.6295887105774816,23.233257854585855,9.395279526513885,LOW,LOW,LOW,HIGH,LOW,HIGH,HIGH
25.628166532695534,-4.682650120800756,2.381293151570657,96.9452565442162,5.673347839506674,LOW,LOW,LOW,MEDIUM,LOW,MEDIUM,MEDIUM
54.27433954966062,1.9932576818129524,2.7912285429346197,374.05397477397213,2.3484506038242117,MEDIUM,LOW,LOW,LOW,LOW,MEDIUM,MEDIUM
100.0,-6.957483860887018,-1.019599162657769,107.32152245731967,7.378696452572795,CRITICAL,MEDIUM,LOW,LOW,LOW,CRITICAL,CRITICAL
37.16948565237365,7.677125200577837,-4.973449042719562,160.37557386681016,5.455064689079578,LOW,MEDIUM,LOW,LOW,LOW,MEDIUM,MEDIUM
44.04375117481233,-1.6697958762212772,3.9639847188998005,243.05836606191767,5.2840231876459605,LOW,LOW,LOW,LOW,LOW,LOW,LOW
31.680555950975677,4.1115355657336385,-7.312659711708558,641.1245655401098,5.44630499644943,LOW,LOW,MEDIUM,LOW,LOW,MEDIUM,MEDIUM
33.412370904117594,-3.6982393128166695,1.089409950367853,427.91956903528074,2.6800849106560043,LOW,LOW,LOW,LOW,LOW,LOW,LOW
61.302952345827535,-6.865990308575464,-2.087322165952593,185.98938919552796,17.529299393447918,MEDIUM,MEDIUM,LOW,LOW,MEDIUM,HIGH,HIGH
68.09739565937004,-7.526176772631439,9.894181872223154,20.470058620929745,46.83598163249191,MEDIUM,MEDIUM,MEDIUM,HIGH,CRITICAL,HIGH,CRITICAL
61.04131232368056,-25.937933488113902,21.108055416154663,1.777352460207717,12.065390194329513,MEDIUM,CRITICAL,CRITICAL,CRITICAL,LOW,CRITICAL,CRITICAL
57.71195482829013,-18.449179453871608,8.074738395589744,32.5203270072285,20.540004504069653,MEDIUM,CRITICAL,MEDIUM,HIGH,MEDIUM,CRITICAL,CRITICAL
59.15552451599762,1.8400907951772678,1.0056864296185861,341.68373520038625,5.054104078008168,MEDIUM,LOW,LOW,LOW,LOW,MEDIUM,MEDIUM
61.25322784991805,-2.8867858160617703,-3.4836930794800414,215.94389177881004,7.020309281773089,MEDIUM,LOW,LOW,LOW,LOW,MEDIUM,MEDIUM
53.69958256550415,-4.1395640747564695,3.9747587052025506,454.7649236511083,5.37605263593309,MEDIUM,LOW,LOW,LOW,LOW,MEDIUM,MEDIUM
43.32968396421733,-0.8406224167634985,-3.80070184827918,398.52866493138396,31.337008749179564,LOW,LOW,LOW,LOW,HIGH,LOW,HIGH
65.91512168696728,9.099202249373512,-6.638906210429056,26.77569181933669,12.717669994878182,MEDIUM,MEDIUM,MEDIUM,HIGH,LOW,HIGH,HIGH
72.48179411365952,-3.7388927232340037,2.8384195526511524,264.7778732621545,2.543012519578793,HIGH,LOW,LOW,LOW,LOW,HIGH,HIGH
34.98087494310743,-2.2466422277017037,-0.06275186702775169,301.2002553235771,1.5026924113435816,LOW,LOW,LOW,LOW,LOW,LOW,LOW
39.002659746067984,5.611619135848761,-1.3774533227074424,478.9615747494746,10.238509724761808,LOW,MEDIUM,LOW,LOW,LOW,MEDIUM,MEDIUM
43.82419950405911,0.9221663474029173,-8.644223989397084,274.2015010108703,15.25574274990191,LOW,LOW,MEDIUM,LOW,MEDIUM,MEDIUM,HIGH
38.648451252310835,-3.515258316152478,-0.3150873176675997,351.460645724998,7.8170922778416365,LOW,LOW,LOW,LOW,LOW,LOW,LOW
62.08365917220071,-8.90374167183231,-3.150205762514826,265.40758282883274,5.995204484074962,MEDIUM,MEDIUM,LOW,LOW,LOW,HIGH,HIGH
37.65083968539056,-2.1191752812347806,-0.4363515884666956,524.2061979448164,3.0462114921055097,LOW,LOW,LOW,LOW,LOW,LOW,LOW
33.17536102837555,-3.4806526311196087,-10.719937943857875,297.1579694136405,14.255059744742315,LOW,LOW,HIGH,LOW,LOW,HIGH,HIGH
35.82348206710921,-4.324557330693157,2.1551085076757985,0.0,9.743406181068796,LOW,LOW,LOW,CRITICAL,LOW,CRITICAL,CRITICAL
87.48656319023661,10.14199446729577,16.311497092038124,283.51443639783975,9.85392739864304,CRITICAL,HIGH,CRITICAL,LOW,LOW,CRITICAL,CRITICAL
82.96106948994559,-12.114189851887922,-28.703782674673683,5.869598963897813,27.185564884543698,HIGH,HIGH,CRITICAL,CRITICAL,MEDIUM,CRITICAL,CRITICAL
88.75101654687839,-0.6288735341620639,-15.830340633213591,86.407799140464,3.8585088970217676,CRITICAL,LOW,CRITICAL,MEDIUM,LOW,CRITICAL,CRITICAL
88.00998193078992,2.640572787650165,-2.179931126229657,46.23997891707624,18.225342280498793,CRITICAL,LOW,LOW,HIGH,MEDIUM,CRITICAL,CRITICAL
53.65380616026439,-1.3937118011663763,7.76062652734025,483.6119313640947,17.756722778728246,MEDIUM,LOW,MEDIUM,LOW,MEDIUM,HIGH,HIGH
36.23385337967642,-0.5003221278800669,-2.160057354280248,427.9073374277581,11.603733936119383,LOW,LOW,LOW,LOW,LOW,LOW,LOW
29.358374148653713,0.8129909252216014,1.7520210340749074,443.60078854414576,4.928368364088913,LOW,LOW,LOW,LOW,LOW,LOW,LOW
76.29396151212121,1.3029001369745195,3.4192281426054407,600.3373709660265,1.462113205920512,HIGH,LOW,LOW,LOW,LOW,HIGH,HIGH
46.411912223259236,-12.163640830455945,17.903316709939688,55.8852057895884,4.117625429093429,LOW,HIGH,CRITICAL,MEDIUM,LOW,CRITICAL,CRITICAL
47.87990682933401,6.368900294595099,-0.7410636597214326,240.51695334838294,9.38511613932737,LOW,MEDIUM,LOW,LOW,LOW,MEDIUM,MEDIUM
83.45273669929921,-0.36173402602586247,-2.299510987889015,44.467969159196564,50.01725580564675,HIGH,LOW,LOW,HIGH,CRITICAL,CRITICAL,CRITICAL
47.806034069648994,-5.515666194869331,-7.765492515930707,248.4149203589913,8.49802751030631,LOW,MEDIUM,MEDIUM,LOW,LOW,HIGH,HIGH
24.009854283211876,0.7259115275162238,-5.31340716605147,379.81072251741,19.197982560207592,LOW,LOW,MEDIUM,LOW,MEDIUM,MEDIUM,HIGH
40.784652040859186,1.8369712255172443,-2.8831391872399537,456.62133856785033,3.5599229756587296,LOW,LOW,LOW,LOW,LOW,LOW,LOW
95.93381272219209,-2.143127062739638,8.587308815677089,1.8496172995471336,16.378532679420978,CRITICAL,LOW,MEDIUM,CRITICAL,MEDIUM,CRITICAL,CRITICAL
56.49683939774563,5.731953106838312,3.1945928287645735,515.948588231364,14.46281504794676,MEDIUM,MEDIUM,LOW,LOW,LOW,HIGH,HIGH
53.268838835020645,-2.7942121975308702,-9.706471840924799,467.1331467367686,9.844877702981918,MEDIUM,LOW,MEDIUM,LOW,LOW,HIGH,HIGH
53.262192527752575,-0.8077842750120752,-5.000102622350417,405.0262143349599,11.204891691632445,MEDIUM,LOW,MEDIUM,LOW,LOW,HIGH,HIGH
55.887317220581956,0.2907445002548029,4.240615658983003,291.8110508512518,12.784717437438797,MEDIUM,LOW,LOW,LOW,LOW,MEDIUM,MEDIUM
18.81046451287527,-0.7289672967141554,2.7537460794986743,411.1609439850614,20.933145260377408,LOW,LOW,LOW,LOW,MEDIUM,LOW,MEDIUM
41.05537628976444,0.2738522574869162,7.425310853449947,613.6401065987241,14.428518541000102,LOW,LOW,MEDIUM,LOW,LOW,MEDIUM,MEDIUM
72.98591033952685,-1.290194840906486,3.364326154425663,571.1710499412056,15.376882796547465,HIGH,LOW,LOW,LOW,MEDIUM,HIGH,HIGH
46.883377837103666,3.5657601869366573,1.7762639116934427,436.49004196441854,10.488972423083672,LOW,LOW,LOW,LOW,LOW,LOW,LOW
50.694150846217205,-3.3447484581533,-0.72562413886876,520.6077397542441,1.742136759769558,MEDIUM,LOW,LOW,LOW,LOW,MEDIUM,MEDIUM
13.602329664132613,-3.0581876204300453,2.5836480616768074,564.5598047958109,18.73629458491222,LOW,LOW,LOW,LOW,MEDIUM,LOW,MEDIUM
21.235086332274044,5.69713365709543,0.6347332944749156,278.70488610573165,5.274360728388029,LOW,MEDIUM,LOW,LOW,LOW,MEDIUM,MEDIUM
14.771671418514352,-8.68064375424062,-3.8216074604262107,232.96899102449154,1.8774599544297383,LOW,MEDIUM,LOW,LOW,LOW,MEDIUM,MEDIUM
46.01205037885835,1.7200540952454195,-1.3878938124204692,192.07596767211913,23.013167405418606,LOW,LOW,LOW,LOW,MEDIUM,LOW,MEDIUM
81.17460287682853,-4.2670702187386444,0.9447366211915608,328.7906508332143,4.938567908618629,HIGH,LOW,LOW,LOW,LOW,HIGH,HIGH
68.9740801553131,-9.745638718848225,-13.914426605405865,70.53693650220943,17.800675200281656,MEDIUM,MEDIUM,HIGH,MEDIUM,MEDIUM,HIGH,HIGH
45.40765751508696,-2.485326894087917,-1.4820534263754785,308.4471857773321,13.411496353886086,LOW,LOW,LOW,LOW,LOW,LOW,LOW
42.773558984037216,0.9593141516942928,0.8140990208594852,61.03105512923501,18.28244039383532,LOW,LOW,LOW,MEDIUM,MEDIUM,MEDIUM,HIGH
71.44948200449355,-1.0292660023570699,-11.260494759623398,313.46569823338064,8.181156275195526,HIGH,LOW,HIGH,LOW,LOW,CRITICAL,CRITICAL
5.743303238531839,2.1760597532256525,1.44639613658201,297.9576265787898,10.080789690895099,LOW,LOW,LOW,LOW,LOW,LOW,LOW
51.80967445432725,-14.98711388489588,-11.220994037130563,5.4420711884304644,41.89825470775737,MEDIUM,HIGH,HIGH,CRITICAL,HIGH,CRITICAL,CRITICAL
30.98086631114653,4.7846008861045055,5.856805090094348,563.2539017672025,10.737606749243904,LOW,LOW,MEDIUM,LOW,LOW,MEDIUM,MEDIUM
49.34745062806067,-2.0037621487863264,-3.691251799929737,657.1632420344255,4.520210685390264,LOW,LOW,LOW,LOW,LOW,LOW,LOW
60.855651287480484,-2.783319785569101,4.783767629741228,508.7143521368022,11.247370609152469,MEDIUM,LOW,LOW,LOW,LOW,MEDIUM,MEDIUM
54.193261076447754,1.2708869400517355,-0.15856831157965348,103.59069979342503,9.433284782154459,MEDIUM,LOW,LOW,LOW,LOW,MEDIUM,MEDIUM
52.15944013214135,0.8700539837551419,-3.157409463610309,91.08319062042727,2.0182435548928277,MEDIUM,LOW,LOW,MEDIUM,LOW,HIGH,HIGH
96.53040690763993,-9.430856070027215,-11.016099181376399,11.982753943060084,50.79434650225697,CRITICAL,MEDIUM,HIGH,CRITICAL,CRITICAL,CRITICAL,CRITICAL
28.16774157770378,1.735173620076037,-6.031185778356763,621.1219823714397,9.590123828726496,LOW,LOW,MEDIUM,LOW,LOW,MEDIUM,MEDIUM
36.29467495720903,7.789313947617131,1.0707850174346476,503.55984760095316,6.712727602168287,LOW,MEDIUM,LOW,LOW,LOW,MEDIUM,MEDIUM
40.97951119008584,1.5750649692161647,6.929940030782501,224.83205621292265,14.390752157710851,LOW,LOW,MEDIUM,LOW,LOW,MEDIUM,MEDIUM
76.85337436436299,-8.771003024606575,-13.289536903532287,95.08412480193446,44.598725984365984,HIGH,MEDIUM,HIGH,MEDIUM,HIGH,CRITICAL,CRITICAL
49.442003848284074,-2.352612501282275,5.803197865234957,148.91448298316968,9.03437089887343,LOW,LOW,MEDIUM,LOW,LOW,MEDIUM,MEDIUM
79.4301187147785,24.33405461656595,-1.2228284613051366,148.7134426169312,13.166296877007849,HIGH,CRITICAL,LOW,LOW,LOW,CRITICAL,CRITICAL
55.61230810808043,6.108053044903969,2.2805197820713827,227.5383285620227,5.605322966129684,MEDIUM,MEDIUM,LOW,LOW,LOW,HIGH,HIGH
32.12286163241037,-2.0615751924616834,-1.7779181195108182,197.7266541267347,1.034670150477956,LOW,LOW,LOW,LOW,LOW,LOW,LOW
62.10019929601178,-1.1424340695561792,-2.198151194311797,222.1893698083082,9.180065400295478,MEDIUM,LOW,LOW,LOW,LOW,MEDIUM,MEDIUM
41.07649165160197,-1.379066319494627,-1.71133686287149,710.5304751337316,4.977118846930117,LOW,LOW,LOW,LOW,LOW,LOW,LOW
32.87604262399613,-3.1364054940064308,-6.652222059522077,261.41163653743337,6.013086055053787,LOW,LOW,MEDIUM,LOW,LOW,MEDIUM,MEDIUM
100.0,3.415806631967055,2.3030640604333588,9.395717784973135,60.0,CRITICAL,LOW,LOW,CRITICAL,CRITICAL,CRITICAL,CRITICAL
40.76884414685477,-4.541729236122275,5.023748160062787,453.4211091566088,16.4665576921356,LOW,LOW,MEDIUM,LOW,MEDIUM,MEDIUM,HIGH
63.19475892824056,-1.4397326859234545,-0.48466357121201914,279.2506587418255,6.054187990780583,MEDIUM,LOW,LOW,LOW,LOW,MEDIUM,MEDIUM
47.47435313113537,4.528387523338757,-0.6725585841966688,376.999116183393,6.779621858554734,LOW,LOW,LOW,LOW,LOW,LOW,LOW
89.44909630387856,17.48027590749093,-1.7441437738528662,107.72804731963342,28.923663038876533,CRITICAL,CRITICAL,LOW,LOW,MEDIUM,CRITICAL,CRITICAL
63.47585108157575,-6.314365660615686,-5.136231068504421,204.27439605232078,60.0,MEDIUM,MEDIUM,MEDIUM,LOW,CRITICAL,HIGH,CRITICAL
30.797998587280023,-0.6440326647788047,7.053942429670978,189.25450965646655,1.72632266571389,LOW,LOW,MEDIUM,LOW,LOW,MEDIUM,MEDIUM
48.45398625770889,-2.303203445146379,-10.286068486700469,27.071703764080326,29.74218254869846,LOW,LOW,HIGH,HIGH,MEDIUM,CRITICAL,CRITICAL
34.41293917326526,3.0265698604277507,-3.4353771131958366,155.2115355509609,2.261121790003669,LOW,LOW,LOW,LOW,LOW,LOW,LOW
50.2805791943718,4.318094064200678,2.767315165246941,0.0,7.4280084477808455,MEDIUM,LOW,LOW,CRITICAL,LOW,CRITICAL,CRITICAL
51.826133635805554,-0.4416046556063539,-2.8401003472604054,467.3744427238834,13.679306112585767,MEDIUM,LOW,LOW,LOW,LOW,MEDIUM,MEDIUM
35.25099564215833,19.14414660428285,-1.6834381001781988,145.93211556230938,43.92279763722741,LOW,CRITICAL,LOW,LOW,HIGH,CRITICAL,CRITICAL
45.25603237799589,-3.644718340574395,-3.663247216702098,396.9871968656433,9.831551779536712,LOW,LOW,LOW,LOW,LOW,LOW,LOW
47.580883835493886,-2.353446257227113,0.051257218265979745,139.67163942213188,3.5121076249204157,LOW,LOW,LOW,LOW,LOW,LOW,LOW
40.765319371126054,-4.582953132208206,-4.96794143979264,428.55384296372745,15.245681681897214,LOW,LOW,LOW,LOW,MEDIUM,LOW,MEDIUM
84.07368897499096,2.151087810152665,3.829450102422496,108.58094688334407,44.257425111337774,HIGH,LOW,LOW,LOW,HIGH,HIGH,CRITICAL
45.61990247815505,2.219868659994452,5.374186026488205,237.7311137150493,5.569269079758885,LOW,LOW,MEDIUM,LOW,LOW,MEDIUM,MEDIUM
45.240549945202176,-2.9734370465024598,2.062062536060371,169.39806852570436,6.687023074609845,LOW,LOW,LOW,LOW,LOW,LOW,LOW
22.650956930396664,-5.055486242934866,1.3055240313822418,594.9867249679053,7.571381627863289,LOW,MEDIUM,LOW,LOW,LOW,MEDIUM,MEDIUM
48.17070981968947,-1.7710862267447864,3.9213546808710538,312.05450158888203,11.32275115367124,LOW,LOW,LOW,LOW,LOW,LOW,LOW
37.74774137394276,0.311897847274928,2.025517994778648,382.90471355062283,3.556929849634671,LOW,LOW,LOW,LOW,LOW,LOW,LOW
65.86153013675835,-18.77360850373792,-20.184807404373426,46.991998032626626,47.38644820717462,MEDIUM,CRITICAL,CRITICAL,HIGH,CRITICAL,CRITICAL,CRITICAL
64.81816689116364,-6.4556058219159675,5.969058037900235,304.34471829934967,2.345354288044543,MEDIUM,MEDIUM,MEDIUM,LOW,LOW,HIGH,HIGH
41.289736092766304,3.234163033288772,-3.832403254648779,274.75411495667504,3.2175702326959836,LOW,LOW,LOW,LOW,LOW,LOW,LOW
41.69156198386516,-5.426180209146155,0.8172795359532793,136.3165401890016,4.757424641160625,LOW,MEDIUM,LOW,LOW,LOW,MEDIUM,MEDIUM
78.28658047585805,-7.799818440377711,-7.6646798463169805,108.27876811024166,20.73251681545353,HIGH,MEDIUM,MEDIUM,LOW,MEDIUM,HIGH,HIGH
0.0,1.8614516949273154,4.861954886499133,290.11925626769585,2.9121958877921488,LOW,LOW,LOW,LOW,LOW,LOW,LOW
30.827782646374196,0.6601010497548466,-5.3424266665854425,231.13135330360296,17.50509874996535,LOW,LOW,MEDIUM,LOW,MEDIUM,MEDIUM,HIGH
76.11922613662118,12.2478555796752,-1.7263712866970378,85.84592130401576,5.51320194599895,HIGH,HIGH,LOW,MEDIUM,LOW,CRITICAL,CRITICAL
83.09482693493715,-26.318763875208003,16.60188197325027,467.7264207414442,26.916971988650236,HIGH,CRITICAL,CRITICAL,LOW,MEDIUM,CRITICAL,CRITICAL
84.12244670194454,-18.741558381637056,-1.9342228586318042,36.49051104871578,18.12305236793876,HIGH,CRITICAL,LOW,HIGH,MEDIUM,CRITICAL,CRITICAL
100.0,0.3928512893747741,-14.203594759373956,104.11900143694352,39.928815002800334,CRITICAL,LOW,HIGH,LOW,HIGH,CRITICAL,CRITICAL
45.64806073028256,1.5520872211945211,-3.1668970955563807,601.1974844140492,3.620898911576949,LOW,LOW,LOW,LOW,LOW,LOW,LOW
98.3737439358435,8.596507695400913,21.947697075052236,9.23722575416304,60.0,CRITICAL,MEDIUM,CRITICAL,CRITICAL,CRITICAL,CRITICAL,CRITICAL
17.035952441152915,8.978729021721024,-1.7587280356737987,554.3066342783131,3.6982956962855127,LOW,MEDIUM,LOW,LOW,LOW,MEDIUM,MEDIUM
100.0,-7.894830574598951,-2.4778317175927693,40.31340905487832,31.682556595850166,CRITICAL,MEDIUM,LOW,HIGH,HIGH,CRITICAL,CRITICAL
44.229076092112145,-0.7729697698358554,1.1473129800075055,365.29065410599316,1.7445168665917743,LOW,LOW,LOW,LOW,LOW,LOW,LOW
39.2922802298452,-7.282926188357134,1.1623923897105075,17.478098522311686,60.0,LOW,MEDIUM,LOW,CRITICAL,CRITICAL,CRITICAL,CRITICAL
60.43048073834849,-3.6868713459276603,9.673423014289805,344.391134335734,17.765164342697666,MEDIUM,LOW,MEDIUM,LOW,MEDIUM,HIGH,HIGH
27.674872539001463,4.499199907911555,-0.7891423320377565,353.85391311277215,17.093694283727274,LOW,LOW,LOW,LOW,MEDIUM,LOW,MEDIUM
48.21799378329624,-3.6985760737921254,1.8104961199204836,384.08012651242984,11.772476864517358,LOW,LOW,LOW,LOW,LOW,LOW,LOW
96.77156522045283,-13.673704736619081,-4.097602474339671,213.04210534329485,36.27794482831566,CRITICAL,HIGH,LOW,LOW,HIGH,CRITICAL,CRITICAL
89.44199000192039,-16.712167419860613,0.28825233299813435,40.00222772795031,28.42186281058816,CRITICAL,CRITICAL,LOW,HIGH,MEDIUM,CRITICAL,CRITICAL
34.87593214629753,4.212076839759778,4.4280568959296245,151.06884541657,6.611777310885994,LOW,LOW,LOW,LOW,LOW,LOW,LOW
62.56018183059751,-4.204167801146776,-2.771772920588272,453.781001691619,14.609753160692565,MEDIUM,LOW,LOW,LOW,LOW,MEDIUM,MEDIUM
63.30714586621612,-1.6507606387235136,-1.4996786882022997,231.64251490461186,1.9626027444372425,MEDIUM,LOW,LOW,LOW,LOW,MEDIUM,MEDIUM
49.1730689403147,0.6223178769225551,-4.28301750535401,523.8967139641377,11.276087917607011,LOW,LOW,LOW,LOW,LOW,LOW,LOW
39.24676898633243,-19.3476832454172,13.53371975948699,100.16175039740669,16.83165570529632,LOW,CRITICAL,HIGH,LOW,MEDIUM,CRITICAL,CRITICAL
50.43036826482699,3.2389429991791783,0.23502155175633602,433.72771906884543,1.9417071515522908,MEDIUM,LOW,LOW,LOW,LOW,MEDIUM,MEDIUM
52.877169881824074,5.438872852003584,3.4969606769329666,347.91017939809217,1.981890767354966,MEDIUM,MEDIUM,LOW,LOW,LOW,HIGH,HIGH
64.85604273752338,-13.996402723032901,24.43066372200905,66.67195738244628,18.68432737380599,MEDIUM,HIGH,CRITICAL,MEDIUM,MEDIUM,CRITICAL,CRITICAL
40.684456678063256,1.6605909317193432,0.9060861609666727,542.4129045772403,3.2370443310353245,LOW,LOW,LOW,LOW,LOW,LOW,LOW
51.685637102030505,-7.203082807690544,-1.3647989307731825,764.7361610388542,9.840738410407003,MEDIUM,MEDIUM,LOW,LOW,LOW,HIGH,HIGH
50.51729352665798,-0.22170659101785903,5.645187463838556,550.8525094885963,5.171766439923152,MEDIUM,LOW,MEDIUM,LOW,LOW,HIGH,HIGH
45.71509341933444,-6.586045546407765,1.7203566246870088,205.31156331630586,2.1574671808201225,LOW,MEDIUM,LOW,LOW,LOW,MEDIUM,MEDIUM
32.48761429925129,2.7376908801749025,2.6405263178033596,542.9934507374483,9.965694808353243,LOW,LOW,LOW,LOW,LOW,LOW,LOW
52.095679092570016,0.40530870744187325,2.787722539851031,0.0,8.026784035110976,MEDIUM,LOW,LOW,CRITICAL,LOW,CRITICAL,CRITICAL
29.326124480666227,-0.34397726258125333,1.058162462944676,346.2203138598303,8.827727606526143,LOW,LOW,LOW,LOW,LOW,LOW,LOW
75.55706558882095,-21.07100623955325,12.201970668154217,19.41027188783929,32.27460747259448,HIGH,CRITICAL,HIGH,CRITICAL,HIGH,CRITICAL,CRITICAL
33.395402325928046,0.8943978177836212,-2.7779936409922055,428.28073328192096,0.48797883974803996,LOW,LOW,LOW,LOW,LOW,LOW,LOW
66.22419798468133,14.34517266398209,13.74389118838674,72.46789546146202,11.74501874054613,MEDIUM,HIGH,HIGH,MEDIUM,LOW,CRITICAL,CRITICAL
58.13484544842355,-3.4640268359305044,3.9918172885701986,277.40334188209266,17.388954928860144,MEDIUM,LOW,LOW,LOW,MEDIUM,MEDIUM,HIGH
29.510359528169133,-6.285582377931896,-4.588280582765014,582.7575538233966,6.430225054323644,LOW,MEDIUM,LOW,LOW,LOW,MEDIUM,MEDIUM
48.166871652670004,-1.6729956611193249,-1.3987949814350018,354.62101673737016,8.950895749882212,LOW,LOW,LOW,LOW,LOW,LOW,LOW
42.792425282273456,-0.5105047146019408,-0.7369839154161898,567.0954597319563,7.40836889926515,LOW,LOW,LOW,LOW,LOW,LOW,LOW
55.01032926682017,0.7244491555577195,4.007481654164353,350.0288913332753,5.369931054305461,MEDIUM,LOW,LOW,LOW,LOW,MEDIUM,MEDIUM
37.73507619875889,0.5765132372850884,6.164102589519674,5.1936491465158205,13.31555345464558,LOW,LOW,MEDIUM,CRITICAL,LOW,CRITICAL,CRITICAL
34.056406001694135,-1.6336794005252686,-2.842767969868043,473.05129614853985,3.7225318249400257,LOW,LOW,LOW,LOW,LOW,LOW,LOW
31.45634989428109,-1.63599671690639,-6.117710880130758,488.3740018300921,5.480002764932955,LOW,LOW,MEDIUM,LOW,LOW,MEDIUM,MEDIUM
48.17112841673592,16.219916899512505,9.902693030179512,90.34494782209373,29.56232278194577,LOW,CRITICAL,MEDIUM,MEDIUM,MEDIUM,CRITICAL,CRITICAL
51.72871318877771,6.230717087288969,4.404878322910835,198.52865739592437,11.87456724068201,MEDIUM,MEDIUM,LOW,LOW,LOW,HIGH,HIGH
35.03598202562127,-0.4425965937233392,5.264365440970966,441.85544112741815,9.457578733404388,LOW,LOW,MEDIUM,LOW,LOW,MEDIUM,MEDIUM
44.54110403653866,0.898397906833038,5.5336963142239,435.1753849805407,8.617840603074223,LOW,LOW,MEDIUM,LOW,LOW,MEDIUM,MEDIUM
30.628809305379583,0.04271545294004598,1.690446293256506,301.7499616831305,17.471115133439643,LOW,LOW,LOW,LOW,MEDIUM,LOW,MEDIUM
56.035211456396,-2.2807743907926135,1.7470710044419893,370.5618760104241,6.36875130224178,MEDIUM,LOW,LOW,LOW,LOW,MEDIUM,MEDIUM
43.55458071617665,-0.8434910127577239,-1.4678463781126734,292.2244695081456,5.001227155695357,LOW,LOW,LOW,LOW,LOW,LOW,LOW
91.59912221712756,-1.8170716088657088,12.284428039081183,122.26908672016359,53.10174221259747,CRITICAL,LOW,HIGH,LOW,CRITICAL,CRITICAL,CRITICAL
49.902483142252805,3.46143483620028,0.357442954384958,527.2225722722958,11.715885489418884,LOW,LOW,LOW,LOW,LOW,LOW,LOW
39.60239308829418,2.269914536549109,-0.5194905724695592,702.4674008442884,13.764185779138199,LOW,LOW,LOW,LOW,LOW,LOW,LOW
85.79358553305063,17.80375508131581,-1.7995954940503327,48.59370318187387,9.04614980690068,CRITICAL,CRITICAL,LOW,HIGH,LOW,CRITICAL,CRITICAL
34.644928149841434,-7.184791021338206,2.2851322126571856,58.13852758060015,3.663861373674378,LOW,MEDIUM,LOW,MEDIUM,LOW,HIGH,HIGH
53.82355191772588,-1.5605127638937992,-0.2045825272865375,586.7225603405179,2.752236317353331,MEDIUM,LOW,LOW,LOW,LOW,MEDIUM,MEDIUM
37.47529981805314,-0.9768601607026767,-5.858826726470268,553.9321096651047,10.87584497986982,LOW,LOW,MEDIUM,LOW,LOW,MEDIUM,MEDIUM
89.27229669306962,1.1445384505028473,0.5218431432456279,9.771867630217852,16.807814986328708,CRITICAL,LOW,LOW,CRITICAL,MEDIUM,CRITICAL,CRITICAL
16.577484486266833,-7.414764927078722,1.5692728760181351,562.899926684975,19.07655701900359,LOW,MEDIUM,LOW,LOW,MEDIUM,MEDIUM,HIGH
44.09578876458028,-4.043525986358405,-0.5551856037821441,0.0,7.106301986921811,LOW,LOW,LOW,CRITICAL,LOW,CRITICAL,CRITICAL
57.314507089694935,5.131390212184084,-0.9788066269142914,363.07595834779505,20.917679326342117,MEDIUM,MEDIUM,LOW,LOW,MEDIUM,HIGH,HIGH
81.53977686343865,-5.340064982592096,-0.34167533133226596,699.5143019693065,16.257302261214413,HIGH,MEDIUM,LOW,LOW,MEDIUM,HIGH,HIGH
65.7588597460309,-0.20134354113446334,1.9910180531524992,7.042276863948636,17.80142539740588,MEDIUM,LOW,LOW,CRITICAL,MEDIUM,CRITICAL,CRITICAL
77.02948088538149,18.161224949165035,-9.507215831564562,68.16849761491578,22.89932514855142,HIGH,CRITICAL,MEDIUM,MEDIUM,MEDIUM,CRITICAL,CRITICAL
40.02609331602682,-0.003422398280150738,3.298429167688111,177.65236551597212,12.542506112877547,LOW,LOW,LOW,LOW,LOW,LOW,LOW
52.54633880004994,1.1003739077750165,-0.22602449863683202,259.6836029894504,4.108623762021504,MEDIUM,LOW,LOW,LOW,LOW,MEDIUM,MEDIUM
49.23528995969479,-0.3849129139327629,2.65646741497781,459.8424810808394,22.430774826724637,LOW,LOW,LOW,LOW,MEDIUM,LOW,MEDIUM
80.60941737853365,9.034157418034601,5.256283263937168,56.0882696381899,18.023782328287833,HIGH,MEDIUM,MEDIUM,MEDIUM,MEDIUM,HIGH,HIGH
60.82581823413827,-1.336827992265795,-3.8398900765761637,415.77131748251475,2.4719268907497116,MEDIUM,LOW,LOW,LOW,LOW,MEDIUM,MEDIUM
53.03460337524914,0.7385834279730222,-5.850535811596099,402.8977181330264,16.663479899543226,MEDIUM,LOW,MEDIUM,LOW,MEDIUM,HIGH,HIGH
60.54578862880538,1.2791341622386867,3.385340871983535,169.03971694524472,14.836064657099106,MEDIUM,LOW,LOW,LOW,LOW,MEDIUM,MEDIUM
48.18449426490715,0.9623230309063684,-1.2156905904614903,186.2626353500531,17.66509878147322,LOW,LOW,LOW,LOW,MEDIUM,LOW,MEDIUM
64.68311990402297,-0.8523616077346446,-4.376541596814823,309.62267631970235,3.410327596831924,MEDIUM,LOW,LOW,LOW,LOW,MEDIUM,MEDIUM
45.964423178813725,3.7874458465847196,-2.9888692339469745,197.6575415277212,17.659318928919514,LOW,LOW,LOW,LOW,MEDIUM,LOW,MEDIUM
38.06032887178053,0.4457293308972462,-0.7207647586556017,655.7638676810465,5.098652798446358,LOW,LOW,LOW,LOW,LOW,LOW,LOW
89.75952556224215,13.247411402614397,-8.256985518963816,1.217179840152656,18.8728271230148,CRITICAL,HIGH,MEDIUM,CRITICAL,MEDIUM,CRITICAL,CRITICAL
30.15127030464677,-0.8419521221481334,2.736419963738964,374.2249912662044,18.48630696835012,LOW,LOW,LOW,LOW,MEDIUM,LOW,MEDIUM
27.87876311659171,-3.8208618819850977,1.2206927325157793,488.18050797758616,7.947400041820822,LOW,LOW,LOW,LOW,LOW,LOW,LOW
30.60401497750599,-6.654759912785531,2.2281184899512123,663.9218421336319,2.804386430097687,LOW,MEDIUM,LOW,LOW,LOW,MEDIUM,MEDIUM
63.332912701601934,6.799332055055141,13.958590437639481,292.88378008052047,5.233690273281627,MEDIUM,MEDIUM,HIGH,LOW,LOW,HIGH,HIGH
19.589410781618923,-3.3868773117060242,0.775236033324473,348.84786453143516,4.69766297806854,LOW,LOW,LOW,LOW,LOW,LOW,LOW
48.02830791437224,0.883504904346105,2.826833880809235,239.48920530795647,6.912962273271992,LOW,LOW,LOW,LOW,LOW,LOW,LOW
30.602245466755576,-0.8996781582214064,-0.8043517424014726,127.34841348028785,5.073374137389537,LOW,LOW,LOW,LOW,LOW,LOW,LOW
13.875604786570454,2.180677844888975,0.7206485862659331,353.8527281721455,17.05608725024945,LOW,LOW,LOW,LOW,MEDIUM,LOW,MEDIUM
53.472961982339385,-1.9551991934037263,0.8317187678466974,467.08813519791846,12.138325349381589,MEDIUM,LOW,LOW,LOW,LOW,MEDIUM,MEDIUM
56.62160085111536,-1.546818165101774,1.2772875442917477,421.5510701163759,1.6338221939179307,MEDIUM,LOW,LOW,LOW,LOW,MEDIUM,MEDIUM
94.48281680382196,22.623743518851015,3.6620716149660915,257.64288228465546,12.229390808292848,CRITICAL,CRITICAL,LOW,LOW,LOW,CRITICAL,CRITICAL
19.54355785065817,4.166666932333402,-7.185106267110142,288.69126600612196,6.0572182502287895,LOW,LOW,MEDIUM,LOW,LOW,MEDIUM,MEDIUM
73.74980751868165,0.18649427332570742,28.273547552128825,48.404632721461525,2.629494972981467,HIGH,LOW,CRITICAL,HIGH,LOW,CRITICAL,CRITICAL
55.98327109636492,-7.020663519959921,-1.1299108431329017,391.17600443909265,1.9597421705303635,MEDIUM,MEDIUM,LOW,LOW,LOW,HIGH,HIGH
50.166674165258705,4.724886536882404,-0.38457715169795786,485.75383298583256,12.302665378623363,MEDIUM,LOW,LOW,LOW,LOW,MEDIUM,MEDIUM
25.702957596458816,-5.876962322961488,3.808351083273098,87.29091871525763,13.03112771663276,LOW,MEDIUM,LOW,MEDIUM,LOW,HIGH,HIGH
54.0185518222751,7.447659512600691,-0.8519146262008451,303.8559842864337,11.685575943708482,MEDIUM,MEDIUM,LOW,LOW,LOW,HIGH,HIGH
69.07086379267423,0.6139713677963861,9.766713762467958,125.72668197799186,17.287336058695537,MEDIUM,LOW,MEDIUM,LOW,MEDIUM,HIGH,HIGH
36.895717081564754,-3.6309998022244274,-4.172973636697536,291.6074744093393,5.845613635375048,LOW,LOW,LOW,LOW,LOW,LOW,LOW
63.15284506553213,29.383777224934153,-12.361140917873879,162.00765382805756,23.897503590823455,MEDIUM,CRITICAL,HIGH,LOW,MEDIUM,CRITICAL,CRITICAL
44.12089386326292,-0.9628102873892384,1.806189964958026,397.9738969960761,5.874370430978594,LOW,LOW,LOW,LOW,LOW,LOW,LOW
21.571821424133542,1.577495381569788,-9.132041489699478,364.56474059488175,6.361227038928146,LOW,LOW,MEDIUM,LOW,LOW,MEDIUM,MEDIUM
36.938904316442795,3.0985025411006024,1.2238400977513462,583.2795807151622,11.405227428639034,LOW,LOW,LOW,LOW,LOW,LOW,LOW
29.872778590705256,0.10948991477283491,1.2867574803211956,514.6834766402184,2.3730117411224403,LOW,LOW,LOW,LOW,LOW,LOW,LOW
37.07323503149414,-3.9212549838023887,-5.07031081813231,378.975589565688,20.775667586876576,LOW,LOW,MEDIUM,LOW,MEDIUM,MEDIUM,HIGH
38.86991481440938,-0.16419140680749156,1.0215334615413285,485.7765143815804,18.352264959421845,LOW,LOW,LOW,LOW,MEDIUM,LOW,MEDIUM
28.57961933958943,0.08650652237425882,-1.3660816600212211,510.75393822182457,2.610881262160408,LOW,LOW,LOW,LOW,LOW,LOW,LOW
50.8630486170294,0.04623169108567693,-5.053938420244426,113.8312021267312,7.203787637459542,MEDIUM,LOW,MEDIUM,LOW,LOW,HIGH,HIGH
28.130164675005094,-1.9825950115173618,2.867518139277806,9.424713394713415,6.508973348029086,LOW,LOW,LOW,CRITICAL,LOW,CRITICAL,CRITICAL
100.0,2.908722305886648,5.827350961794237,1.7788693735159782,32.36730192333304,CRITICAL,LOW,MEDIUM,CRITICAL,HIGH,CRITICAL,CRITICAL
77.26662876873819,7.092910368726039,-4.8103840201164285,38.517652719273485,46.97919204374692,HIGH,MEDIUM,LOW,HIGH,CRITICAL,CRITICAL,CRITICAL
39.1304534408931,-3.866938119506814,-1.1247760487897172,303.36486936548647,17.236327526810896,LOW,LOW,LOW,LOW,MEDIUM,LOW,MEDIUM
55.42939089996578,-2.176325244070324,-5.587930377377563,494.78633538882855,6.767987847155852,MEDIUM,LOW,MEDIUM,LOW,LOW,HIGH,HIGH
43.37499175133116,-2.1394172911468012,1.85800866085685,335.00020388761754,23.009757153044532,LOW,LOW,LOW,LOW,MEDIUM,LOW,MEDIUM
97.18911015722912,8.895102456399671,15.24520026797728,27.075199984797,27.691515652328164,CRITICAL,MEDIUM,CRITICAL,HIGH,MEDIUM,CRITICAL,CRITICAL
54.09637092586745,-0.031263668362315374,-4.7992246961955605,28.687497353636164,13.70843752461498,MEDIUM,LOW,LOW,HIGH,LOW,HIGH,HIGH
56.85962375831508,3.757279560929822,1.4577043085413917,650.46444962777,3.176284777107632,MEDIUM,LOW,LOW,LOW,LOW,MEDIUM,MEDIUM
66.230023049972,16.768387112780392,4.222313153358901,78.82163542119848,13.313404446687102,MEDIUM,CRITICAL,LOW,MEDIUM,LOW,CRITICAL,CRITICAL
27.891322657671683,-0.03067120819227229,0.6499940409963546,332.24802121985164,10.319182286804192,LOW,LOW,LOW,LOW,LOW,LOW,LOW
45.43273342189777,-1.2199251993933216,-0.8125281852937125,277.35319934235616,13.83995673795835,LOW,LOW,LOW,LOW,LOW,LOW,LOW
47.91031506758699,0.04090189701098344,1.9504614691116258,536.0834944725328,25.6126910742385,LOW,LOW,LOW,LOW,MEDIUM,LOW,MEDIUM
51.20439566571503,3.9604991475712668,2.368411932809966,462.14198527359474,11.078589859803124,MEDIUM,LOW,LOW,LOW,LOW,MEDIUM,MEDIUM
28.468731528359015,7.007184868282399,3.290461479894593,565.3911924808676,5.2733694674628575,LOW,MEDIUM,LOW,LOW,LOW,MEDIUM,MEDIUM
52.2171883614778,1.1491862909963486,-2.427301367145595,303.01937191669765,14.437715022694181,MEDIUM,LOW,LOW,LOW,LOW,MEDIUM,MEDIUM
61.017850159416,1.8025717468958566,-0.4725455597561029,333.0777960618335,7.100731998055846,MEDIUM,LOW,LOW,LOW,LOW,MEDIUM,MEDIUM
63.223260452745514,-3.6988475216046863,1.229237414945353,680.1976399652158,10.14659565828926,MEDIUM,LOW,LOW,LOW,LOW,MEDIUM,MEDIUM
100.0,8.282746125985224,18.64599770754815,1.2808967370769602,23.235898635823137,CRITICAL,MEDIUM,CRITICAL,CRITICAL,MEDIUM,CRITICAL,CRITICAL
58.74493430157857,-0.5772477296670576,4.01454751347646,0.0,8.89435701767553,MEDIUM,LOW,LOW,CRITICAL,LOW,CRITICAL,CRITICAL
47.630478609830014,0.9619505978710442,1.1328998344428742,177.392911811369,12.219777047263094,LOW,LOW,LOW,LOW,LOW,LOW,LOW
55.74393744702794,5.646586015678232,-3.2293176116856,853.7418641655628,7.329379485190025,MEDIUM,MEDIUM,LOW,LOW,LOW,HIGH,HIGH
61.86005991155862,12.415797232840191,-5.429091177708497,70.83386388437667,12.219066421963658,MEDIUM,HIGH,MEDIUM,MEDIUM,LOW,HIGH,HIGH
35.55198976293938,0.38572151811401756,-9.197430784948246,380.5688010650637,0.2655939423249366,LOW,LOW,MEDIUM,LOW,LOW,MEDIUM,MEDIUM
61.319103799028284,2.075375691760447,0.8863920725469633,539.0507588115976,8.006294449245592,MEDIUM,LOW,LOW,LOW,LOW,MEDIUM,MEDIUM
19.30279351635499,-6.261141035485333,-0.2717295616364913,46.04965750530288,18.903837041346623,LOW,MEDIUM,LOW,HIGH,MEDIUM,HIGH,HIGH
63.81913361798588,-26.82216636831828,18.123439815277745,58.590064306015535,18.239810964931465,MEDIUM,CRITICAL,CRITICAL,MEDIUM,MEDIUM,CRITICAL,CRITICAL
54.54353742645486,1.3894536140644989,10.59153685422835,431.7084599126794,4.861489072343393,MEDIUM,LOW,HIGH,LOW,LOW,HIGH,HIGH
64.89557872456895,10.42425444350033,-1.4453639443339839,73.76943689966258,13.834186320750153,MEDIUM,HIGH,LOW,MEDIUM,LOW,HIGH,HIGH
32.88929915573833,-3.981398337384625,8.183573182092127,568.2292015201554,0.648475564002994,LOW,LOW,MEDIUM,LOW,LOW,MEDIUM,MEDIUM
39.589432493256396,-0.8787481800953595,4.611736707899093,225.55972499070023,13.099208072179145,LOW,LOW,LOW,LOW,LOW,LOW,LOW
67.66984198804805,2.434625354536533,-1.3779470598163162,66.24094516620393,1.2799832817014287,MEDIUM,LOW,LOW,MEDIUM,LOW,HIGH,HIGH
39.13098427638689,-3.5556992362390827,-2.0668364377195414,310.48521515951484,12.614341438909438,LOW,LOW,LOW,LOW,LOW,LOW,LOW
38.88509132151098,1.3373130141340979,-3.45410425217869,358.34904042497783,1.871507192842169,LOW,LOW,LOW,LOW,LOW,LOW,LOW
36.4694144010442,3.8651149569386867,-5.789584368235762,252.4249600913818,24.699855252012505,LOW,LOW,MEDIUM,LOW,MEDIUM,MEDIUM,HIGH
30.905857243532257,7.9396839766152985,-3.9284555036574718,68.65659776663901,2.0493578704302147,LOW,MEDIUM,LOW,MEDIUM,LOW,HIGH,HIGH
47.5655923895572,0.534715352950492,-6.785264940464889,414.57344985949453,16.81167185820241,LOW,LOW,MEDIUM,LOW,MEDIUM,MEDIUM,HIGH
95.69058709491354,10.151396201791739,3.6450953892111198,115.62587170826986,4.532714698090105,CRITICAL,HIGH,LOW,LOW,LOW,CRITICAL,CRITICAL
28.180806127773227,2.593917306788984,5.844968908984776,425.36242319557465,6.158795320949023,LOW,LOW,MEDIUM,LOW,LOW,MEDIUM,MEDIUM
35.482180148490876,2.580733985923608,3.375315097942498,286.7597116179719,7.441356449079616,LOW,LOW,LOW,LOW,LOW,LOW,LOW
35.272175557430195,-3.347406253949576,3.8557793963186704,184.32972298958612,8.391494856412644,LOW,LOW,LOW,LOW,LOW,LOW,LOW
50.955116787290606,25.867240041194282,3.704103528667397,90.86981194982393,29.28352039660135,MEDIUM,CRITICAL,LOW,MEDIUM,MEDIUM,CRITICAL,CRITICAL
42.77575293108895,4.0711838761438415,-0.031714349813481604,488.0690393286877,5.007475419144089,LOW,LOW,LOW,LOW,LOW,LOW,LOW
78.52152950962169,-17.158441313381083,-16.029431548618376,12.630708767999119,17.353380247641304,HIGH,CRITICAL,CRITICAL,CRITICAL,MEDIUM,CRITICAL,CRITICAL
39.69072918489348,-1.1106807883452248,3.3046473280371744,276.3676544617924,8.747536229447189,LOW,LOW,LOW,LOW,LOW,LOW,LOW
51.314591737972,-0.06379890790708014,-0.6202481787939138,563.9254939706343,4.0418614987169486,MEDIUM,LOW,LOW,LOW,LOW,MEDIUM,MEDIUM
53.79772736427,-0.8576267389950339,-2.401525562049344,483.7202593174113,3.0193638465226003,MEDIUM,LOW,LOW,LOW,LOW,MEDIUM,MEDIUM
46.51205805689661,6.6186732634668255,0.8812931667636714,280.32483599451103,21.16173803423962,LOW,MEDIUM,LOW,LOW,MEDIUM,MEDIUM,HIGH
51.555264331101284,-1.1026830019668576,-1.1305011181920464,312.6781112235208,4.730016770506161,MEDIUM,LOW,LOW,LOW,LOW,MEDIUM,MEDIUM
91.84751686678112,15.329076778987005,22.055304359907304,634.9162978205902,28.49339993752274,CRITICAL,CRITICAL,CRITICAL,LOW,MEDIUM,CRITICAL,CRITICAL
41.26914863876201,3.339957709514344,3.3992814612756255,644.890612964556,7.066405439329579,LOW,LOW,LOW,LOW,LOW,LOW,LOW
42.51631541148608,1.506022723909708,-4.655871445564771,515.0104755768508,4.05212065645099,LOW,LOW,LOW,LOW,LOW,LOW,LOW
77.48805425703313,21.461695465435184,10.46392158512236,20.591846107724734,13.902912811395643,HIGH,CRITICAL,HIGH,HIGH,LOW,CRITICAL,CRITICAL
53.269249991633814,-4.000555684959826,4.333568574333409,588.1351955021978,3.194552243175863,MEDIUM,LOW,LOW,LOW,LOW,MEDIUM,MEDIUM
71.66012637732864,-36.14882839068856,2.5749471149057843,88.87361047288715,17.312531384522607,HIGH,CRITICAL,LOW,MEDIUM,MEDIUM,CRITICAL,CRITICAL
41.0097495665948,-2.9496213823207014,-3.1465198862169994,363.74919336601033,14.960681237171464,LOW,LOW,LOW,LOW,LOW,LOW,LOW
48.992667978062705,0.44677652042669996,-4.3917054522681855,396.92710915482957,6.3832359761894555,LOW,LOW,LOW,LOW,LOW,LOW,LOW
16.6721488092689,0.8693473907301853,-6.4154678191895975,255.71373118837627,25.723682738340013,LOW,LOW,MEDIUM,LOW,MEDIUM,MEDIUM,HIGH
43.70180758979095,4.363916110477862,6.651109156717877,584.1974048238119,2.5859815830565838,LOW,LOW,MEDIUM,LOW,LOW,MEDIUM,MEDIUM
73.79473997432558,16.50804002729945,14.983869046675657,91.05127765234673,17.170199878375534,HIGH,CRITICAL,HIGH,MEDIUM,MEDIUM,CRITICAL,CRITICAL
24.53950252741029,-1.489723412149593,0.11527485411343795,474.9820809932838,1.6404795525802698,LOW,LOW,LOW,LOW,LOW,LOW,LOW
45.10387081565572,-3.69371682288557,-9.12664828968231,149.8668728004748,5.214728087482584,LOW,LOW,MEDIUM,LOW,LOW,MEDIUM,MEDIUM
61.46134031134061,6.3901846797478115,-2.658245629859189,452.6508147956604,2.3312581427483288,MEDIUM,MEDIUM,LOW,LOW,LOW,HIGH,HIGH
54.09224549637704,-5.90245098553176,-1.4066969713750859,700.5147612001416,16.440989962747715,MEDIUM,MEDIUM,LOW,LOW,MEDIUM,HIGH,HIGH
47.32494207177495,-26.875457004736077,-15.566346905199381,62.41191942182726,23.154114039675456,LOW,CRITICAL,CRITICAL,MEDIUM,MEDIUM,CRITICAL,CRITICAL
33.18362613569341,-0.3719296293838022,-4.172813604756349,384.8456591118257,1.6130588467214226,LOW,LOW,LOW,LOW,LOW,LOW,LOW
2.1558687998826387,-1.1579603217344783,3.6767446147078133,159.31867629053122,12.58321661766903,LOW,LOW,LOW,LOW,LOW,LOW,LOW
95.80318881817605,-3.712264811276583,-39.5929253466596,57.45184156976545,21.561280627247825,CRITICAL,LOW,CRITICAL,MEDIUM,MEDIUM,CRITICAL,CRITICAL
7.761840211337423,4.434126309012058,4.02883641199106,121.95665682952114,0.9526500535356233,LOW,LOW,LOW,LOW,LOW,LOW,LOW
33.609800573941826,25.214632751550674,3.9881564576640427,228.9238395284932,32.8943096667654,LOW,CRITICAL,LOW,LOW,HIGH,CRITICAL,CRITICAL
46.171165708439844,1.0836853708297653,0.43041374489180306,240.45347499752987,7.05461397553192,LOW,LOW,LOW,LOW,LOW,LOW,LOW
49.10391859892516,8.67908299500266,1.2564633975095667,555.6409213403172,2.84574832573967,LOW,MEDIUM,LOW,LOW,LOW,MEDIUM,MEDIUM
40.395089311748976,2.338901388143762,-4.3684796388895855,84.83374220362461,3.3193937500784303,LOW,LOW,LOW,MEDIUM,LOW,MEDIUM,MEDIUM
41.6615239384288,3.501979533046885,-1.241585939820262,0.0,10.360909054302175,LOW,LOW,LOW,CRITICAL,LOW,CRITICAL,CRITICAL
94.00874891625398,-21.133722714579367,2.7664040065360695,32.20593926507306,12.14709673738789,CRITICAL,CRITICAL,LOW,HIGH,LOW,CRITICAL,CRITICAL
77.1406655169628,5.7583917097205415,-2.967282566807033,327.07561973819986,8.916399578869294,HIGH,MEDIUM,LOW,LOW,LOW,HIGH,HIGH
57.951211073424155,-3.795515778304703,15.10995990451248,376.89584672468146,4.205434660369981,MEDIUM,LOW,CRITICAL,LOW,LOW,CRITICAL,CRITICAL
33.39877610077476,2.59349111083916,-1.5479393555126393,510.27344093363143,35.74563610289659,LOW,LOW,LOW,LOW,HIGH,LOW,HIGH
39.61760443584676,2.4252007333883836,5.186555079677265,358.73263919952063,6.103033943065409,LOW,LOW,MEDIUM,LOW,LOW,MEDIUM,MEDIUM
40.40110387982426,2.3474061551394714,-7.720347477293729,427.7593814065298,16.650404214769484,LOW,LOW,MEDIUM,LOW,MEDIUM,MEDIUM,HIGH
65.50324783357708,8.803286110985907,-1.7799852756144001,71.41761244618856,60.0,MEDIUM,MEDIUM,LOW,MEDIUM,CRITICAL,HIGH,CRITICAL
39.299195240995395,1.9607570965592622,-0.7951439249141291,521.5924257744535,10.962486291890913,LOW,LOW,LOW,LOW,LOW,LOW,LOW
51.980761152287634,0.17292675857956147,-3.6096588829765017,263.2644232127498,0.26650033233656323,MEDIUM,LOW,LOW,LOW,LOW,MEDIUM,MEDIUM
48.536805962970504,5.853669791906896,1.461563137448573,427.6283194889101,13.057686808789583,LOW,MEDIUM,LOW,LOW,LOW,MEDIUM,MEDIUM
23.935253749557457,-2.3348825827577033,0.20188421473384555,217.5463563357751,13.872215576151572,LOW,LOW,LOW,LOW,LOW,LOW,LOW
35.12051878567454,3.946764879978002,3.6509991196553857,200.41138730400232,18.984379825668224,LOW,LOW,LOW,LOW,MEDIUM,LOW,MEDIUM
62.9122222201969,6.1092328967783915,-1.9284971372858777,392.59644428111295,3.1536143201843334,MEDIUM,MEDIUM,LOW,LOW,LOW,HIGH,HIGH
39.92918687882128,-3.3156404255180174,-2.5767287254860967,45.63112271091938,12.564714486553264,LOW,LOW,LOW,HIGH,LOW,HIGH,HIGH
44.83490517557389,3.116118151918854,3.5803473442573366,416.78561887748305,2.2870484743666815,LOW,LOW,LOW,LOW,LOW,LOW,LOW
61.88519898185193,0.9724122333136577,-2.4810571866707147,402.87452330131975,9.494071829590165,MEDIUM,LOW,LOW,LOW,LOW,MEDIUM,MEDIUM
37.300303664915084,2.8109466864377017,0.8662421885531688,160.43644107698464,3.9251141817596515,LOW,LOW,LOW,LOW,LOW,LOW,LOW
72.51985449853895,-11.698417369628437,14.086811178890498,204.20814680354843,9.870746932848082,HIGH,HIGH,HIGH,LOW,LOW,CRITICAL,CRITICAL
30.7706714818655,0.2924170175229732,-3.638528690978809,600.3876455100701,2.3732173282757465,LOW,LOW,LOW,LOW,LOW,LOW,LOW
35.19154358652053,-1.1264152137352914,2.8129669152896493,531.9695794495366,0.8766749320020748,LOW,LOW,LOW,LOW,LOW,LOW,LOW
47.10440138550816,-2.6263078533876865,3.6304472441870734,201.63996091385846,13.265268253548657,LOW,LOW,LOW,LOW,LOW,LOW,LOW
31.912330850915456,3.31916325642768,-3.886910241020535,258.6616796893945,16.419384411330057,LOW,LOW,LOW,LOW,MEDIUM,LOW,MEDIUM
47.3534811179777,-3.3971238476403682,5.483851040517173,0.0,3.5563434865540664,LOW,LOW,MEDIUM,CRITICAL,LOW,CRITICAL,CRITICAL
37.356502456952526,6.466564715955582,-10.762425552071907,371.825855017765,11.02134968778757,LOW,MEDIUM,HIGH,LOW,LOW,HIGH,HIGH
51.4956956790592,1.2529529960028465,0.26372443431560194,0.0,1.715466329154497,MEDIUM,LOW,LOW,CRITICAL,LOW,CRITICAL,CRITICAL
46.51013254648401,0.8591960599172151,-1.4920466059325674,490.18593833502007,1.644109810047126,LOW,LOW,LOW,LOW,LOW,LOW,LOW
92.81278793262847,-7.829161171372952,12.911209472409592,144.09345239609584,23.883773537218246,CRITICAL,MEDIUM,HIGH,LOW,MEDIUM,CRITICAL,CRITICAL
72.8132321020726,-12.040034651712226,-0.985639962648556,189.52087762784197,39.67882184382061,HIGH,HIGH,LOW,LOW,HIGH,CRITICAL,CRITICAL
56.05606005926508,-1.1957495880793212,5.555200414478307,286.00159918567294,20.797973178265106,MEDIUM,LOW,MEDIUM,LOW,MEDIUM,HIGH,HIGH
51.51190472311459,3.7549727002262885,-0.0686857543528369,255.526139611821,0.9149190453959393,MEDIUM,LOW,LOW,LOW,LOW,MEDIUM,MEDIUM
32.942952298543716,2.343967075915127,5.225121902912812,129.15517826685667,23.356224631536197,LOW,LOW,MEDIUM,LOW,MEDIUM,MEDIUM,HIGH
43.07173448422306,1.4081564400304714,-2.5765526314140637,267.86538935067756,1.6159130937031116,LOW,LOW,LOW,LOW,LOW,LOW,LOW
38.93582633681881,-3.2669517274596003,2.895988129607615,298.4657474790463,1.6205078377394475,LOW,LOW,LOW,LOW,LOW,LOW,LOW
53.265901863238994,-4.61846729741746,-4.795704285854788,414.5614470892058,27.53378538152484,MEDIUM,LOW,LOW,LOW,MEDIUM,MEDIUM,HIGH
40.442048557783046,-0.8706204845524657,-1.2580015734008,391.7005890233708,3.654488591838436,LOW,LOW,LOW,LOW,LOW,LOW,LOW
100.0,4.571860024733812,15.38990444729523,26.88753825884131,32.559447748631,CRITICAL,LOW,CRITICAL,HIGH,HIGH,CRITICAL,CRITICAL
33.60522358749933,-1.2133876752794173,-0.5838119913161361,273.12145706561716,13.51187627803094,LOW,LOW,LOW,LOW,LOW,LOW,LOW
58.3096344368962,0.13896493415609687,-7.188574670516418,664.4706460196326,4.569378072647971,MEDIUM,LOW,MEDIUM,LOW,LOW,HIGH,HIGH
67.75036878168449,-9.752535578691411,22.77441690958949,85.15793434859016,36.24012089076612,MEDIUM,MEDIUM,CRITICAL,MEDIUM,HIGH,CRITICAL,CRITICAL
56.145145410751155,-6.848769440489579,-2.425282340951029,153.15943658201212,24.692360072042035,MEDIUM,MEDIUM,LOW,LOW,MEDIUM,HIGH,HIGH
27.970255781418402,-1.047150694496385,7.699762052748226,294.51380664439046,7.141658668898452,LOW,LOW,MEDIUM,LOW,LOW,MEDIUM,MEDIUM
66.48117905856844,5.502273564789331,-1.6396140911780155,652.351125746979,3.6847789896902308,MEDIUM,MEDIUM,LOW,LOW,LOW,HIGH,HIGH
56.069023893932325,-2.5792357455739325,0.2043052178603134,196.42073873446165,3.984773287579339,MEDIUM,LOW,LOW,LOW,LOW,MEDIUM,MEDIUM
100.0,12.101114849454332,11.144613986738484,52.688511131732895,42.21304392777039,CRITICAL,HIGH,HIGH,MEDIUM,HIGH,CRITICAL,CRITICAL
73.22431934036656,2.3244837806548952,0.5052440552054644,326.0064379410928,5.608524890896262,HIGH,LOW,LOW,LOW,LOW,HIGH,HIGH
30.840890350013446,1.2938094570415617,-2.2672138083832705,723.0677373372533,25.96967523602457,LOW,LOW,LOW,LOW,MEDIUM,LOW,MEDIUM
74.88369130657729,-24.3977538250455,10.880588206210598,62.00539888537304,18.614020624407722,HIGH,CRITICAL,HIGH,MEDIUM,MEDIUM,CRITICAL,CRITICAL
63.39680164058748,29.618584566637566,13.26792873339804,20.545244767294925,15.818522272814699,MEDIUM,CRITICAL,HIGH,HIGH,MEDIUM,CRITICAL,CRITICAL
78.59967959754637,-17.252375364317782,13.12518776914186,5.1132122233800255,14.94418516641241,HIGH,CRITICAL,HIGH,CRITICAL,LOW,CRITICAL,CRITICAL
58.49744244199436,-0.5001491372815969,-0.8567044134822751,445.48258218902697,4.172147435017029,MEDIUM,LOW,LOW,LOW,LOW,MEDIUM,MEDIUM
37.61333831381675,1.840181563534225,7.902820404920297,336.53268433689465,16.338620316064507,LOW,LOW,MEDIUM,LOW,MEDIUM,MEDIUM,HIGH
100.0,-0.5060103610875293,-18.74681827980317,215.4100866424296,32.559191968879844,CRITICAL,LOW,CRITICAL,LOW,HIGH,CRITICAL,CRITICAL
51.82718532356378,-2.5308512983239395,-16.310697327139373,95.08771786474946,11.626368013734625,MEDIUM,LOW,CRITICAL,MEDIUM,LOW,CRITICAL,CRITICAL
29.34118529626525,0.6082506366135934,1.5515508683195451,244.94111768502478,17.693212689673505,LOW,LOW,LOW,LOW,MEDIUM,LOW,MEDIUM
65.47993122413732,-0.81319297830722,4.750367272072051,323.0574293752429,2.8959317291157176,MEDIUM,LOW,LOW,LOW,LOW,MEDIUM,MEDIUM
40.45108833499941,2.512832047185356,1.033606862138533,349.472380668868,10.618486329366725,LOW,LOW,LOW,LOW,LOW,LOW,LOW
64.44091675992446,-9.077807325423374,1.5922154295969224,102.73819330814223,14.532259302459494,MEDIUM,MEDIUM,LOW,LOW,LOW,HIGH,HIGH
62.72742440913059,-1.9796407819612072,-3.8499953396772892,364.76538728986077,6.4600834690953555,MEDIUM,LOW,LOW,LOW,LOW,MEDIUM,MEDIUM
35.86765256364952,3.7084118633264094,-2.8284023435048535,522.7683114936265,22.857135474484632,LOW,LOW,LOW,LOW,MEDIUM,LOW,MEDIUM
34.08801440649492,-4.881656843244339,-1.7144089477948403,542.3668964242312,5.3019767289751645,LOW,LOW,LOW,LOW,LOW,LOW,LOW
68.48181989938668,1.3209923573400972,3.9290300848156874,442.0705398438128,15.914693445808147,MEDIUM,LOW,LOW,LOW,MEDIUM,MEDIUM,HIGH
79.67061881555658,0.2631466877968856,-10.26639203886739,175.56482012777232,44.07963146431938,HIGH,LOW,HIGH,LOW,HIGH,CRITICAL,CRITICAL
37.387029847113475,3.3364022876402735,3.647254374283207,229.61991701939795,1.6644151862830143,LOW,LOW,LOW,LOW,LOW,LOW,LOW
85.46471506810063,9.589089151616681,-7.111179407369139,48.93268532469877,16.38332766202248,CRITICAL,MEDIUM,MEDIUM,HIGH,MEDIUM,CRITICAL,CRITICAL
94.93091349606847,-9.642252446214524,-23.01077542825814,95.57813717452848,26.25586580674826,CRITICAL,MEDIUM,CRITICAL,MEDIUM,MEDIUM,CRITICAL,CRITICAL
86.23173623865097,0.27092157446450627,4.4515370120483935,391.58277462372314,3.0434018951674164,CRITICAL,LOW,LOW,LOW,LOW,CRITICAL,CRITICAL
14.955773792022109,-1.6671666045533673,4.829702996626593,285.8223628442986,3.8837726689981222,LOW,LOW,LOW,LOW,LOW,LOW,LOW
58.18895857749841,3.7725690235555254,-1.8035484459168314,396.21450698711544,12.816394359781897,MEDIUM,LOW,LOW,LOW,LOW,MEDIUM,MEDIUM
83.3607769003902,-5.036570232478848,-3.4959840734993577,54.5607490523477,29.35441397752499,HIGH,MEDIUM,LOW,MEDIUM,MEDIUM,HIGH,HIGH
54.82032739512217,2.260800868338397,3.5172291708359054,357.07565577382377,3.0800422962933527,MEDIUM,LOW,LOW,LOW,LOW,MEDIUM,MEDIUM
38.06251270200046,4.6194661883230745,0.5127007626827161,525.4296400559908,1.9398321610702627,LOW,LOW,LOW,LOW,LOW,LOW,LOW
100.0,10.700096139886066,-14.895591272891483,77.13913059604003,14.285280618065277,CRITICAL,HIGH,HIGH,MEDIUM,LOW,CRITICAL,CRITICAL
27.767398205762046,-3.2758097798948835,2.8139740908446873,528.9938506191735,7.441984776474927,LOW,LOW,LOW,LOW,LOW,LOW,LOW
100.0,-3.5096691867518315,4.68418498675142,33.654869985231386,26.98845507027106,CRITICAL,LOW,LOW,HIGH,MEDIUM,CRITICAL,CRITICAL
37.6683443262989,-5.298292298147529,2.052588815597959,569.587935596567,12.39560661333324,LOW,MEDIUM,LOW,LOW,LOW,MEDIUM,MEDIUM
36.55400700307347,4.488566935678097,1.898415692139044,359.3092192663737,3.8476712108311135,LOW,LOW,LOW,LOW,LOW,LOW,LOW
43.58634234712873,-7.88726067092776,4.707133528697286,26.17984876194665,8.956776324619822,LOW,MEDIUM,LOW,HIGH,LOW,HIGH,HIGH
87.1313727307809,-21.251287609253847,15.419756577146018,55.00958390234527,19.451585930301743,CRITICAL,CRITICAL,CRITICAL,MEDIUM,MEDIUM,CRITICAL,CRITICAL
50.68685449603856,-2.1308043502199117,0.08011899529739001,483.2141058269516,6.175881012304162,MEDIUM,LOW,LOW,LOW,LOW,MEDIUM,MEDIUM
58.1329618236096,-27.109169849035155,-20.91997682479882,81.37104004167787,42.020743187081926,MEDIUM,CRITICAL,CRITICAL,MEDIUM,HIGH,CRITICAL,CRITICAL
79.50265888863642,3.645860494795343,15.246064572412747,35.74317298248707,10.55767544928779,HIGH,LOW,CRITICAL,HIGH,LOW,CRITICAL,CRITICAL
24.175613527727215,0.2792111833469063,-0.17881126296713795,491.1670825104366,8.21336639884462,LOW,LOW,LOW,LOW,LOW,LOW,LOW
87.04335458093456,-5.893069904172722,-0.8456828865294688,12.507249359910777,14.976744267142006,CRITICAL,MEDIUM,LOW,CRITICAL,LOW,CRITICAL,CRITICAL
50.85726440811503,4.300482995927026,-3.2664521192839464,580.6285361722416,8.042442386190253,MEDIUM,LOW,LOW,LOW,LOW,MEDIUM,MEDIUM
48.6161846460872,3.1743364706765744,-0.5575215850391179,655.8407033967345,11.839888998462163,LOW,LOW,LOW,LOW,LOW,LOW,LOW
56.02403961381473,-3.6333650068319407,0.1233946682140285,795.8472440702142,2.089152894082746,MEDIUM,LOW,LOW,LOW,LOW,MEDIUM,MEDIUM
84.50885890047189,-12.423581924471362,-20.22988363455129,165.235741663621,42.66229991055145,HIGH,HIGH,CRITICAL,LOW,HIGH,CRITICAL,CRITICAL
78.31805091407941,4.894442951947052,11.803058986423135,200.2953879224059,21.091443638303534,HIGH,LOW,HIGH,LOW,MEDIUM,CRITICAL,CRITICAL
67.95071162342444,-1.3484278901540077,1.3473720916661505,184.57643760759046,2.854122261361756,MEDIUM,LOW,LOW,LOW,LOW,MEDIUM,MEDIUM
55.15256481166511,-4.324437391296452,3.294184479367894,353.0995248915009,18.735941737147183,MEDIUM,LOW,LOW,LOW,MEDIUM,MEDIUM,HIGH
62.12181867481906,-4.077911326630694,1.419307318082556,0.0,13.78978735055173,MEDIUM,LOW,LOW,CRITICAL,LOW,CRITICAL,CRITICAL
28.745012498578596,0.27529463081859623,-2.2386167233006486,317.57559120622676,10.739778146416239,LOW,LOW,LOW,LOW,LOW,LOW,LOW
69.52682535481635,-4.392385688575302,-11.849327208838037,12.314889965498653,48.051163688047126,MEDIUM,LOW,HIGH,CRITICAL,CRITICAL,CRITICAL,CRITICAL
70.13090452626885,-17.76590282750603,5.408587440389286,42.143267881977245,20.902260292848,HIGH,CRITICAL,MEDIUM,HIGH,MEDIUM,CRITICAL,CRITICAL
62.29991645095333,-4.5039106538894735,-5.08623628119695,491.2656757023306,12.37974244316863,MEDIUM,LOW,MEDIUM,LOW,LOW,HIGH,HIGH
77.73325589354828,-9.604861371611504,-4.226165377435048,92.35579226713698,20.64513540689749,HIGH,MEDIUM,LOW,MEDIUM,MEDIUM,HIGH,HIGH
37.819617165912135,-11.134864895192395,-0.09548387323781087,216.51717339916863,23.049726717277498,LOW,HIGH,LOW,LOW,MEDIUM,HIGH,HIGH
64.46198962344057,-7.38422237879103,-6.779988278918017,28.90245448639281,30.064908948454555,MEDIUM,MEDIUM,MEDIUM,HIGH,HIGH,HIGH,CRITICAL
29.39299038165651,4.570595947394981,6.516832475229622,46.07417004401144,3.4354218489574877,LOW,LOW,MEDIUM,HIGH,LOW,HIGH,HIGH
44.94784185447096,2.023457432464624,3.893349798453683,213.92444756329786,9.781405392137518,LOW,LOW,LOW,LOW,LOW,LOW,LOW
37.39943735684643,-6.583755591074245,-0.10280893003674607,44.770491673919196,23.679705311169002,LOW,MEDIUM,LOW,HIGH,MEDIUM,HIGH,HIGH
100.0,-11.922285655022431,-2.4986725153530345,1.7955122797190082,14.691935340936572,CRITICAL,HIGH,LOW,CRITICAL,LOW,CRITICAL,CRITICAL
36.6893342386788,0.7129589756202223,5.603109104782606,432.07431197850605,3.464483081823281,LOW,LOW,MEDIUM,LOW,LOW,MEDIUM,MEDIUM
86.2984426620481,-8.131894192948796,5.559472818711978,261.4955104232522,19.44550327970906,CRITICAL,MEDIUM,MEDIUM,LOW,MEDIUM,CRITICAL,CRITICAL
66.45045583382054,0.8041906571267777,5.1642089308097345,692.317827566278,2.390887888396987,MEDIUM,LOW,MEDIUM,LOW,LOW,HIGH,HIGH
64.13657731137484,4.555743283911797,-3.9891660443916384,460.87191602792996,8.174649536655958,MEDIUM,LOW,LOW,LOW,LOW,MEDIUM,MEDIUM
55.02372185912029,4.376667342460524,7.280139251069758,346.15477296053416,4.608903190273248,MEDIUM,LOW,MEDIUM,LOW,LOW,HIGH,HIGH
54.203041937777826,-1.0378723999516093,-5.995299115627155,292.0441417866477,13.331130131577702,MEDIUM,LOW,MEDIUM,LOW,LOW,HIGH,HIGH
75.87690022908853,15.986551517552138,13.542549330374237,67.4377904684494,23.340108106067447,HIGH,CRITICAL,HIGH,MEDIUM,MEDIUM,CRITICAL,CRITICAL
42.921485649038836,-10.269743638956,-1.7894517966448626,503.362706283529,21.46516438903737,LOW,HIGH,LOW,LOW,MEDIUM,HIGH,HIGH
32.54648049499073,0.9949529189141787,-1.0678637847342471,114.34213654384779,19.536322375030107,LOW,LOW,LOW,LOW,MEDIUM,LOW,MEDIUM
48.709349993613785,3.0457224962435725,-3.7896915800738356,304.2521844426103,2.325832739465628,LOW,LOW,LOW,LOW,LOW,LOW,LOW
28.73734412555365,3.4947643584662,11.070983561533964,118.311529717957,16.85987327306215,LOW,LOW,HIGH,LOW,MEDIUM,HIGH,HIGH
73.50274811812065,12.248192254329041,5.62530247336211,91.76572626547667,17.58662571518659,HIGH,HIGH,MEDIUM,MEDIUM,MEDIUM,CRITICAL,CRITICAL
30.042846798214704,3.5653585873791918,-1.4429222329776246,301.10696364608543,3.9930918519038716,LOW,LOW,LOW,LOW,LOW,LOW,LOW
51.710794447101414,-1.6254274054816944,-0.6633636226480084,285.25532017385177,20.93237431202317,MEDIUM,LOW,LOW,LOW,MEDIUM,MEDIUM,HIGH
63.926417405925,2.6978616979643917,-3.5723144024199294,290.620900671167,9.190882305125923,MEDIUM,LOW,LOW,LOW,LOW,MEDIUM,MEDIUM
34.761899307696815,-2.067070270185159,1.1079773244764024,656.6708878455028,3.910853166888166,LOW,LOW,LOW,LOW,LOW,LOW,LOW
56.53136554400568,30.91550600595577,-8.558784127494654,47.28360210099102,19.231801837864925,MEDIUM,CRITICAL,MEDIUM,HIGH,MEDIUM,CRITICAL,CRITICAL
33.985199965299394,3.0792965250824262,-1.883732791305359,280.753998405641,2.7595750433086925,LOW,LOW,LOW,LOW,LOW,LOW,LOW
37.70128130467893,-0.4023724215128302,-2.678209305503242,73.84742707630014,39.36914866663291,LOW,LOW,LOW,MEDIUM,HIGH,MEDIUM,HIGH
24.548936289937288,5.048907015701372,12.919316507238111,516.4196583631943,4.637358569274015,LOW,MEDIUM,HIGH,LOW,LOW,HIGH,HIGH
82.1918431382827,-2.0973500624410737,-11.395202928780051,32.97001523846048,52.06918176813268,HIGH,LOW,HIGH,HIGH,CRITICAL,CRITICAL,CRITICAL
45.56945592315953,0.5762089261059871,-1.3826146264226766,488.9330874452231,13.61067602369188,LOW,LOW,LOW,LOW,LOW,LOW,LOW
42.142714532923414,6.015446744430016,-9.968482805603328,371.2792168337763,14.403234392483881,LOW,MEDIUM,MEDIUM,LOW,LOW,HIGH,HIGH
55.47125197376502,-11.018086513593492,1.007477793272102,274.99544237676764,6.075641365331532,MEDIUM,HIGH,LOW,LOW,LOW,HIGH,HIGH
58.66714285026023,17.076162220893018,-1.3878411958248114,41.83700023031743,11.833115064006758,MEDIUM,CRITICAL,LOW,HIGH,LOW,CRITICAL,CRITICAL
56.38134288984058,2.5672430240009247,0.01297737631279741,0.0,11.562904336159356,MEDIUM,LOW,LOW,CRITICAL,LOW,CRITICAL,CRITICAL
51.25620747012967,-8.174153415584943,-2.122321422588837,340.21864861340305,3.3748761418569906,MEDIUM,MEDIUM,LOW,LOW,LOW,HIGH,HIGH
34.626578959593395,5.675616277900734,2.128115344469419,372.426336429572,9.99571709296613,LOW,MEDIUM,LOW,LOW,LOW,MEDIUM,MEDIUM
30.62325928117788,-2.3002327847494812,-2.9250438933081795,0.0,8.225346392995327,LOW,LOW,LOW,CRITICAL,LOW,CRITICAL,CRITICAL
59.020766187427384,0.16342688525527377,6.799278551809455,398.3358174071695,2.254591641286861,MEDIUM,LOW,MEDIUM,LOW,LOW,HIGH,HIGH
49.33956953810642,4.567323710944934,-2.9565462369228137,310.4053843988546,22.35243727671211,LOW,LOW,LOW,LOW,MEDIUM,LOW,MEDIUM
42.04783315353559,1.887236397014936,4.388710201529182,394.1386468467872,3.344352581974438,LOW,LOW,LOW,LOW,LOW,LOW,LOW
33.95902172189025,-8.493514153592912,1.2264791479276884,376.72346267844,10.936524866069613,LOW,MEDIUM,LOW,LOW,LOW,MEDIUM,MEDIUM
34.90519171252115,0.02506495966029547,-4.452892225908243,227.9313722515364,12.245661188682146,LOW,LOW,LOW,LOW,LOW,LOW,LOW
47.21465060627367,13.54401186815681,10.900970869033943,271.6570969521983,33.90332747173291,LOW,HIGH,HIGH,LOW,HIGH,CRITICAL,CRITICAL
58.40642696081746,6.480634739826829,3.954104418589768,361.487820506055,1.9216247671930455,MEDIUM,MEDIUM,LOW,LOW,LOW,HIGH,HIGH
77.80184935809135,-4.562566650402237,26.09805248475817,168.57886388101107,60.0,HIGH,LOW,CRITICAL,LOW,CRITICAL,CRITICAL,CRITICAL
18.610694699391342,-3.826494528430784,-1.4227093889921816,311.17328400885015,26.625564827612923,LOW,LOW,LOW,LOW,MEDIUM,LOW,MEDIUM
23.14240952368565,-0.6457115921312673,0.139076992377827,551.3374536804708,14.324336486846757,LOW,LOW,LOW,LOW,LOW,LOW,LOW
46.47120675419691,4.115396614438378,-1.727004700124511,110.19597438257983,2.155556113710085,LOW,LOW,LOW,LOW,LOW,LOW,LOW
25.62288819499326,-1.973431876234052,0.3600011319092942,283.04949235497725,12.362831210620707,LOW,LOW,LOW,LOW,LOW,LOW,LOW
36.52572710017169,2.516541193031134,-6.093768232542479,382.4578248519138,12.172335772324757,LOW,LOW,MEDIUM,LOW,LOW,MEDIUM,MEDIUM
23.27812837084697,1.2251506025855863,-9.471757061734502,534.5106906725413,6.7967490322744535,LOW,LOW,MEDIUM,LOW,LOW,MEDIUM,MEDIUM
38.80921081207853,-6.890889926261422,2.1362518252678067,335.13374142502784,7.529526142524939,LOW,MEDIUM,LOW,LOW,LOW,MEDIUM,MEDIUM
94.57692573358116,-10.321453385264327,1.3019800711571476,90.59318134664358,19.009899076367674,CRITICAL,HIGH,LOW,MEDIUM,MEDIUM,CRITICAL,CRITICAL
51.23495058807909,-3.28346906963918,-4.424273811846845,587.4337144462894,11.993634327485346,MEDIUM,LOW,LOW,LOW,LOW,MEDIUM,MEDIUM
70.67624032195464,13.034165968167462,5.917410326592061,19.351391721025983,39.00186629358191,HIGH,HIGH,MEDIUM,CRITICAL,HIGH,CRITICAL,CRITICAL
32.85359187600101,-3.221606680262323,0.08108756848915226,74.20007829674394,5.818238411731976,LOW,LOW,LOW,MEDIUM,LOW,MEDIUM,MEDIUM
48.79314986273501,2.9231783612547937,1.712429573806539,199.65709427749107,26.22817149651098,LOW,LOW,LOW,LOW,MEDIUM,LOW,MEDIUM
81.38118887705839,-0.31648888953803483,4.4657229951288295,523.4728178911594,1.5304624704794658,HIGH,LOW,LOW,LOW,LOW,HIGH,HIGH
49.657189155089,-4.152922921967686,3.1035901959658614,448.5050797521296,6.024514459410023,LOW,LOW,LOW,LOW,LOW,LOW,LOW
37.85984999968723,-0.39117998833681156,4.739937790401264,677.1159475506092,19.457500506238393,LOW,LOW,LOW,LOW,MEDIUM,LOW,MEDIUM
57.90277816172766,-1.126154440629524,-3.1649981190702707,549.8802699540737,10.768584729231453,MEDIUM,LOW,LOW,LOW,LOW,MEDIUM,MEDIUM
53.044350938482026,4.100538418230325,-3.6183648548522958,517.9091667365956,3.8760526496655863,MEDIUM,LOW,LOW,LOW,LOW,MEDIUM,MEDIUM
30.88596071035672,1.4238048593773052,9.15898553789334,323.03848091838165,9.759230469254158,LOW,LOW,MEDIUM,LOW,LOW,MEDIUM,MEDIUM
43.81761180789818,0.3194273430772151,0.045329513470936326,471.6982904569844,6.104410888991016,LOW,LOW,LOW,LOW,LOW,LOW,LOW
85.13362527428741,32.39442182796443,-3.7498961740756074,70.19306286268042,27.27215269084921,CRITICAL,CRITICAL,LOW,MEDIUM,MEDIUM,CRITICAL,CRITICAL
71.15381092941212,-11.271847837402888,-3.1177984067148437,230.22503469896498,10.104344957772238,HIGH,HIGH,LOW,LOW,LOW,CRITICAL,CRITICAL
59.16708643504818,-5.1792184998921185,3.7789215819828024,146.67433348909395,24.536274239889167,MEDIUM,MEDIUM,LOW,LOW,MEDIUM,HIGH,HIGH
98.07561052278035,26.9364689972069,-0.8340713997482596,3.469275597466938,8.558608168260637,CRITICAL,CRITICAL,LOW,CRITICAL,LOW,CRITICAL,CRITICAL
42.74124677437608,-1.8726306993903117,-7.60120333766947,613.8521286170452,5.248761409139918,LOW,LOW,MEDIUM,LOW,LOW,MEDIUM,MEDIUM
48.38762751055961,-5.406189817056935,-4.788666370760921,651.1381465120915,4.178545811881409,LOW,MEDIUM,LOW,LOW,LOW,MEDIUM,MEDIUM
58.026659295904246,-10.563128055393953,4.4613852009393025,287.8922315481664,46.35144340599166,MEDIUM,HIGH,LOW,LOW,CRITICAL,HIGH,CRITICAL
30.749371796012753,2.1613796581456683,-1.7307219940104972,279.21745525990997,17.308195641078562,LOW,LOW,LOW,LOW,MEDIUM,LOW,MEDIUM
57.89542576946649,-4.386500176589272,3.4229412834433646,264.50779318615207,3.4262746840010583,MEDIUM,LOW,LOW,LOW,LOW,MEDIUM,MEDIUM
35.851459395761964,2.5612798219779953,-2.883464999332506,494.33308680512937,2.7854316611595262,LOW,LOW,LOW,LOW,LOW,LOW,LOW
50.494912253116155,2.0827110683202936,5.600399247311255,237.02071471519466,1.508951111318171,MEDIUM,LOW,MEDIUM,LOW,LOW,HIGH,HIGH
48.0014108869259,9.806794703604357,-4.342782927986568,449.32240142990963,7.709677429440602,LOW,MEDIUM,LOW,LOW,LOW,MEDIUM,MEDIUM
66.7294422248524,12.360947278214528,-14.586518544612684,32.67390191072537,1.6527437081285454,MEDIUM,HIGH,HIGH,HIGH,LOW,CRITICAL,CRITICAL
67.16890104239303,7.262709820321264,-5.611716289652444,582.5088093538232,14.7344879855887,MEDIUM,MEDIUM,MEDIUM,LOW,LOW,HIGH,HIGH
21.453349729216853,-0.22486724851388837,-0.3745111438744362,259.16624194695385,8.46610712377764,LOW,LOW,LOW,LOW,LOW,LOW,LOW
83.52014130093258,-3.0350884436310097,-6.4229484472847425,512.536569839554,18.676235817242485,HIGH,LOW,MEDIUM,LOW,MEDIUM,HIGH,HIGH
75.54064249260168,-1.6675985444775567,-4.164020873135148,455.01804244807374,6.498128433719883,HIGH,LOW,LOW,LOW,LOW,HIGH,HIGH
23.77149103700291,-0.13681036572492566,-2.779651110224462,603.6967933214314,15.610453360436512,LOW,LOW,LOW,LOW,MEDIUM,LOW,MEDIUM
70.95175153813258,-6.718981306075983,1.1039433976821589,725.7089891228529,8.140768847266381,HIGH,MEDIUM,LOW,LOW,LOW,HIGH,HIGH
26.4699903104478,-0.9974713533923539,-4.520001504369826,235.88216900595214,14.042045907719988,LOW,LOW,LOW,LOW,LOW,LOW,LOW
49.01306934728902,-6.759209641589295,17.256344662479144,178.67263768508556,22.69636850524037,LOW,MEDIUM,CRITICAL,LOW,MEDIUM,CRITICAL,CRITICAL
61.63811973880096,-2.440882770151416,2.7531404339529293,200.44112050607657,27.091118433051697,MEDIUM,LOW,LOW,LOW,MEDIUM,MEDIUM,HIGH
60.59296012265958,-15.504450924896796,4.563621629337943,2.073602472282087,25.18782908656849,MEDIUM,CRITICAL,LOW,CRITICAL,MEDIUM,CRITICAL,CRITICAL
28.64411701788842,-3.637478690544887,6.383918940149061,517.4066955001906,2.6401254291952374,LOW,LOW,MEDIUM,LOW,LOW,MEDIUM,MEDIUM
95.30404727162714,16.243473845614666,2.316609635497378,82.67307885009899,6.123553875756674,CRITICAL,CRITICAL,LOW,MEDIUM,LOW,CRITICAL,CRITICAL
64.04813325495944,5.69158993573373,-18.133122581430282,61.1235370674222,41.20936615934596,MEDIUM,MEDIUM,CRITICAL,MEDIUM,HIGH,CRITICAL,CRITICAL
79.4001800928999,14.54375596774931,1.2785361172124883,13.228420565356085,32.42140799633359,HIGH,HIGH,LOW,CRITICAL,HIGH,CRITICAL,CRITICAL
46.28215875522446,-0.7562316834094984,-6.746280972325742,211.70177113460693,8.917619016891035,LOW,LOW,MEDIUM,LOW,LOW,MEDIUM,MEDIUM
70.51582193720306,-14.190365707150264,-13.202692556170305,17.543168730565743,17.45677630612128,HIGH,HIGH,HIGH,CRITICAL,MEDIUM,CRITICAL,CRITICAL
45.07714710812774,-0.751576893154556,1.7200882966006854,273.74407826965336,0.4473793719355732,LOW,LOW,LOW,LOW,LOW,LOW,LOW
37.220624981034256,2.0680012100557406,1.4434424382627236,443.75582466108307,4.96594393108188,LOW,LOW,LOW,LOW,LOW,LOW,LOW
79.29404527151185,14.531592539861172,3.2246759853951246,87.81317940814117,21.34152830576405,HIGH,HIGH,LOW,MEDIUM,MEDIUM,CRITICAL,CRITICAL
44.766792695346346,-3.207424378173806,2.1721534429928426,336.34939035586046,5.215613178163853,LOW,LOW,LOW,LOW,LOW,LOW,LOW
91.292145297049,8.42212063563051,-10.627828773039184,114.75347288342323,25.584935725433674,CRITICAL,MEDIUM,HIGH,LOW,MEDIUM,CRITICAL,CRITICAL
60.76682621636998,-3.316635689941601,1.7702497160912285,506.84366163158313,2.5719333394741946,MEDIUM,LOW,LOW,LOW,LOW,MEDIUM,MEDIUM
42.86571461332278,-3.3206564891413146,7.864137129858427,394.5492627052449,5.084403484306632,LOW,LOW,MEDIUM,LOW,LOW,MEDIUM,MEDIUM
32.07880906220487,2.6086715404627445,-3.343759104666034,60.16943636118181,5.327258515567341,LOW,LOW,LOW,MEDIUM,LOW,MEDIUM,MEDIUM
61.844540573786034,-0.0643777486242479,-8.835013558030248,266.47088727260234,4.838037129614638,MEDIUM,LOW,MEDIUM,LOW,LOW,HIGH,HIGH
46.631773587911944,-4.273749943383316,-1.3924293808051889,311.1974969552416,1.817389223701142,LOW,LOW,LOW,LOW,LOW,LOW,LOW
32.423276236536374,2.481839209849345,-0.7312102069306524,301.88580660979204,14.748136541603401,LOW,LOW,LOW,LOW,LOW,LOW,LOW
48.77389210892606,-1.9514763522951815,0.1451171705533407,432.36975354926705,1.7719454185670114,LOW,LOW,LOW,LOW,LOW,LOW,LOW
44.90075633769768,7.008844628822433,4.171974498636171,358.09311711650327,4.991152134840568,LOW,MEDIUM,LOW,LOW,LOW,MEDIUM,MEDIUM
35.74073146117171,-2.475933803544493,3.826197847149074,168.01331659176853,16.088550320340985,LOW,LOW,LOW,LOW,MEDIUM,LOW,MEDIUM
50.01449945626513,0.8488765135041045,1.4353141305810813,202.64820431044703,6.121186072121022,MEDIUM,LOW,LOW,LOW,LOW,MEDIUM,MEDIUM
43.79794398180286,0.7720885308717735,-4.123300506877794,248.3231310427559,4.1914721478186205,LOW,LOW,LOW,LOW,LOW,LOW,LOW
57.67920456910272,-6.054950328699742,-7.825629804716945,369.97006368416027,10.806555924379593,MEDIUM,MEDIUM,MEDIUM,LOW,LOW,HIGH,HIGH
53.04731590681994,-1.1414405831124577,0.9007693099637322,388.4420479926516,18.37471565516537,MEDIUM,LOW,LOW,LOW,MEDIUM,MEDIUM,HIGH
100.0,8.691619234058127,-7.413555281772336,142.5371004714391,15.1419450425444,CRITICAL,MEDIUM,MEDIUM,LOW,MEDIUM,CRITICAL,CRITICAL
67.70908284698005,-11.178619155194854,3.837336493521841,119.71948635115572,20.267646242892265,MEDIUM,HIGH,LOW,LOW,MEDIUM,HIGH,HIGH
58.6960620889329,0.10804221720762543,-5.633693536824035,260.0067505024456,12.536546590060961,MEDIUM,LOW,MEDIUM,LOW,LOW,HIGH,HIGH
27.434384405072755,5.1416093606385145,4.392094197040679,103.05055690125987,8.24753946289323,LOW,MEDIUM,LOW,LOW,LOW,MEDIUM,MEDIUM
100.0,18.44291826512816,11.811557342364548,176.89767954200047,24.83309769409091,CRITICAL,CRITICAL,HIGH,LOW,MEDIUM,CRITICAL,CRITICAL
63.136295970210064,1.7152902185066774,0.7111382256180041,226.7060354265776,3.445000423428461,MEDIUM,LOW,LOW,LOW,LOW,MEDIUM,MEDIUM
35.94843248267089,6.115115342841229,-7.684052555293024,468.0654451385906,1.9614459303044636,LOW,MEDIUM,MEDIUM,LOW,LOW,HIGH,HIGH
30.581227688233984,2.3462372535833924,-7.974313529716495,477.327233080654,16.3071021949243,LOW,LOW,MEDIUM,LOW,MEDIUM,MEDIUM,HIGH
97.16347674423635,1.4566507345471984,24.416989897831083,23.751256258973555,36.14918421105552,CRITICAL,LOW,CRITICAL,HIGH,HIGH,CRITICAL,CRITICAL
54.41097728432011,0.8671651104179732,2.079316010684107,226.7745885545605,8.136680894854317,MEDIUM,LOW,LOW,LOW,LOW,MEDIUM,MEDIUM
32.74707749677563,4.3214827327126635,-1.3998331129440817,351.30593125448013,6.306363923401158,LOW,LOW,LOW,LOW,LOW,LOW,LOW
80.99403833008272,4.571882222082768,-3.396948883179002,99.53515761695022,25.90899658272644,HIGH,LOW,LOW,MEDIUM,MEDIUM,HIGH,HIGH
83.47740725613292,10.289507420527787,20.801296072611155,9.907375951084042,25.299966216635248,HIGH,HIGH,CRITICAL,CRITICAL,MEDIUM,CRITICAL,CRITICAL
51.539194858490056,2.6695324125622744,-0.7692127371265088,448.03025075312667,5.7008420782272555,MEDIUM,LOW,LOW,LOW,LOW,MEDIUM,MEDIUM
55.06488978133386,5.773134129794469,0.8506203268795589,337.1047256796338,1.6312685811804024,MEDIUM,MEDIUM,LOW,LOW,LOW,HIGH,HIGH
83.20507821098651,-7.784735804711644,-11.687604530989208,81.70988828627279,13.158406357182653,HIGH,MEDIUM,HIGH,MEDIUM,LOW,CRITICAL,CRITICAL
11.548046206280794,-1.0553129216025312,-4.712511581400218,190.8115612348032,19.225448934221077,LOW,LOW,LOW,LOW,MEDIUM,LOW,MEDIUM
48.01600485047088,-0.43491645387558237,-5.497720427387847,384.03757349849116,5.144710034926174,LOW,LOW,MEDIUM,LOW,LOW,MEDIUM,MEDIUM
16.255488510034397,-0.13924925903180982,-1.262270770138089,520.3787349890209,9.698520815502862,LOW,LOW,LOW,LOW,LOW,LOW,LOW
85.62651974606902,7.121661122662915,11.108935208430847,3.2835133862047226,27.153486097616888,CRITICAL,MEDIUM,HIGH,CRITICAL,MEDIUM,CRITICAL,CRITICAL
31.020133120746905,3.426280455056189,3.8370698346907433,563.2460014884215,12.525986560202078,LOW,LOW,LOW,LOW,LOW,LOW,LOW
81.79751229215954,-3.0668202323445213,-0.0792469258003767,130.51579493483132,21.317587576178298,HIGH,LOW,LOW,LOW,MEDIUM,HIGH,HIGH
80.33331657906602,1.3263386616606925,4.659291059117203,38.32025868574026,60.0,HIGH,LOW,LOW,HIGH,CRITICAL,CRITICAL,CRITICAL
24.291434738295056,-0.9303969537419443,0.9820737733094413,266.24194669860606,4.526592080713712,LOW,LOW,LOW,LOW,LOW,LOW,LOW
47.136072999421984,1.2849996947632876,-2.9515933404732393,480.1369060478941,14.190323327721874,LOW,LOW,LOW,LOW,LOW,LOW,LOW
58.215200207478034,4.343673646026878,1.1313126404748115,321.4446153122418,3.5806429745323727,MEDIUM,LOW,LOW,LOW,LOW,MEDIUM,MEDIUM
39.132327545464186,2.156840535938478,-1.3325373206316842,544.4526964618595,17.7477091911704,LOW,LOW,LOW,LOW,MEDIUM,LOW,MEDIUM
38.595294427398564,-4.400066568298651,-1.756871059287251,797.0778786657514,5.227219537766873,LOW,LOW,LOW,LOW,LOW,LOW,LOW
69.14826351352335,2.603024130800325,-11.295517633638978,8.336634594759266,41.668445453071726,MEDIUM,LOW,HIGH,CRITICAL,HIGH,CRITICAL,CRITICAL
49.714339732180605,-1.787109718544558,5.078516882333618,288.23603964925405,5.358729311086562,LOW,LOW,MEDIUM,LOW,LOW,MEDIUM,MEDIUM
65.07250679817066,0.7411525552872155,15.965420058747803,129.53675474765518,19.548227829908953,MEDIUM,LOW,CRITICAL,LOW,MEDIUM,CRITICAL,CRITICAL
58.14308987507491,2.2963251284261403,7.832526461207102,438.16602586292237,0.6827269119138267,MEDIUM,LOW,MEDIUM,LOW,LOW,HIGH,HIGH
57.48998636820541,-1.5934885483109507,-6.4713805990275475,235.0122857319834,5.306642395967833,MEDIUM,LOW,MEDIUM,LOW,LOW,HIGH,HIGH
39.767220042132,4.1302468814422095,-2.8558116486382135,448.12535831189734,2.9024774208064525,LOW,LOW,LOW,LOW,LOW,LOW,LOW
42.15750635411806,5.778192301917689,6.313346781354806,326.21752247945045,1.525031712678401,LOW,MEDIUM,MEDIUM,LOW,LOW,HIGH,HIGH
38.14030640164943,0.6227015507535473,0.22191967506152194,393.72245732802526,2.5777053815712665,LOW,LOW,LOW,LOW,LOW,LOW,LOW
47.788168254333996,2.5447219547361444,1.030326996841747,115.86768733027961,20.04837253533946,LOW,LOW,LOW,LOW,MEDIUM,LOW,MEDIUM
64.0787745513355,1.5843101118743355,-4.848317180438268,375.8994127973136,4.334363699664598,MEDIUM,LOW,LOW,LOW,LOW,MEDIUM,MEDIUM
56.26916557713915,1.1797389404405434,-1.3592846732331887,382.7842767820118,19.033242688533285,MEDIUM,LOW,LOW,LOW,MEDIUM,MEDIUM,HIGH
44.32936864860622,6.368010947931366,-3.2557944874002556,410.7782235849135,10.155939008305168,LOW,MEDIUM,LOW,LOW,LOW,MEDIUM,MEDIUM
38.67334703418555,-0.5385763672991808,-0.06665653319177407,286.82850641514415,8.856294245844792,LOW,LOW,LOW,LOW,LOW,LOW,LOW
62.27272718899501,1.8107167046402521,-1.721789354705719,362.56968949297146,16.230338607879354,MEDIUM,LOW,LOW,LOW,MEDIUM,MEDIUM,HIGH
83.64412671430266,10.02210481399606,-6.052382404567279,31.58566582651252,26.37563545266795,HIGH,HIGH,MEDIUM,HIGH,MEDIUM,CRITICAL,CRITICAL
40.169079052825026,1.884321616387545,0.32657883607301486,421.01792617700136,7.227771041437222,LOW,LOW,LOW,LOW,LOW,LOW,LOW
20.938184812945128,-1.6810522187643098,0.8898594493698919,559.7996210887399,18.963325057354282,LOW,LOW,LOW,LOW,MEDIUM,LOW,MEDIUM
40.895901651987465,0.6849761907399831,-1.1258403195531825,348.9088713607529,4.935336529644474,LOW,LOW,LOW,LOW,LOW,LOW,LOW
30.47874616269258,-4.279142808314024,2.633188900815792,285.1011752890364,0.4349057125068117,LOW,LOW,LOW,LOW,LOW,LOW,LOW
54.351257379017376,7.757854198280496,3.159630987415573,295.92029441104074,6.93438487656941,MEDIUM,MEDIUM,LOW,LOW,LOW,HIGH,HIGH
32.510891703917274,0.5961245053760666,-1.2748644351681746,443.5530641658245,15.537231187007697,LOW,LOW,LOW,LOW,MEDIUM,LOW,MEDIUM
37.283612726073855,-4.168699228393778,-5.284934950654766,527.5725206847561,8.086645013754266,LOW,LOW,MEDIUM,LOW,LOW,MEDIUM,MEDIUM
48.224768044991265,-4.8865914411749936,-1.96910549359218,353.2063260825498,10.680722067137783,LOW,LOW,LOW,LOW,LOW,LOW,LOW
58.6085199008643,-1.5437325060622564,-0.9472713721474335,478.39367179171376,12.721871779571872,MEDIUM,LOW,LOW,LOW,LOW,MEDIUM,MEDIUM
56.96348434028931,-1.3640088725781985,-7.624882726372409,413.7540367786919,10.51759299118289,MEDIUM,LOW,MEDIUM,LOW,LOW,HIGH,HIGH
35.18331399673039,2.517905988457908,-0.2336892420794454,18.518189032779205,16.50999729649268,LOW,LOW,LOW,CRITICAL,MEDIUM,CRITICAL,CRITICAL
25.358634668147378,-13.8905861869475,-6.176224601097228,146.30943257506976,23.916199574094918,LOW,HIGH,MEDIUM,LOW,MEDIUM,HIGH,HIGH
7.028549313329934,1.0546773787308046,2.081570498237334,347.146075900235,9.176786492395651,LOW,LOW,LOW,LOW,LOW,LOW,LOW
16.8891674590317,8.785328938090089,4.803203277713805,118.70996084813093,5.435669861749134,LOW,MEDIUM,LOW,LOW,LOW,MEDIUM,MEDIUM
41.45948714765939,-3.142429124497854,-6.259579676143112,28.089993103217708,10.404885866484449,LOW,LOW,MEDIUM,HIGH,LOW,HIGH,HIGH
37.514876033553165,-7.042545773350015,-1.1403820633133535,264.9498392447172,7.826567512619941,LOW,MEDIUM,LOW,LOW,LOW,MEDIUM,MEDIUM
35.926884014862246,-2.040500197455111,-4.700647984511535,428.29486508124154,6.579027755104007,LOW,LOW,LOW,LOW,LOW,LOW,LOW
12.348304485422275,1.576447721483432,1.2365527493391917,361.18716309543083,6.4658441381043605,LOW,LOW,LOW,LOW,LOW,LOW,LOW
6.508209211013796,-1.0990519043639857,-0.11504150204091113,414.1161059717828,7.425008722852477,LOW,LOW,LOW,LOW,LOW,LOW,LOW
54.88230367034196,-0.9155206526317673,1.6996784095747348,651.7971444970448,15.26984935253246,MEDIUM,LOW,LOW,LOW,MEDIUM,MEDIUM,HIGH
80.10450323785469,7.141356546787249,-3.424004141097778,285.3374209374134,4.351469528482095,HIGH,MEDIUM,LOW,LOW,LOW,HIGH,HIGH
46.31946416211414,3.641844409807364,-2.841083593247632,650.4890227185765,1.7384722460483277,LOW,LOW,LOW,LOW,LOW,LOW,LOW
74.09537164092576,-3.367906116248407,-1.7766696854548563,224.2839610356887,2.372745637231012,HIGH,LOW,LOW,LOW,LOW,HIGH,HIGH
63.82839369951873,7.8746164015383355,0.797519682616031,197.7868721619072,4.500307387922369,MEDIUM,MEDIUM,LOW,LOW,LOW,HIGH,HIGH
42.25363823083073,1.046169161703255,-8.02322488645628,568.4395301708304,13.186857059408336,LOW,LOW,MEDIUM,LOW,LOW,MEDIUM,MEDIUM
53.78976975347678,-15.34416867019475,-9.636508812770941,49.3877038622944,56.284752842119076,MEDIUM,CRITICAL,MEDIUM,HIGH,CRITICAL,CRITICAL,CRITICAL
63.150988997633895,-1.2255254566494298,-7.397632023513623,292.99697216658626,10.962202396072382,MEDIUM,LOW,MEDIUM,LOW,LOW,HIGH,HIGH
51.06073749799454,-1.7940101362522163,0.6823512526130944,240.93005068752365,7.573506833730185,MEDIUM,LOW,LOW,LOW,LOW,MEDIUM,MEDIUM
21.867106587191657,3.542109489223819,1.8530782765900806,401.0621209457935,10.233146724382605,LOW,LOW,LOW,LOW,LOW,LOW,LOW
62.66148865160844,4.3581806440254836,-9.558255692442518,94.02423020646181,35.610797112782166,MEDIUM,LOW,MEDIUM,MEDIUM,HIGH,HIGH,HIGH
45.43761640152144,0.02072993741462602,1.1018043934532542,335.9140612039748,2.7347857671523967,LOW,LOW,LOW,LOW,LOW,LOW,LOW
69.54157665894479,3.291436891133407,-3.692476736946119,336.962767464389,3.3524170422159276,MEDIUM,LOW,LOW,LOW,LOW,MEDIUM,MEDIUM
44.062293477341846,0.43444543216728376,-4.706191895764974,490.34150258695405,8.11424972900974,LOW,LOW,LOW,LOW,LOW,LOW,LOW
41.96335238724996,-4.510016988345985,5.223106313150082,531.6184658476966,5.968380972329493,LOW,LOW,MEDIUM,LOW,LOW,MEDIUM,MEDIUM
49.10903605397007,1.6131949722071446,3.601036092882262,300.1397870593049,8.294985759084556,LOW,LOW,LOW,LOW,LOW,LOW,LOW
23.05348123125452,0.974480085959297,-0.6705261019534561,550.3401258449626,15.515954365001182,LOW,LOW,LOW,LOW,MEDIUM,LOW,MEDIUM
98.7349409072048,-10.419444855956804,-14.55950347264704,159.2867826969487,6.101508117232766,CRITICAL,HIGH,HIGH,LOW,LOW,CRITICAL,CRITICAL
52.98894731421098,0.5142356854775453,-1.1494865587911884,648.9538840887433,4.991252675286434,MEDIUM,LOW,LOW,LOW,LOW,MEDIUM,MEDIUM
39.461341625763644,6.363341335707886,1.4342178395592828,276.4700867318829,3.499299320289719,LOW,MEDIUM,LOW,LOW,LOW,MEDIUM,MEDIUM
73.67748501784408,-2.031659886705906,-0.803512006817108,233.04807332894865,4.461000920434585,HIGH,LOW,LOW,LOW,LOW,HIGH,HIGH
42.90728957500394,4.2718386981363645,3.0053898446005216,340.5094848377034,1.539320120274992,LOW,LOW,LOW,LOW,LOW,LOW,LOW
54.777623579705335,1.8516511179724522,-2.700156045677872,565.5490129815854,7.870921250645205,MEDIUM,LOW,LOW,LOW,LOW,MEDIUM,MEDIUM
56.144931164087275,2.8570033835956026,7.665635249594312,407.21077375544536,15.541960575960088,MEDIUM,LOW,MEDIUM,LOW,MEDIUM,HIGH,HIGH
26.860132983323798,1.2109751700201694,1.025443934953862,455.07128507392747,6.585257878577476,LOW,LOW,LOW,LOW,LOW,LOW,LOW
33.578166648542236,4.6872086816707155,1.9925449065605048,341.1027727626531,10.856826493555126,LOW,LOW,LOW,LOW,LOW,LOW,LOW
79.41950709701104,7.819814145942008,7.088256538130291,350.4960767317594,36.2014398365406,HIGH,MEDIUM,MEDIUM,LOW,HIGH,HIGH,CRITICAL
49.5473074256441,-1.0970925610972095,-1.295528963524231,671.9959689711322,1.310910491542997,LOW,LOW,LOW,LOW,LOW,LOW,LOW
51.77550301463909,-0.8935936653683635,-0.7884319517495815,486.4518271113143,23.95798534521285,MEDIUM,LOW,LOW,LOW,MEDIUM,MEDIUM,HIGH
36.44404890604885,-5.23214310944322,-7.181312892204903,130.62027802594724,3.859198353706439,LOW,MEDIUM,MEDIUM,LOW,LOW,HIGH,HIGH
95.01868313051877,11.9966737870714,-6.897518726583805,144.66220027504446,46.487319732979266,CRITICAL,HIGH,MEDIUM,LOW,CRITICAL,CRITICAL,CRITICAL
100.0,-1.5843890760608896,-5.40801813081609,103.46295655379967,60.0,CRITICAL,LOW,MEDIUM,LOW,CRITICAL,CRITICAL,CRITICAL
99.54382703951302,4.227028890042299,-6.0674470310302615,46.91686151743809,22.868134618202856,CRITICAL,LOW,MEDIUM,HIGH,MEDIUM,CRITICAL,CRITICAL
40.679538908411686,5.53222959432642,-2.0474736043740704,628.2995408776537,19.66885213260867,LOW,MEDIUM,LOW,LOW,MEDIUM,MEDIUM,HIGH
44.01706326766573,0.18566534493916376,-3.6956735644130694,607.3036476337797,8.20443820728919,LOW,LOW,LOW,LOW,LOW,LOW,LOW
46.88086457710107,-2.4326142064816376,0.4681641423250526,393.88884679101767,2.087070037188203,LOW,LOW,LOW,LOW,LOW,LOW,LOW
46.2006190382289,6.397403483256025,2.4181212247197204,600.8844232057885,14.069622559310426,LOW,MEDIUM,LOW,LOW,LOW,MEDIUM,MEDIUM
34.64494406327482,1.764330647441615,-1.2270907386545216,294.74065571073135,4.19452982169169,LOW,LOW,LOW,LOW,LOW,LOW,LOW
55.47863221293029,0.6537492888565695,3.1643017754902005,227.50674698898533,3.0754830458569105,MEDIUM,LOW,LOW,LOW,LOW,MEDIUM,MEDIUM
73.00846930771213,-6.255717059602616,-8.869134841014272,218.44971805441924,12.53116620280533,HIGH,MEDIUM,MEDIUM,LOW,LOW,HIGH,HIGH
29.162330438492386,3.519950061199709,-2.7417422377580842,260.78112549461974,3.2738287840180806,LOW,LOW,LOW,LOW,LOW,LOW,LOW
39.31523888912713,3.2391170902457,-5.379547123124798,0.0,5.010121086293479,LOW,LOW,MEDIUM,CRITICAL,LOW,CRITICAL,CRITICAL
58.963099335985376,2.171183402200449,9.304756235454464,144.20843598781676,3.55939613000468,MEDIUM,LOW,MEDIUM,LOW,LOW,HIGH,HIGH
57.93086385819817,-0.4460755860231715,12.285346806424007,0.0,19.140283872546217,MEDIUM,LOW,HIGH,CRITICAL,MEDIUM,CRITICAL,CRITICAL
39.087628552108896,2.6350434312964253,-1.6788453460536077,634.3674640699198,22.827048190588435,LOW,LOW,LOW,LOW,MEDIUM,LOW,MEDIUM
30.519269689432583,4.520658769064467,1.5651398284834948,232.17145623278216,6.123539346884317,LOW,LOW,LOW,LOW,LOW,LOW,LOW
62.22283212999497,30.009682659207517,3.7312853491997453,18.805774673320336,32.301539970170424,MEDIUM,CRITICAL,LOW,CRITICAL,HIGH,CRITICAL,CRITICAL
42.186044998625825,0.5468212910290489,-0.2158506402589345,426.6018882588649,9.989355343162451,LOW,LOW,LOW,LOW,LOW,LOW,LOW
43.01361622584995,0.33919091610457375,-10.08175388247626,353.00732925283546,0.9007050052085774,LOW,LOW,HIGH,LOW,LOW,HIGH,HIGH
26.68574143501694,-4.014875988042586,-2.6630738232315565,432.77880386848756,2.5709722440426392,LOW,LOW,LOW,LOW,LOW,LOW,LOW
40.780660281276255,1.1661249256553086,3.8190629590011276,355.7572510304689,17.1812266465488,LOW,LOW,LOW,LOW,MEDIUM,LOW,MEDIUM
56.4689939645337,-6.299519949850938,-0.9772681545585956,621.5004976503911,19.691274696384507,MEDIUM,MEDIUM,LOW,LOW,MEDIUM,HIGH,HIGH
57.7640539166367,6.033692514499634,-2.9152919620072866,259.78876402385083,39.254362322166884,MEDIUM,MEDIUM,LOW,LOW,HIGH,HIGH,HIGH
30.458513350675197,-1.0811692704979807,12.386782055088213,67.51585830946505,4.837158710823942,LOW,LOW,HIGH,MEDIUM,LOW,HIGH,HIGH
23.80963271261053,-7.618098078274585,1.4176490468434506,72.35988496716912,6.975481109880718,LOW,MEDIUM,LOW,MEDIUM,LOW,HIGH,HIGH
54.26430997626976,4.889381025871898,-1.535774488253836,325.67659872637364,6.38768942106286,MEDIUM,LOW,LOW,LOW,LOW,MEDIUM,MEDIUM
47.71366012837538,-8.439631345077865,-1.1317799014574366,450.69348215697465,9.728226658617649,LOW,MEDIUM,LOW,LOW,LOW,MEDIUM,MEDIUM
49.409957134937414,-27.59009794583798,2.715791434781743,28.454847668955896,29.8246549015726,LOW,CRITICAL,LOW,HIGH,MEDIUM,CRITICAL,CRITICAL
33.59711517388652,-3.4677009573777378,2.7739832824184,137.51027234042505,5.840154040467642,LOW,LOW,LOW,LOW,LOW,LOW,LOW
58.703948984732655,-4.774093293119551,-1.9686387930728344,8.536610157522432,14.880430396891267,MEDIUM,LOW,LOW,CRITICAL,LOW,CRITICAL,CRITICAL
47.82660120631135,2.3122823912320354,-6.560390487633213,0.0,36.86006563232705,LOW,LOW,MEDIUM,CRITICAL,HIGH,CRITICAL,CRITICAL
51.1842089721525,-2.4644006129571348,3.398087947976496,193.98811928114364,8.304932501390471,MEDIUM,LOW,LOW,LOW,LOW,MEDIUM,MEDIUM
65.60270571902953,7.1499381934255695,4.53618777312264,45.38484965146642,9.783844494160682,MEDIUM,MEDIUM,LOW,HIGH,LOW,HIGH,HIGH
46.031250851453585,-4.442454106661366,-1.9515104027295134,498.58138714060885,9.21346374787442,LOW,LOW,LOW,LOW,LOW,LOW,LOW
36.83140602264313,1.97234560819175,-2.316744564587721,498.1115731789444,8.718287550593448,LOW,LOW,LOW,LOW,LOW,LOW,LOW
51.535246678867544,0.6392704909085982,-3.2051730025344924,399.138182808281,8.901608871951899,MEDIUM,LOW,LOW,LOW,LOW,MEDIUM,MEDIUM
68.08270935704016,3.645049132151294,-2.093809719337827,582.7666535038288,9.049972818403996,MEDIUM,LOW,LOW,LOW,LOW,MEDIUM,MEDIUM
39.07980437009245,-4.629069241497025,1.194098821374303,715.7386523654302,12.232134916929668,LOW,LOW,LOW,LOW,LOW,LOW,LOW
29.608978758882635,-0.7189300560404834,0.2866565590034052,475.3936702191944,11.90915139565233,LOW,LOW,LOW,LOW,LOW,LOW,LOW
47.543106153274294,-6.926227959868234,2.4672523149543806,592.7817721112297,0.5908949730287617,LOW,MEDIUM,LOW,LOW,LOW,MEDIUM,MEDIUM
44.32221707362257,4.010319257086375,1.455361737170451,412.28619396394436,11.227543195452663,LOW,LOW,LOW,LOW,LOW,LOW,LOW
57.13581433631668,-3.5963885304447905,-1.0524981078417441,348.8155184036568,17.5912827511439,MEDIUM,LOW,LOW,LOW,MEDIUM,MEDIUM,HIGH
57.53954886408415,3.9800703184635573,1.8431553930456042,279.1893611679676,14.21356372088745,MEDIUM,LOW,LOW,LOW,LOW,MEDIUM,MEDIUM
34.9595064132187,-2.948063503141048,5.755052449693449,527.0257593012612,4.976787017816545,LOW,LOW,MEDIUM,LOW,LOW,MEDIUM,MEDIUM
45.654654553193815,0.5593010853042127,7.878626739804383,163.07011922943926,7.574893655577126,LOW,LOW,MEDIUM,LOW,LOW,MEDIUM,MEDIUM
29.10867889376915,3.1253737574777896,-3.7222828310266523,697.9517406279423,3.3879649218286696,LOW,LOW,LOW,LOW,LOW,LOW,LOW
50.89361038521587,-0.09668570543283452,2.0777464927669502,141.19633125020806,22.630029290382218,MEDIUM,LOW,LOW,LOW,MEDIUM,MEDIUM,HIGH
100.0,-5.195989077368222,0.020633220680364734,230.3553676550867,16.30789247187513,CRITICAL,MEDIUM,LOW,LOW,MEDIUM,CRITICAL,CRITICAL
51.0064799078442,-1.1819229381064398,3.6350459204577192,193.94287629424906,0.37805680111360707,MEDIUM,LOW,LOW,LOW,LOW,MEDIUM,MEDIUM
42.21394854872252,-4.451056313284218,3.7933571173167535,209.3192253395747,4.7426908721757215,LOW,LOW,LOW,LOW,LOW,LOW,LOW
49.49280629124241,3.6056083606455376,-7.054895505947972,490.62629437932634,16.671732826448615,LOW,LOW,MEDIUM,LOW,MEDIUM,MEDIUM,HIGH
32.81764304198899,0.8437046478557204,0.46010226537122856,531.5772512839643,16.246996727167456,LOW,LOW,LOW,LOW,MEDIUM,LOW,MEDIUM
44.519717932693936,2.0898564695603827,-1.4075286965618066,332.34462576867145,14.56100196075436,LOW,LOW,LOW,LOW,LOW,LOW,LOW
64.10885356700453,-7.862381469276165,-14.391389063569587,279.3144324705466,34.67911063301824,MEDIUM,MEDIUM,HIGH,LOW,HIGH,HIGH,CRITICAL
45.031776315262086,-0.8587781895473489,-5.024621098029547,341.9819244359381,6.390180111904654,LOW,LOW,MEDIUM,LOW,LOW,MEDIUM,MEDIUM
76.1373060385396,3.3868097805009802,-18.76922116175136,35.83413845388412,25.147213724324654,HIGH,LOW,CRITICAL,HIGH,MEDIUM,CRITICAL,CRITICAL
87.92276494480797,28.19759212703642,0.6163051056321602,156.63294086734365,11.727565860692518,CRITICAL,CRITICAL,LOW,LOW,LOW,CRITICAL,CRITICAL
78.39606805517998,13.146408204988042,7.451970790472826,2.393862933297051,12.750772647760318,HIGH,HIGH,MEDIUM,CRITICAL,LOW,CRITICAL,CRITICAL
79.54016663854736,1.853809671750883,-6.5248933243910985,95.19578452747933,3.7723767025894634,HIGH,LOW,MEDIUM,MEDIUM,LOW,HIGH,HIGH
44.94963569940028,-1.5795759175750477,0.05358051888268669,324.69660057862774,6.926675764484416,LOW,LOW,LOW,LOW,LOW,LOW,LOW
55.55693825626228,-1.4714531747859347,-4.03681260974956,749.3738043555529,12.690368067949091,MEDIUM,LOW,LOW,LOW,LOW,MEDIUM,MEDIUM
32.278996096718735,-2.609197617978252,-2.127578971453142,198.489991760614,14.979593949481924,LOW,LOW,LOW,LOW,LOW,LOW,LOW
60.596434344071724,-1.3664738670812644,1.8652865967331684,606.0065315437388,8.746909949589032,MEDIUM,LOW,LOW,LOW,LOW,MEDIUM,MEDIUM
43.30544286076398,0.28981251924375134,1.7018855663203742,432.80505532098607,10.578128661373993,LOW,LOW,LOW,LOW,LOW,LOW,LOW
63.45726534537528,-5.353322507281854,6.131135539072422,415.6481191775274,9.185830202269154,MEDIUM,MEDIUM,MEDIUM,LOW,LOW,HIGH,HIGH
60.099369473947725,-4.2412391352062455,-2.933322773711539,679.2055415371744,3.8060650144946164,MEDIUM,LOW,LOW,LOW,LOW,MEDIUM,MEDIUM
30.817974900080127,6.440304492758597,4.757133813758572,590.0190498859338,8.115151716395214,LOW,MEDIUM,LOW,LOW,LOW,MEDIUM,MEDIUM
48.86792425942439,1.127326006266029,2.6055468487473523,476.06650453658307,5.180287157926705,LOW,LOW,LOW,LOW,LOW,LOW,LOW
70.32467717179323,-2.42385193579004,-0.5045661995092727,408.8007658775902,3.002224934236431,HIGH,LOW,LOW,LOW,LOW,HIGH,HIGH
42.18601768084741,-1.2413018293145068,3.411425757607058,624.9336575775835,16.31183515702748,LOW,LOW,LOW,LOW,MEDIUM,LOW,MEDIUM
64.76108542398137,-12.941719955219973,-24.963391406909423,406.89828774922614,11.943174053517641,MEDIUM,HIGH,CRITICAL,LOW,LOW,CRITICAL,CRITICAL
60.70764982504495,-0.22434290511469712,4.651923521567366,238.42320728758062,12.502467919052528,MEDIUM,LOW,LOW,LOW,LOW,MEDIUM,MEDIUM
34.237520968733676,-1.2532903680165257,-2.1695450547291784,614.8677797312384,4.3656252744110455,LOW,LOW,LOW,LOW,LOW,LOW,LOW
64.025379172441,3.7472227085322403,4.879772796931325,479.6643497108315,9.537415765641757,MEDIUM,LOW,LOW,LOW,LOW,MEDIUM,MEDIUM
26.565826402921612,6.102364611156068,6.072105166281868,196.5239162655827,17.356871031243646,LOW,MEDIUM,MEDIUM,LOW,MEDIUM,HIGH,HIGH
40.103735607778574,1.7174028546450832,4.643810762970245,323.85884374899445,6.845341458490588,LOW,LOW,LOW,LOW,LOW,LOW,LOW
55.30710459004468,-6.42908481522289,-4.716692874945235,636.4201759582834,4.942295361869296,MEDIUM,MEDIUM,LOW,LOW,LOW,HIGH,HIGH
53.796796955004154,3.004362172014532,0.16554304922845786,322.572050491188,1.3925190210839167,MEDIUM,LOW,LOW,LOW,LOW,MEDIUM,MEDIUM
11.109206131437208,3.9871910645103528,0.49224946610513765,428.76577062553895,24.017960236385434,LOW,LOW,LOW,LOW,MEDIUM,LOW,MEDIUM
43.160173495385706,-3.274099222600261,8.088850251888344,444.77860024766244,2.975043387963827,LOW,LOW,MEDIUM,LOW,LOW,MEDIUM,MEDIUM
27.432484982981446,-1.0031402641458222,7.582009677570003,807.4953907712276,10.707066186149913,LOW,LOW,MEDIUM,LOW,LOW,MEDIUM,MEDIUM
46.77891634585311,-0.7018337401670535,7.562919394376118,477.27059451221663,3.111124607282723,LOW,LOW,MEDIUM,LOW,LOW,MEDIUM,MEDIUM
19.21635065956678,-0.010283454741504232,1.6445827901184065,349.3511867395791,8.44530487779779,LOW,LOW,LOW,LOW,LOW,LOW,LOW
36.39098050388699,0.037160273226778305,2.9036944465936076,618.6697905435263,14.328536816597063,LOW,LOW,LOW,LOW,LOW,LOW,LOW
62.0140665030563,0.2533995005345274,-17.405018894785236,124.17132117146213,5.652904675670221,MEDIUM,LOW,CRITICAL,LOW,LOW,CRITICAL,CRITICAL
45.45403006662929,1.7690293587781691,-3.6887798524571083,204.23132773750478,1.8911984070442391,LOW,LOW,LOW,LOW,LOW,LOW,LOW
40.03253601216268,-0.8489372064621868,0.033097977369281446,210.99769615852247,1.7311613613994927,LOW,LOW,LOW,LOW,LOW,LOW,LOW
62.08048420041972,-0.7267459129018792,2.2059941199830355,614.8271825370466,4.256607409633755,MEDIUM,LOW,LOW,LOW,LOW,MEDIUM,MEDIUM
34.08075198788531,-1.4196854147969344,8.509189654998274,17.82370073518358,3.645685370231082,LOW,LOW,MEDIUM,CRITICAL,LOW,CRITICAL,CRITICAL
73.44906102860892,6.827009418896589,-11.330285963132331,430.0948327614889,12.263312518201964,HIGH,MEDIUM,HIGH,LOW,LOW,CRITICAL,CRITICAL
35.12836785925851,-4.069964251552313,-0.4543877105389933,168.02054718631877,7.398275316995085,LOW,LOW,LOW,LOW,LOW,LOW,LOW
81.3793182145381,12.05712781139782,5.403092294276904,24.29936300798447,29.755075524117146,HIGH,HIGH,MEDIUM,HIGH,MEDIUM,CRITICAL,CRITICAL
49.91728073723976,0.8047562376017712,-0.2622557041189815,221.07949830385712,14.481717037437342,LOW,LOW,LOW,LOW,LOW,LOW,LOW
40.982408511475334,-10.214524062594391,-5.345609693433054,192.11589107946358,16.180714019997108,LOW,HIGH,MEDIUM,LOW,MEDIUM,HIGH,HIGH
55.32162036606403,1.3065278490271726,-1.394806541760499,266.2461505728196,1.3426816029283444,MEDIUM,LOW,LOW,LOW,LOW,MEDIUM,MEDIUM
24.234327836794648,-0.831649240264457,-0.3915696206885453,128.15820965055934,9.78801239774555,LOW,LOW,LOW,LOW,LOW,LOW,LOW
49.19717781453533,-0.6566063392328735,2.7250249264833757,528.0921914605478,4.332879100993287,LOW,LOW,LOW,LOW,LOW,LOW,LOW
65.07374446143113,-4.687683730867461,-2.0579123896706495,206.7281395635578,3.780045717221773,MEDIUM,LOW,LOW,LOW,LOW,MEDIUM,MEDIUM
60.31158470496835,-11.887955051181889,-2.6567790982211372,88.60656290661795,11.854701204058827,MEDIUM,HIGH,LOW,MEDIUM,LOW,HIGH,HIGH
14.670097158779052,2.177290819062945,3.434653756310299,447.73733643039895,4.026528260328634,LOW,LOW,LOW,LOW,LOW,LOW,LOW
41.338566567621875,-0.4039213846373516,-4.487403300001907,326.55354066138517,2.1859032234327263,LOW,LOW,LOW,LOW,LOW,LOW,LOW
52.52552959620424,2.8954290650796537,-8.153034731314689,109.08595222280132,26.231523642616075,MEDIUM,LOW,MEDIUM,LOW,MEDIUM,HIGH,HIGH
7.0799311646926455,-3.336776375495131,-1.2123443084480559,432.85900730866695,1.1920495063581062,LOW,LOW,LOW,LOW,LOW,LOW,LOW
57.32233667759612,14.752294447085065,9.92957761499415,406.29935633336817,27.042563155033733,MEDIUM,HIGH,MEDIUM,LOW,MEDIUM,HIGH,HIGH
47.90482974947239,-0.8393684400362078,0.06363047929556524,354.416405615137,5.823401541203509,LOW,LOW,LOW,LOW,LOW,LOW,LOW
35.31932308415417,-15.10826543666289,-2.7211295598017355,193.95192070418264,33.15185331593778,LOW,CRITICAL,LOW,LOW,HIGH,CRITICAL,CRITICAL
0.07099663800575584,-0.1124972957673376,3.169580157662938,529.0132608851259,3.8693895750465317,LOW,LOW,LOW,LOW,LOW,LOW,LOW
69.58496483480943,-5.5971069628260155,-8.623607160633732,30.35697025501657,28.71008866073833,MEDIUM,MEDIUM,MEDIUM,HIGH,MEDIUM,HIGH,HIGH
77.36907671890935,-8.379634435704501,19.045589417452604,39.273819423970544,18.43623753532563,HIGH,MEDIUM,CRITICAL,HIGH,MEDIUM,CRITICAL,CRITICAL
44.65983711768988,0.3201083533901867,5.606312555997781,451.91774584685606,8.973673741103205,LOW,LOW,MEDIUM,LOW,LOW,MEDIUM,MEDIUM
41.41488440633815,0.39856516613774595,11.748429905610202,59.60735485263237,13.511579800943778,LOW,LOW,HIGH,MEDIUM,LOW,HIGH,HIGH
44.08971850197119,-3.6346091276618337,8.384645104203804,263.83465141856976,2.3310089469709023,LOW,LOW,MEDIUM,LOW,LOW,MEDIUM,MEDIUM
43.59568021394083,3.288193761488301,6.647719081389102,235.03582868411547,10.44338366729276,LOW,LOW,MEDIUM,LOW,LOW,MEDIUM,MEDIUM
60.715523533164145,1.4606425299006773,3.299536150915137,192.85053925809908,4.742023456977039,MEDIUM,LOW,LOW,LOW,LOW,MEDIUM,MEDIUM
65.19720893334045,-2.7569302885413287,1.0699496349353705,450.6559286193575,2.6232628736427523,MEDIUM,LOW,LOW,LOW,LOW,MEDIUM,MEDIUM
62.11444398548112,1.8066498931367754,-1.27804979967614,442.6750123883288,5.36240793499636,MEDIUM,LOW,LOW,LOW,LOW,MEDIUM,MEDIUM
51.181714510959026,6.96129584966852,1.8961181126372262,59.79791616021147,17.551039313898123,MEDIUM,MEDIUM,LOW,MEDIUM,MEDIUM,HIGH,HIGH
26.73492933590274,2.7810769083549896,1.456680252569643,170.14635746690155,2.0619128237203417,LOW,LOW,LOW,LOW,LOW,LOW,LOW
71.62533322515692,-9.05734275765229,-3.901910807710494,79.16623331907408,28.571133750104224,HIGH,MEDIUM,LOW,MEDIUM,MEDIUM,HIGH,HIGH
100.0,-2.5232998702308773,-12.510150445579058,94.01099291266543,44.35664817859816,CRITICAL,LOW,HIGH,MEDIUM,HIGH,CRITICAL,CRITICAL
61.06286396868723,-2.840458018738792,1.0600290769402294,545.6353698934248,14.666635756716566,MEDIUM,LOW,LOW,LOW,LOW,MEDIUM,MEDIUM
61.41859936830851,4.53136884685158,4.421255605973151,358.01037481746255,3.79527739618018,MEDIUM,LOW,LOW,LOW,LOW,MEDIUM,MEDIUM
47.87043381167417,3.8767319494490717,2.934073849884865,412.36356101858263,3.310347978209007,LOW,LOW,LOW,LOW,LOW,LOW,LOW
33.25036864912404,3.1410214382861903,-4.597218309560647,535.6548631581214,9.459869314108786,LOW,LOW,LOW,LOW,LOW,LOW,LOW
33.2796345657458,-2.108640941185611,4.45284130017687,374.988456285441,8.567707383907292,LOW,LOW,LOW,LOW,LOW,LOW,LOW
19.184293115555057,-3.929664961923748,-1.7216588347491375,596.274024274744,14.255360135116906,LOW,LOW,LOW,LOW,LOW,LOW,LOW
69.35792118483214,-0.45048020291651947,2.7276920128695714,492.16143425526184,11.081064352690523,MEDIUM,LOW,LOW,LOW,LOW,MEDIUM,MEDIUM
71.60723652434108,-5.757918940627538,-8.058127263612919,18.544412780686965,4.293001498437252,HIGH,MEDIUM,MEDIUM,CRITICAL,LOW,CRITICAL,CRITICAL
44.48742177698509,8.463083238251938,-2.037380385322835,385.0593210130521,14.30734202263851,LOW,MEDIUM,LOW,LOW,LOW,MEDIUM,MEDIUM
49.204369379488604,-1.1640772689722048,0.9091555313818538,43.48689902793222,3.1595552095625363,LOW,LOW,LOW,HIGH,LOW,HIGH,HIGH
59.56632507573303,-5.61479353898097,3.850429096306609,286.3128452818074,2.1173183429691,MEDIUM,MEDIUM,LOW,LOW,LOW,HIGH,HIGH
53.689479676194544,-1.3908942461238802,4.256735811714481,730.7093027855965,10.862451003193275,MEDIUM,LOW,LOW,LOW,LOW,MEDIUM,MEDIUM
41.64496088703126,-7.4488533057953905,-2.7954647217679747,183.78791494548548,6.373591657628992,LOW,MEDIUM,LOW,LOW,LOW,MEDIUM,MEDIUM
39.438735242885286,0.37646165399692255,1.9376435248088488,136.7287891144966,10.592085334886242,LOW,LOW,LOW,LOW,LOW,LOW,LOW
63.104554869483735,0.5433669924324499,0.5574048315957137,236.00061412455744,4.1963815594877465,MEDIUM,LOW,LOW,LOW,LOW,MEDIUM,MEDIUM
57.70083508156266,3.1485961995861476,3.6083049777270575,232.7216161442812,13.141911426792811,MEDIUM,LOW,LOW,LOW,LOW,MEDIUM,MEDIUM
96.78582929894796,-5.232092186866071,4.439750566568963,0.3622414801078219,11.855929045804693,CRITICAL,MEDIUM,LOW,CRITICAL,LOW,CRITICAL,CRITICAL
63.132617336691894,-3.306163950001171,-9.647260520725963,74.07568997327594,35.6604122891224,MEDIUM,LOW,MEDIUM,MEDIUM,HIGH,HIGH,HIGH
46.987621452632716,-7.243198313278723,-1.764095282094435,396.0259168486657,10.247806380892055,LOW,MEDIUM,LOW,LOW,LOW,MEDIUM,MEDIUM
41.93539187099751,-7.319615444653581,0.9206612880287983,259.1727994251719,10.26251280503168,LOW,MEDIUM,LOW,LOW,LOW,MEDIUM,MEDIUM
40.017034257871,5.704937032319059,2.2909012773192887,146.40384586960843,4.265237879619578,LOW,MEDIUM,LOW,LOW,LOW,MEDIUM,MEDIUM
50.59150836414604,-2.2373979192172686,-5.1905021487233025,491.2593254948435,14.889600367571841,MEDIUM,LOW,MEDIUM,LOW,LOW,HIGH,HIGH
33.99806863246553,-3.5598502262285656,-1.10452834592466,154.04701027874754,8.090916316346105,LOW,LOW,LOW,LOW,LOW,LOW,LOW
41.9152213221992,-3.3547629781740524,0.6072388552620485,466.30719608410243,2.9877157958600487,LOW,LOW,LOW,LOW,LOW,LOW,LOW
15.509273805481229,1.7735039284095007,6.890510642818197,0.0,12.349930532035724,LOW,LOW,MEDIUM,CRITICAL,LOW,CRITICAL,CRITICAL
42.60962137865304,1.9571498953992372,-5.91781333235897,204.77384833730554,10.204992772570991,LOW,LOW,MEDIUM,LOW,LOW,MEDIUM,MEDIUM
47.169414506843154,3.4926771695263525,-1.5482121049349105,297.7310615028566,41.13066546646009,LOW,LOW,LOW,LOW,HIGH,LOW,HIGH
94.41573502727506,-8.644333754078469,2.2403755751307157,15.681720733099283,12.835192922769963,CRITICAL,MEDIUM,LOW,CRITICAL,LOW,CRITICAL,CRITICAL
76.3442695101763,5.8500963667921715,-10.317451703657948,49.62711257266349,49.7616449178051,HIGH,MEDIUM,HIGH,HIGH,CRITICAL,CRITICAL,CRITICAL
36.996819939239195,0.1640870249738533,7.132633806334513,610.7879272017057,10.924894750686367,LOW,LOW,MEDIUM,LOW,LOW,MEDIUM,MEDIUM
64.16450024711713,2.042928264543574,-0.5645612777753433,442.5438859987614,3.418214697873548,MEDIUM,LOW,LOW,LOW,LOW,MEDIUM,MEDIUM
77.73840693955408,16.39582624980612,-3.687005861608573,72.02972345451555,38.350852754578035,HIGH,CRITICAL,LOW,MEDIUM,HIGH,CRITICAL,CRITICAL
43.77131556411587,-0.2643137323612372,-1.8594798782940727,276.98732637088307,24.810399291727762,LOW,LOW,LOW,LOW,MEDIUM,LOW,MEDIUM
53.73856306927709,11.432746405671203,-7.617632201608634,50.37682611135482,29.1847152323395,MEDIUM,HIGH,MEDIUM,MEDIUM,MEDIUM,HIGH,HIGH
52.177495976938346,2.1558522906228887,-3.442951953892413,593.757966544115,5.725497913925116,MEDIUM,LOW,LOW,LOW,LOW,MEDIUM,MEDIUM
68.09244634356584,0.9719518772556408,-9.596667064931562,104.60664570100415,38.33978098670077,MEDIUM,LOW,MEDIUM,LOW,HIGH,HIGH,HIGH
65.32339397282757,-4.375503541120947,-1.918108159933305,223.68815291284187,5.88316984012393,MEDIUM,LOW,LOW,LOW,LOW,MEDIUM,MEDIUM
89.79881578782893,3.74094917203078,-5.8946929754053565,14.396638218578211,33.18884934225928,CRITICAL,LOW,MEDIUM,CRITICAL,HIGH,CRITICAL,CRITICAL
75.87630992822778,6.48844497932704,4.678171792529035,50.284297722516754,16.74755651792318,HIGH,MEDIUM,LOW,MEDIUM,MEDIUM,HIGH,HIGH
35.175232670869214,-5.872086595069406,3.932713923996085,352.2302137149214,8.685774630517999,LOW,MEDIUM,LOW,LOW,LOW,MEDIUM,MEDIUM
60.687043735492736,1.3518472664535137,-0.2746794180037639,589.4239954288117,10.87512166962953,MEDIUM,LOW,LOW,LOW,LOW,MEDIUM,MEDIUM
30.249001781015583,15.680792930596962,9.493843804370709,70.79837871518903,29.109594833919388,LOW,CRITICAL,MEDIUM,MEDIUM,MEDIUM,CRITICAL,CRITICAL
29.60348834046172,-2.0307679135335475,-0.6823706591602753,423.3352462373556,11.92668693908625,LOW,LOW,LOW,LOW,LOW,LOW,LOW
91.07112997774733,2.3683362475994336,7.186795316649194,228.22957545731458,28.383625441713008,CRITICAL,LOW,MEDIUM,LOW,MEDIUM,CRITICAL,CRITICAL
28.6386942626663,3.716515450126228,-3.525174934760032,454.75888479509126,10.713635672745488,LOW,LOW,LOW,LOW,LOW,LOW,LOW
27.58133321279463,4.309439239449092,-1.0434832049835605,653.1506731413137,1.439994520707264,LOW,LOW,LOW,LOW,LOW,LOW,LOW
71.45106068877783,4.193459542541692,1.4201906858203737,652.3103316588545,5.660084093930208,HIGH,LOW,LOW,LOW,LOW,HIGH,HIGH
31.47651757044726,-3.072776940021929,-5.491164998985636,259.2924776069589,18.487666491805303,LOW,LOW,MEDIUM,LOW,MEDIUM,MEDIUM,HIGH
59.773194478146564,3.102955168450488,-8.086794580910874,64.83213813671568,19.361290683655316,MEDIUM,LOW,MEDIUM,MEDIUM,MEDIUM,HIGH,HIGH
50.028275193260576,-3.504011560814811,2.904636486302251,346.35196103522645,14.49944499479249,MEDIUM,LOW,LOW,LOW,LOW,MEDIUM,MEDIUM
38.374648433572794,-2.583395953176074,-6.907212810827024,497.8908354026894,0.3245364597271819,LOW,LOW,MEDIUM,LOW,LOW,MEDIUM,MEDIUM
44.91415738642619,-0.7555695050776564,-0.019605907721901718,176.8156899590838,25.197018016509322,LOW,LOW,LOW,LOW,MEDIUM,LOW,MEDIUM
42.95855311977525,-0.7901173498766748,-2.1981783632401792,335.42217630760985,2.044903614863199,LOW,LOW,LOW,LOW,LOW,LOW,LOW
81.4294718219089,16.565658471934892,-6.071569091745575,38.638279497795864,59.1353614537977,HIGH,CRITICAL,MEDIUM,HIGH,CRITICAL,CRITICAL,CRITICAL
69.04106096249356,8.561295311857759,13.30796542948406,52.852994775055116,30.271853490597866,MEDIUM,MEDIUM,HIGH,MEDIUM,HIGH,HIGH,CRITICAL
45.066577839147214,3.582556564652251,-0.14696122226365677,211.0776183795617,6.748896438896015,LOW,LOW,LOW,LOW,LOW,LOW,LOW
81.9057904296022,-12.293908453195698,-15.830063493985485,136.66350150746146,19.434435005282765,HIGH,HIGH,CRITICAL,LOW,MEDIUM,CRITICAL,CRITICAL
62.07352214227086,-8.61549256056828,12.63683661113895,71.55772669647587,23.9221880816067,MEDIUM,MEDIUM,HIGH,MEDIUM,MEDIUM,HIGH,HIGH
65.68366864502524,1.1751467530988906,2.3718032377005183,214.59778342506036,15.469860011082027,MEDIUM,LOW,LOW,LOW,MEDIUM,MEDIUM,HIGH
100.0,2.595496967231742,-0.8011101381279518,27.5259851026945,24.35465654832225,CRITICAL,LOW,LOW,HIGH,MEDIUM,CRITICAL,CRITICAL
58.13257574766615,2.597017999085042,-0.1892555679972574,540.681657804935,5.987705518929082,MEDIUM,LOW,LOW,LOW,LOW,MEDIUM,MEDIUM
62.470661778598654,0.9609225030817905,-0.1117910851131706,499.28190654073074,3.2749563259107624,MEDIUM,LOW,LOW,LOW,LOW,MEDIUM,MEDIUM
57.8152229935274,-13.282977198077338,-14.022198633423436,346.6249300748088,11.86253815480725,MEDIUM,HIGH,HIGH,LOW,LOW,CRITICAL,CRITICAL
72.45702712498161,-0.3323520125980153,-4.812304043025844,262.2735899575928,8.35389006702798,HIGH,LOW,LOW,LOW,LOW,HIGH,HIGH
94.93498632212682,18.27903786576066,-21.32716558427576,96.99280993486569,29.45578233027177,CRITICAL,CRITICAL,CRITICAL,MEDIUM,MEDIUM,CRITICAL,CRITICAL
82.92446454378717,-11.526893537076901,-2.895856655254238,170.20978224697893,17.68532412605746,HIGH,HIGH,LOW,LOW,MEDIUM,CRITICAL,CRITICAL
27.77689062042435,7.355018003648455,6.422760431283374,192.44175783361183,7.783062594403612,LOW,MEDIUM,MEDIUM,LOW,LOW,HIGH,HIGH
100.0,-1.443635377172884,6.439193201128134,171.82613854531596,35.99980247280093,CRITICAL,LOW,MEDIUM,LOW,HIGH,CRITICAL,CRITICAL
89.95797437578707,3.5613412599282785,0.6576727485003064,471.1686803529763,12.088144244070072,CRITICAL,LOW,LOW,LOW,LOW,CRITICAL,CRITICAL
26.183984104087482,-2.662135468034717,3.0329791046191907,34.12324672239477,14.274457918908487,LOW,LOW,LOW,HIGH,LOW,HIGH,HIGH
14.820279514414453,-2.1111493264421566,-1.113421264876779,77.31917016626655,9.917184116751919,LOW,LOW,LOW,MEDIUM,LOW,MEDIUM,MEDIUM
76.03720973687273,-3.451750506063858,6.95497497581765,16.848933035035365,11.209394286457403,HIGH,LOW,MEDIUM,CRITICAL,LOW,CRITICAL,CRITICAL
46.2388577531312,-0.5193453033976134,-3.217071685797669,379.70731457679307,8.335905262256134,LOW,LOW,LOW,LOW,LOW,LOW,LOW
62.63181018508702,-0.03187209944485647,1.2536482106553941,488.00818090379977,3.6865821110461914,MEDIUM,LOW,LOW,LOW,LOW,MEDIUM,MEDIUM
56.30868097788199,2.031519380274484,-2.8153330322778523,509.38470492921715,1.4222928003206472,MEDIUM,LOW,LOW,LOW,LOW,MEDIUM,MEDIUM
18.970339446108426,-0.7134572421642962,-4.992962333811512,910.3853020216924,15.793559096612537,LOW,LOW,LOW,LOW,MEDIUM,LOW,MEDIUM
21.48341478615337,0.4037878811583241,4.370101658713678,457.8993827551266,16.20483185933007,LOW,LOW,LOW,LOW,MEDIUM,LOW,MEDIUM
24.506300559043336,2.6990319902802167,-1.0425733442205003,377.4193801007827,13.611231933253286,LOW,LOW,LOW,LOW,LOW,LOW,LOW
87.7051438343646,-1.8704381336689098,-2.898696846729219,324.2912050528729,19.246577844847145,CRITICAL,LOW,LOW,LOW,MEDIUM,CRITICAL,CRITICAL
39.50820465936979,-3.905706366766159,0.2701591162797855,356.72031387992826,7.165583561342158,LOW,LOW,LOW,LOW,LOW,LOW,LOW
100.0,-11.766086677375895,-4.70392349745258,6.6725235614725085,11.650342720567382,CRITICAL,HIGH,LOW,CRITICAL,LOW,CRITICAL,CRITICAL
48.59695250612983,4.414507641779148,-10.103326743218433,438.5203801281244,4.884813932813836,LOW,LOW,HIGH,LOW,LOW,HIGH,HIGH
51.906334019765836,4.862027220092318,-4.215163189370181,248.07363759330747,12.500538857806774,MEDIUM,LOW,LOW,LOW,LOW,MEDIUM,MEDIUM
63.84677241559278,10.53410681144471,-9.212749713223344,215.7499671198744,50.67222024384388,MEDIUM,HIGH,MEDIUM,LOW,CRITICAL,HIGH,CRITICAL
76.48874278882634,-2.8248934162723063,0.2750470033791312,539.7529696347153,14.73345060405907,HIGH,LOW,LOW,LOW,LOW,HIGH,HIGH
69.09932441569156,-1.471538223583268,-9.652492749622027,153.75513287642502,22.836958668758093,MEDIUM,LOW,MEDIUM,LOW,MEDIUM,HIGH,HIGH
38.598202936148624,-0.7427183687371356,1.4905545550528,267.33930010365816,1.093646421873762,LOW,LOW,LOW,LOW,LOW,LOW,LOW
89.2910244653791,18.53264753217175,8.226700358606209,256.37048577166075,30.898950661284438,CRITICAL,CRITICAL,MEDIUM,LOW,HIGH,CRITICAL,CRITICAL
49.29417334622826,7.2177958879484985,-0.39378125670699377,591.7414550725035,14.00194401102728,LOW,MEDIUM,LOW,LOW,LOW,MEDIUM,MEDIUM
56.03164929306238,2.304013800051362,7.24349293437797,271.14759461942106,6.5857937042952885,MEDIUM,LOW,MEDIUM,LOW,LOW,HIGH,HIGH
22.7563043823313,-0.022348535872732455,0.13420638727297043,115.45965407333517,1.540783484673566,LOW,LOW,LOW,LOW,LOW,LOW,LOW
83.759150642306,-0.8781903057157651,11.233183734930988,194.7642836401698,20.876444040740072,HIGH,LOW,HIGH,LOW,MEDIUM,CRITICAL,CRITICAL
31.244579568888142,-7.262317159158059,-3.101470338346298,211.16129451967475,3.619364432566869,LOW,MEDIUM,LOW,LOW,LOW,MEDIUM,MEDIUM
50.71903720451968,3.2727021018858977,1.6095646761128217,328.3066926117451,6.421884365101298,MEDIUM,LOW,LOW,LOW,LOW,MEDIUM,MEDIUM
91.862657704608,16.487071782901907,-2.0414169027747047,35.95078484747759,9.375363539751401,CRITICAL,CRITICAL,LOW,HIGH,LOW,CRITICAL,CRITICAL
67.59378282420333,2.0649107851586805,25.752512168083456,26.28357944335579,7.620486994430885,MEDIUM,LOW,CRITICAL,HIGH,LOW,CRITICAL,CRITICAL
56.348911777596484,-0.8191410304229431,5.141947798835942,133.1334186312581,6.779008439222531,MEDIUM,LOW,MEDIUM,LOW,LOW,HIGH,HIGH
82.19252195773966,-14.569234111840546,-10.905521606346875,85.36837619300525,21.115857085437717,HIGH,HIGH,HIGH,MEDIUM,MEDIUM,CRITICAL,CRITICAL
81.9472212526554,-2.738438673988648,3.9498786101186525,51.38625757805072,26.029366181352998,HIGH,LOW,LOW,MEDIUM,MEDIUM,HIGH,HIGH
78.16864425423842,8.129894644549317,-4.286596614673573,348.20084377198873,3.2001726472691114,HIGH,MEDIUM,LOW,LOW,LOW,HIGH,HIGH
40.533965266781536,2.904510085401495,7.565820461076883,404.10564643504364,4.631281701453726,LOW,LOW,MEDIUM,LOW,LOW,MEDIUM,MEDIUM
42.153726641104754,-0.18324417727232117,-0.2531810354631945,450.9454517289783,0.5776135990814099,LOW,LOW,LOW,LOW,LOW,LOW,LOW
54.81962989236755,-1.5867847198608274,-0.05988167212381638,139.31689232804771,8.168064287215138,MEDIUM,LOW,LOW,LOW,LOW,MEDIUM,MEDIUM
52.22242980850687,-1.383618888816015,-0.1981840711820839,582.8992354580622,19.88555604550855,MEDIUM,LOW,LOW,LOW,MEDIUM,MEDIUM,HIGH
57.72475829556908,-0.3091580005975302,-0.7539072755779657,92.80409291906079,19.005462030130072,MEDIUM,LOW,LOW,MEDIUM,MEDIUM,HIGH,HIGH
42.45160197498606,-2.7015859478954525,5.205947777023979,312.75032128548,4.316279911207735,LOW,LOW,MEDIUM,LOW,LOW,MEDIUM,MEDIUM
76.91877112135884,-2.979491141105096,-4.718069826562047,373.8156237239362,0.7810921001475425,HIGH,LOW,LOW,LOW,LOW,HIGH,HIGH
45.50474937803297,1.5276866800120394,-2.8721323286890965,242.0500677323514,6.4708050765297696,LOW,LOW,LOW,LOW,LOW,LOW,LOW
54.662014417750484,3.6462989523732525,-0.3516662000565373,110.89863002997724,15.458132621550355,MEDIUM,LOW,LOW,LOW,MEDIUM,MEDIUM,HIGH
80.76911542677547,8.127394084849755,-3.7788668630185276,20.00283675936547,60.0,HIGH,MEDIUM,LOW,HIGH,CRITICAL,CRITICAL,CRITICAL
28.708354705115624,-2.025146527144298,2.490409352691283,574.2546346139021,4.60051946998963,LOW,LOW,LOW,LOW,LOW,LOW,LOW
67.99419938645825,-1.1334599463148292,12.124450202283983,72.74813979493723,27.0814242537624,MEDIUM,LOW,HIGH,MEDIUM,MEDIUM,HIGH,HIGH
67.68352365998398,-0.14776474586999327,-10.965957717909507,419.87869848639315,6.196066324041735,MEDIUM,LOW,HIGH,LOW,LOW,HIGH,HIGH
17.56358379118175,-4.499513221564986,-2.736834299296366,225.3891555105707,7.100159118344692,LOW,LOW,LOW,LOW,LOW,LOW,LOW
27.000066298595353,-2.044791194245539,1.771013285236418,357.5452472429526,6.848253779084446,LOW,LOW,LOW,LOW,LOW,LOW,LOW
74.06076361769077,2.0239722662719486,1.226965237504378,425.1359656249292,5.4437489056825346,HIGH,LOW,LOW,LOW,LOW,HIGH,HIGH
73.01280172621722,3.113288485027785,1.9273356258620176,67.05309683739722,21.400356022875044,HIGH,LOW,LOW,MEDIUM,MEDIUM,HIGH,HIGH
34.86432704761962,2.7763869872470277,-2.3806759963007167,297.54685495719923,2.525860929094943,LOW,LOW,LOW,LOW,LOW,LOW,LOW
52.37336879103881,-1.314347121194082,2.944489329506502,0.0,18.298174843799742,MEDIUM,LOW,LOW,CRITICAL,MEDIUM,CRITICAL,CRITICAL
27.415762546455706,-6.994852149674888,-1.2315838601537878,474.9236156709335,18.158821262238657,LOW,MEDIUM,LOW,LOW,MEDIUM,MEDIUM,HIGH
36.79068175191941,-1.6521939553393015,5.285299445519893,356.44956999457884,18.67225960060443,LOW,LOW,MEDIUM,LOW,MEDIUM,MEDIUM,HIGH
29.793093885454155,-2.8940204362480304,-1.2048765762127305,288.99302635715424,8.224349405095474,LOW,LOW,LOW,LOW,LOW,LOW,LOW
55.547344746294264,-3.0369707277060956,0.04463564649428713,272.9506788532551,3.4636488044050875,MEDIUM,LOW,LOW,LOW,LOW,MEDIUM,MEDIUM
39.3839932800164,-0.6489941598339818,-3.1339525133834965,191.1324884941676,13.105234978116748,LOW,LOW,LOW,LOW,LOW,LOW,LOW
55.50236970267717,13.211362214497502,-3.405021153860522,41.5730650067986,14.079207232054765,MEDIUM,HIGH,LOW,HIGH,LOW,CRITICAL,CRITICAL
56.07905508569651,20.22595238332729,-13.321915723744032,27.04132137744776,10.029248021331812,MEDIUM,CRITICAL,HIGH,HIGH,LOW,CRITICAL,CRITICAL
64.76075876909732,7.415194244099184,2.299323000194562,464.0657327652518,4.735427320472102,MEDIUM,MEDIUM,LOW,LOW,LOW,HIGH,HIGH
64.67240009272123,27.825478254327145,1.4165936002772923,18.005519113441274,8.236627951796688,MEDIUM,CRITICAL,LOW,CRITICAL,LOW,CRITICAL,CRITICAL
68.86412037831157,-2.6413250512004653,1.9699339389784898,265.27883390320756,4.20251158651495,MEDIUM,LOW,LOW,LOW,LOW,MEDIUM,MEDIUM
16.34618728078424,-5.913789681083324,3.862719825104192,72.51808906612374,3.110919152041132,LOW,MEDIUM,LOW,MEDIUM,LOW,HIGH,HIGH
63.292994039223885,-3.617580491818482,-4.413170971298506,394.72323580363246,2.672226527568988,MEDIUM,LOW,LOW,LOW,LOW,MEDIUM,MEDIUM
34.39333378060186,5.714607122515579,13.50653563450912,219.71387638213258,11.539621124063853,LOW,MEDIUM,HIGH,LOW,LOW,HIGH,HIGH
51.7266117767365,-14.24143517001578,11.899756539129626,47.55739383531834,31.772777684973256,MEDIUM,HIGH,HIGH,HIGH,HIGH,CRITICAL,CRITICAL
49.44875755726204,1.7062716471347104,2.7810700010089473,552.9106022177725,3.791104781843295,LOW,LOW,LOW,LOW,LOW,LOW,LOW
43.28744598359279,-0.20650980808666874,-0.4552422092775659,44.343447596535654,13.097831251580898,LOW,LOW,LOW,HIGH,LOW,HIGH,HIGH
40.38944520454153,4.975767699864498,1.3120388719336205,411.1153906874587,2.2557785680344478,LOW,LOW,LOW,LOW,LOW,LOW,LOW
29.338710962642388,1.7925549096268305,1.683052790766853,517.4130426744016,1.0869283304498487,LOW,LOW,LOW,LOW,LOW,LOW,LOW
75.77233187101845,-0.037600162085391194,-6.221227582530046,1.7011052738261787,14.203146184206103,HIGH,LOW,MEDIUM,CRITICAL,LOW,CRITICAL,CRITICAL
28.82453754307702,1.9306601041652263,-2.6725967660669445,524.3740318101053,6.055895196101528,LOW,LOW,LOW,LOW,LOW,LOW,LOW
29.123242658684433,-3.0034616684922004,-5.526596439172146,418.5163570301287,10.469607096643731,LOW,LOW,MEDIUM,LOW,LOW,MEDIUM,MEDIUM
52.62400982195023,6.650824064013986,5.03618001625562,190.31073409468618,15.109469177145398,MEDIUM,MEDIUM,MEDIUM,LOW,MEDIUM,HIGH,HIGH
67.87954938111888,-3.9071057913328877,6.192310219323453,290.9536451326029,13.308443423423386,MEDIUM,LOW,MEDIUM,LOW,LOW,HIGH,HIGH
20.028164978508556,5.3711812616868215,-1.1331718376708484,582.4395312316929,2.118294866043082,LOW,MEDIUM,LOW,LOW,LOW,MEDIUM,MEDIUM
61.23937381503316,5.980805097715192,-6.268799745708684,514.3519644984902,10.329629246603817,MEDIUM,MEDIUM,MEDIUM,LOW,LOW,HIGH,HIGH
47.919428668761164,-0.6775268938343072,-1.572345535170721,364.3812715333487,2.420259743802578,LOW,LOW,LOW,LOW,LOW,LOW,LOW
68.44002757846025,1.9128957606504935,-1.35099613080774,206.3265390985461,3.7328274201039333,MEDIUM,LOW,LOW,LOW,LOW,MEDIUM,MEDIUM
65.04118214363831,-21.06049530322812,3.525216971753281,124.44380927049387,37.6498060115401,MEDIUM,CRITICAL,LOW,LOW,HIGH,CRITICAL,CRITICAL
70.70489348680911,-17.59475220243312,-9.329011706390304,27.886045745880566,18.185823883144053,HIGH,CRITICAL,MEDIUM,HIGH,MEDIUM,CRITICAL,CRITICAL
37.525155405863806,2.6960988433192505,-7.051264888704866,61.74079055398376,3.997846344714368,LOW,LOW,MEDIUM,MEDIUM,LOW,HIGH,HIGH
40.07170122314554,-0.4333393894771764,5.835919267327355,398.4962213698822,11.326052050926773,LOW,LOW,MEDIUM,LOW,LOW,MEDIUM,MEDIUM
49.11804281374923,-0.5071854964828235,5.894015420119679,362.8893792081,0.7222837914474818,LOW,LOW,MEDIUM,LOW,LOW,MEDIUM,MEDIUM
53.32243921428882,5.923119444540939,-6.852558934492102,96.8123203014684,60.0,MEDIUM,MEDIUM,MEDIUM,MEDIUM,CRITICAL,HIGH,CRITICAL
23.89183350743715,-1.2742666722433302,-0.13725332299923598,542.5445027131294,12.128419933010722,LOW,LOW,LOW,LOW,LOW,LOW,LOW
59.37499072027712,-5.1302267720211505,3.242379892594369,247.59712644390356,16.17198447220605,MEDIUM,MEDIUM,LOW,LOW,MEDIUM,HIGH,HIGH
50.0183645180682,5.105189558130428,-3.2610624974383238,152.7606920402094,11.239188628063525,MEDIUM,MEDIUM,LOW,LOW,LOW,HIGH,HIGH
55.413165644178385,-5.794123768134801,-5.222049750331887,158.71395040497816,5.09435616236325,MEDIUM,MEDIUM,MEDIUM,LOW,LOW,HIGH,HIGH
24.95502166176832,-0.571777458155326,3.3039082257480286,112.04786205254102,4.2632342105638354,LOW,LOW,LOW,LOW,LOW,LOW,LOW
39.89595483068745,7.786793849462248,-0.19669652010836183,411.6555781513268,2.9669594294732446,LOW,MEDIUM,LOW,LOW,LOW,MEDIUM,MEDIUM
77.45212280550213,-0.33351155835963325,-3.2087818216124253,525.8437880149711,8.684306002786998,HIGH,LOW,LOW,LOW,LOW,HIGH,HIGH
53.294147837971586,-2.5729937248502686,-3.0643218245877186,240.35550400563864,1.7001222188208975,MEDIUM,LOW,LOW,LOW,LOW,MEDIUM,MEDIUM
21.14354612221054,-5.439599412496786,6.851286879464365,459.8984485935238,7.6169653980603025,LOW,MEDIUM,MEDIUM,LOW,LOW,HIGH,HIGH
41.32402369435109,-4.408367822370235,0.5749497512834272,274.7917666143114,11.53318189249551,LOW,LOW,LOW,LOW,LOW,LOW,LOW
44.71270364397988,-9.025655593400048,2.3127932311483446,129.25155108383237,4.890836946910189,LOW,MEDIUM,LOW,LOW,LOW,MEDIUM,MEDIUM
19.970558602488214,-1.7805620505253668,-1.9537843653546036,191.8879140789258,3.8441107717097154,LOW,LOW,LOW,LOW,LOW,LOW,LOW
45.20753584833592,0.24823305882158528,2.592986173469633,381.3562416246328,5.19763841881498,LOW,LOW,LOW,LOW,LOW,LOW,LOW
58.173083481549675,3.356991381562381,5.152841884264333,500.86644144148886,8.874796380633063,MEDIUM,LOW,MEDIUM,LOW,LOW,HIGH,HIGH
67.1982305224774,6.441740082934377,-2.001527428554525,69.89147362978721,12.644289429982196,MEDIUM,MEDIUM,LOW,MEDIUM,LOW,HIGH,HIGH
44.44173212004339,3.4787270576816587,-3.372801057154656,398.39115024052063,5.865682318762792,LOW,LOW,LOW,LOW,LOW,LOW,LOW
43.548758920044676,-1.7136869200001432,1.0456180101888426,275.38708085582294,16.488411217226496,LOW,LOW,LOW,LOW,MEDIUM,LOW,MEDIUM
30.39200769460115,-6.793519438580261,-1.1556880502509945,625.2535022247262,5.788667473450521,LOW,MEDIUM,LOW,LOW,LOW,MEDIUM,MEDIUM
56.76255260586714,0.1154899206978713,-3.519481618840368,205.93868623352907,21.049212368174818,MEDIUM,LOW,LOW,LOW,MEDIUM,MEDIUM,HIGH
66.53515655699695,-6.383431919866103,5.479218180770369,486.15461864944007,11.661169684809389,MEDIUM,MEDIUM,MEDIUM,LOW,LOW,HIGH,HIGH
32.45492250503059,3.3168943425484483,2.0822431833754793,342.887022398319,2.8127255503853927,LOW,LOW,LOW,LOW,LOW,LOW,LOW
34.13340359845086,2.4751532405445036,0.3235776999268605,68.21483078345143,13.91840284758182,LOW,LOW,LOW,MEDIUM,LOW,MEDIUM,MEDIUM
98.69245134890292,23.735088918519097,4.921818812563128,56.24074729648094,9.697376664102627,CRITICAL,CRITICAL,LOW,MEDIUM,LOW,CRITICAL,CRITICAL
49.05695263095835,0.08792621057440972,1.1246605715784677,333.6655836789579,9.058621875990676,LOW,LOW,LOW,LOW,LOW,LOW,LOW
66.71057841909635,7.218600210996008,-19.776684040784602,89.84009475450304,30.91129798006369,MEDIUM,MEDIUM,CRITICAL,MEDIUM,HIGH,CRITICAL,CRITICAL
98.8555619508193,-1.3918000504212293,10.282884698211955,25.523524869792976,17.099747540935034,CRITICAL,LOW,HIGH,HIGH,MEDIUM,CRITICAL,CRITICAL
28.003872403617645,0.7858750041170428,-3.6310267498974684,231.99104476769824,4.680212836829318,LOW,LOW,LOW,LOW,LOW,LOW,LOW
61.574186884148595,16.257111824158287,-10.532358162198726,273.6311266338255,24.279253050094887,MEDIUM,CRITICAL,HIGH,LOW,MEDIUM,CRITICAL,CRITICAL
32.15838521015355,0.3603339101604281,0.67489030938351,391.4325451212596,7.82264604952549,LOW,LOW,LOW,LOW,LOW,LOW,LOW
81.20296777069397,-33.46780927028339,4.793389706353287,63.24097504791026,31.66730332797568,HIGH,CRITICAL,LOW,MEDIUM,HIGH,CRITICAL,CRITICAL
47.793786898518995,-8.623562956905507,1.0647373245498846,207.06834853823716,28.035173628452085,LOW,MEDIUM,LOW,LOW,MEDIUM,MEDIUM,HIGH
46.47656435886875,-0.9039328134089931,1.7368287114475436,529.2988620770781,23.49283934483484,LOW,LOW,LOW,LOW,MEDIUM,LOW,MEDIUM
53.683695356593496,7.509792143837849,-3.0740038131989755,229.10411813552858,7.623012614518662,MEDIUM,MEDIUM,LOW,LOW,LOW,HIGH,HIGH
38.07730297117637,1.5390021350672136,9.418845590976368,244.66275855735176,8.247833515241972,LOW,LOW,MEDIUM,LOW,LOW,MEDIUM,MEDIUM
30.82679248313977,8.566791989455279,7.292165002423645,418.1344754441396,11.845987720252335,LOW,MEDIUM,MEDIUM,LOW,LOW,HIGH,HIGH
47.69499058307381,3.8112751088938195,-4.590650511790995,416.38839420475904,13.083634183450506,LOW,LOW,LOW,LOW,LOW,LOW,LOW
38.649337646463955,1.916107485318483,-3.814979134044097,143.60930328854744,15.117790295521214,LOW,LOW,LOW,LOW,MEDIUM,LOW,MEDIUM
38.57357347866635,-5.132341745505769,-1.7247188813982908,265.67402286825575,10.382500673843913,LOW,MEDIUM,LOW,LOW,LOW,MEDIUM,MEDIUM
43.42497745643818,1.2408325449806537,-0.4952613703824135,235.19316204101005,28.592800403968354,LOW,LOW,LOW,LOW,MEDIUM,LOW,MEDIUM
23.43681327833388,-1.9221737024271028,2.305424070455235,0.0,21.825130303955753,LOW,LOW,LOW,CRITICAL,MEDIUM,CRITICAL,CRITICAL
78.07018848186227,8.351583298862648,19.873378714564286,326.6109070493951,36.068948920974975,HIGH,MEDIUM,CRITICAL,LOW,HIGH,CRITICAL,CRITICAL
70.79175538320509,19.635644311088164,14.995139198845436,8.844870174403948,4.065189278669976,HIGH,CRITICAL,HIGH,CRITICAL,LOW,CRITICAL,CRITICAL
87.64505434314044,11.021747324415323,2.545967355480145,61.16909313099127,22.132417349460567,CRITICAL,HIGH,LOW,MEDIUM,MEDIUM,CRITICAL,CRITICAL
47.476493272398386,2.4210042347637355,-3.472700077090662,344.8972840292729,4.0663063491586335,LOW,LOW,LOW,LOW,LOW,LOW,LOW
68.52800908063989,-1.6765351743556187,-4.949019931498511,322.7451077624432,3.801454578793433,MEDIUM,LOW,LOW,LOW,LOW,MEDIUM,MEDIUM
24.92487262017091,7.1692853239697865,5.62279604790714,324.1843957576706,4.088946109786166,LOW,MEDIUM,MEDIUM,LOW,LOW,HIGH,HIGH
87.07569950103476,-27.03167041013716,-11.720132343688256,159.71316828592623,4.504781933317897,CRITICAL,CRITICAL,HIGH,LOW,LOW,CRITICAL,CRITICAL
46.68506923098565,9.567493557829136,4.347662471156003,182.3915869718118,2.2107491148921583,LOW,MEDIUM,LOW,LOW,LOW,MEDIUM,MEDIUM
85.60031911463251,3.6484591084226365,1.2603609338782988,350.4088286657929,7.108729117065766,CRITICAL,LOW,LOW,LOW,LOW,CRITICAL,CRITICAL
46.06847096188522,-3.6165553724059203,-2.154105814273915,622.73175081984,6.601176239869144,LOW,LOW,LOW,LOW,LOW,LOW,LOW
100.0,-11.704691615384757,-17.92294278151161,43.04685513478102,11.619284052748057,CRITICAL,HIGH,CRITICAL,HIGH,LOW,CRITICAL,CRITICAL
49.729644401558865,2.331143416128479,8.056777289418063,143.01540538985003,6.021941751591278,LOW,LOW,MEDIUM,LOW,LOW,MEDIUM,MEDIUM
49.12396171605131,0.8177806820926963,-1.2907058599998609,376.7355828154709,2.3271458743457094,LOW,LOW,LOW,LOW,LOW,LOW,LOW
56.39869264764725,2.386055259087751,-2.6315434027494775,565.2757202049766,21.77899683063512,MEDIUM,LOW,LOW,LOW,MEDIUM,MEDIUM,HIGH
40.13891724297327,-6.164132276401852,5.620222342411574,596.7252780028956,3.9705039357156355,LOW,MEDIUM,MEDIUM,LOW,LOW,HIGH,HIGH
58.817835567368405,7.62073964089436,-2.678681838948257,465.31595163730844,6.957048819007374,MEDIUM,MEDIUM,LOW,LOW,LOW,HIGH,HIGH
56.79180821397369,7.190179378743947,-1.8551890785995173,422.90532879995476,2.890645821877717,MEDIUM,MEDIUM,LOW,LOW,LOW,HIGH,HIGH
57.65983878178795,4.82753156370743,0.4780515416268125,487.30924620546455,11.012504107349015,MEDIUM,LOW,LOW,LOW,LOW,MEDIUM,MEDIUM
68.16195824362349,1.6220506237879984,2.094187938549542,2.4723218268750133,16.88360580292954,MEDIUM,LOW,LOW,CRITICAL,MEDIUM,CRITICAL,CRITICAL
39.30403312449241,4.306658606009086,0.7016545673056455,412.4719289960499,1.5752255559374226,LOW,LOW,LOW,LOW,LOW,LOW,LOW
82.62224997294702,-14.512910319294496,9.003294101921703,195.30744920584243,60.0,HIGH,HIGH,MEDIUM,LOW,CRITICAL,CRITICAL,CRITICAL
33.79390924468683,8.691307251765686,14.592778037234204,278.7610025839554,30.825290648359793,LOW,MEDIUM,HIGH,LOW,HIGH,HIGH,CRITICAL
58.02263219333841,-1.1923364132726355,-2.0675305443364813,145.48863742540792,6.212941921437968,MEDIUM,LOW,LOW,LOW,LOW,MEDIUM,MEDIUM
55.757549619199345,-2.2574416987361334,-5.991434699117868,252.96008107370318,3.481524757065601,MEDIUM,LOW,MEDIUM,LOW,LOW,HIGH,HIGH
60.42718513785166,5.756321444504051,0.664975179917166,361.53831896872373,0.9579773062264673,MEDIUM,MEDIUM,LOW,LOW,LOW,HIGH,HIGH
90.50967952181675,9.709247299155686,-17.06490392910992,21.009773034862473,31.484189073815525,CRITICAL,MEDIUM,CRITICAL,HIGH,HIGH,CRITICAL,CRITICAL
31.73945438692679,2.7759329613081483,-3.8896149584424853,734.0562088427415,8.046613319645164,LOW,LOW,LOW,LOW,LOW,LOW,LOW
26.650394283202445,-0.2993430626931922,-3.6578479658848884,250.68632376472345,8.01803387163772,LOW,LOW,LOW,LOW,LOW,LOW,LOW
52.48887728372496,-2.0875336548201773,-4.556226664558841,314.84697563668425,5.665704398702413,MEDIUM,LOW,LOW,LOW,LOW,MEDIUM,MEDIUM
36.1163343356398,-4.148778791067394,-1.6534011870418126,570.8888317262165,0.5221601662365737,LOW,LOW,LOW,LOW,LOW,LOW,LOW
24.95595545172969,6.503911840025594,3.4703179100250883,607.4310938513803,9.973281024510998,LOW,MEDIUM,LOW,LOW,LOW,MEDIUM,MEDIUM
13.594538248048494,2.808201935440063,6.7406685281912395,390.92207564808524,4.00093109779239,LOW,LOW,MEDIUM,LOW,LOW,MEDIUM,MEDIUM
58.59421680264031,-1.2473082114982132,-1.310430104368447,412.269860236412,6.573576152549112,MEDIUM,LOW,LOW,LOW,LOW,MEDIUM,MEDIUM
58.33976860994029,0.08875975442675067,5.453223203753112,488.43231152110195,6.2594790020450315,MEDIUM,LOW,MEDIUM,LOW,LOW,HIGH,HIGH
33.6851304218039,-5.299143641596901,1.8525539199001595,285.8657628082289,11.392749016781751,LOW,MEDIUM,LOW,LOW,LOW,MEDIUM,MEDIUM
34.936284334728434,0.34021288329395066,1.1726222239987745,166.44742147849965,12.40422199727002,LOW,LOW,LOW,LOW,LOW,LOW,LOW
57.78613316697295,1.5701912609496238,0.9543367517224194,537.7157737207295,19.807018201539915,MEDIUM,LOW,LOW,LOW,MEDIUM,MEDIUM,HIGH
26.213832232716832,-0.2912273316804747,-6.426873336885331,334.4961365889805,4.551242449921323,LOW,LOW,MEDIUM,LOW,LOW,MEDIUM,MEDIUM
95.27623962832484,-14.57658699244012,7.930177606541179,4.053990240019842,43.484324256460425,CRITICAL,HIGH,MEDIUM,CRITICAL,HIGH,CRITICAL,CRITICAL
43.151370917232995,-1.6060525316116225,-6.303554114230042,153.02530149318608,10.296778688221217,LOW,LOW,MEDIUM,LOW,LOW,MEDIUM,MEDIUM
61.793491754716385,-1.9129304314337139,1.1634847625763436,232.90244071251746,14.598383165328695,MEDIUM,LOW,LOW,LOW,LOW,MEDIUM,MEDIUM
35.16373109041291,2.0225242050124512,0.7700197480746971,469.59204482522904,17.551123100085398,LOW,LOW,LOW,LOW,MEDIUM,LOW,MEDIUM
36.12534539604717,-0.02894925379814246,-1.2889646153428833,113.73051191251577,6.876923792903089,LOW,LOW,LOW,LOW,LOW,LOW,LOW
63.97373842458453,-1.5231834153425403,2.9777818929325615,487.084913382928,10.201674267004782,MEDIUM,LOW,LOW,LOW,LOW,MEDIUM,MEDIUM
43.04377759774332,-0.987293321906229,-4.80257492928438,0.0,13.484257141639374,LOW,LOW,LOW,CRITICAL,LOW,CRITICAL,CRITICAL
79.37798831854006,0.07309981479179314,-7.096032201628452,6.15161313817877,36.829161282856305,HIGH,LOW,MEDIUM,CRITICAL,HIGH,CRITICAL,CRITICAL
41.528216775185186,-4.1467492551993175,4.321762784451551,363.08361091077114,4.337192203353745,LOW,LOW,LOW,LOW,LOW,LOW,LOW
71.19116277441293,-5.39073919978993,0.5196756176451187,382.29164705248024,11.765502961954189,HIGH,MEDIUM,LOW,LOW,LOW,HIGH,HIGH
32.79960095326663,-0.15017983169596638,6.73527105332482,385.06957228092233,2.676226569178251,LOW,LOW,MEDIUM,LOW,LOW,MEDIUM,MEDIUM
60.7491539928752,0.19864542283286954,-0.44766674079681856,521.1902352466637,15.197010366681274,MEDIUM,LOW,LOW,LOW,MEDIUM,MEDIUM,HIGH
1.3267512101902668,0.5760468266777058,1.7365680960372707,395.1658695987077,0.9879758740649645,LOW,LOW,LOW,LOW,LOW,LOW,LOW
61.50642663385296,7.216476367857615,-3.321048602880207,15.637139869954906,12.073314793627352,MEDIUM,MEDIUM,LOW,CRITICAL,LOW,CRITICAL,CRITICAL
41.28582695337823,-0.11056519041419244,-2.7701798247557607,345.46165154045434,6.510570282572601,LOW,LOW,LOW,LOW,LOW,LOW,LOW
33.19758553897444,-0.8940282411860411,-0.07790586120538201,2.693192727305216,6.502317499539946,LOW,LOW,LOW,CRITICAL,LOW,CRITICAL,CRITICAL
24.834892917826625,-2.007196105735149,-3.028943395552959,39.709798819562614,17.012817533571965,LOW,LOW,LOW,HIGH,MEDIUM,HIGH,HIGH
36.855364398419816,1.1778183892078882,-3.464137780893568,400.17423574341154,3.733497754998302,LOW,LOW,LOW,LOW,LOW,LOW,LOW
36.64898231512846,4.419105472223273,8.086859944617048,192.99066287562857,6.355696550950826,LOW,LOW,MEDIUM,LOW,LOW,MEDIUM,MEDIUM
49.91458855082131,0.22950221522792513,2.4323704958682755,367.5385316561585,0.6572085598492395,LOW,LOW,LOW,LOW,LOW,LOW,LOW
43.5380772960866,-13.447049489508258,17.188887091653037,199.4262749160199,20.823877638192005,LOW,HIGH,CRITICAL,LOW,MEDIUM,CRITICAL,CRITICAL
38.19953018593735,-6.040640712276295,2.887280924912221,246.2921807560732,12.826024667608502,LOW,MEDIUM,LOW,LOW,LOW,MEDIUM,MEDIUM
57.839959354598186,-3.165642697510327,-2.491619291253544,262.57482685319184,0.8023628587974827,MEDIUM,LOW,LOW,LOW,LOW,MEDIUM,MEDIUM
52.77769250403983,1.6436839755270842,2.551727840221156,69.82335184370753,4.3295060503565965,MEDIUM,LOW,LOW,MEDIUM,LOW,HIGH,HIGH
69.15944716506435,5.797616542084571,-10.579048956164804,104.40227020066092,17.047420295475156,MEDIUM,MEDIUM,HIGH,LOW,MEDIUM,HIGH,HIGH
80.25538552424233,10.852545607675395,14.444526424741182,54.78034275767764,38.36626662700337,HIGH,HIGH,HIGH,MEDIUM,HIGH,CRITICAL,CRITICAL
59.28974015538662,-0.9721762505789885,5.621714726143717,378.59564116156713,2.732874856804614,MEDIUM,LOW,MEDIUM,LOW,LOW,HIGH,HIGH
71.95415415302016,-0.5673133693770439,14.448013561027814,78.24645603786257,15.6120273251003,HIGH,LOW,HIGH,MEDIUM,MEDIUM,CRITICAL,CRITICAL
17.400116258795514,-1.0642546230480128,-9.943179649144733,244.60611885876693,13.82631129249175,LOW,LOW,MEDIUM,LOW,LOW,MEDIUM,MEDIUM
51.708998373766036,0.509540399307991,-5.247034177901268,349.8054996941008,4.250128547988221,MEDIUM,LOW,MEDIUM,LOW,LOW,HIGH,HIGH
100.0,25.84121848520704,0.6314655602071334,33.94530852469202,24.110445538405397,CRITICAL,CRITICAL,LOW,HIGH,MEDIUM,CRITICAL,CRITICAL
81.5193177978845,-7.34849591891079,10.849795138218983,4.169783936663759,53.95800468407724,HIGH,MEDIUM,HIGH,CRITICAL,CRITICAL,CRITICAL,CRITICAL
49.989311771715585,0.4069488233597067,-6.723118499642607,484.569844148969,2.359292004205765,LOW,LOW,MEDIUM,LOW,LOW,MEDIUM,MEDIUM
38.7298630704987,-3.697428527433917,2.5656790754668672,323.459196599506,8.799455685129589,LOW,LOW,LOW,LOW,LOW,LOW,LOW
35.478067768436375,-6.452520075658755,2.7322503260330597,421.01424892913764,11.278091785015544,LOW,MEDIUM,LOW,LOW,LOW,MEDIUM,MEDIUM
30.683939241372858,0.030011897926752244,-0.9456585211145392,542.2603919305199,14.356102985394884,LOW,LOW,LOW,LOW,LOW,LOW,LOW
82.66845021227361,27.589497480530873,15.2275803051796,109.60837802083816,57.65191957425326,HIGH,CRITICAL,CRITICAL,LOW,CRITICAL,CRITICAL,CRITICAL
38.523517665099405,-6.6535468454381315,5.984012678222103,297.13534537298676,2.620167704871801,LOW,MEDIUM,MEDIUM,LOW,LOW,HIGH,HIGH
38.7815420512696,2.7985451078069246,-3.446132672731705,681.3017212591008,5.860234846955131,LOW,LOW,LOW,LOW,LOW,LOW,LOW
57.732551939692826,1.5850862543443442,2.9924801290075,352.45801949074234,18.202542558694933,MEDIUM,LOW,LOW,LOW,MEDIUM,MEDIUM,HIGH
53.50470394900651,-3.133135115201253,-5.196117932208505,35.12126909066055,17.85965549391787,MEDIUM,LOW,MEDIUM,HIGH,MEDIUM,HIGH,HIGH
21.943980193967047,2.6761789698821286,-9.961126833505315,230.0336131465734,3.605480409874609,LOW,LOW,MEDIUM,LOW,LOW,MEDIUM,MEDIUM
40.76760696018803,4.133949171073436,-5.094396004143129,225.17665489764227,0.9094797286598071,LOW,LOW,MEDIUM,LOW,LOW,MEDIUM,MEDIUM
75.06792941799371,3.4193747400480077,0.44417252995370704,204.2947614412305,15.968242946713165,HIGH,LOW,LOW,LOW,MEDIUM,HIGH,HIGH
61.227575992026836,5.9691494656297985,14.300643628820353,84.96116844675419,33.806606490927244,MEDIUM,MEDIUM,HIGH,MEDIUM,HIGH,HIGH,CRITICAL
30.95774330887681,-3.2385778388145803,1.2795518714176466,519.6974705274158,40.444679525454,LOW,LOW,LOW,LOW,HIGH,LOW,HIGH
92.67279499989486,9.900356408722658,-6.898810236605275,11.23793797996912,60.0,CRITICAL,MEDIUM,MEDIUM,CRITICAL,CRITICAL,CRITICAL,CRITICAL
71.140999224418,36.751951832380584,7.967570285096825,135.672025999485,12.147924520126525,HIGH,CRITICAL,MEDIUM,LOW,LOW,CRITICAL,CRITICAL
57.111144800569114,-4.422334067891322,-1.710566854336896,46.44940270222374,19.80618793557493,MEDIUM,LOW,LOW,HIGH,MEDIUM,HIGH,HIGH
45.246613929290724,-1.300519993329717,-1.0631493475993046,558.7931973393908,3.8687192952390452,LOW,LOW,LOW,LOW,LOW,LOW,LOW
46.24557299719955,1.6884724596178484,3.593384500302116,584.889236721446,9.20143306114697,LOW,LOW,LOW,LOW,LOW,LOW,LOW
28.958964191467548,5.464119309111952,-7.825279284298252,168.52153371530395,8.318066830391121,LOW,MEDIUM,MEDIUM,LOW,LOW,HIGH,HIGH
54.75466796244514,3.4338353705561224,1.0037727729466366,415.89006478294243,1.2900265000428957,MEDIUM,LOW,LOW,LOW,LOW,MEDIUM,MEDIUM
43.891014521146346,0.8220762915348552,-1.8180068033743597,782.1926590827018,6.625412899837302,LOW,LOW,LOW,LOW,LOW,LOW,LOW
40.99590469290561,6.70408583503972,-0.11981858450611918,409.7013130943499,7.592153973499032,LOW,MEDIUM,LOW,LOW,LOW,MEDIUM,MEDIUM
38.93769141439016,11.681961617682445,0.7067621369207057,411.1114424276614,1.3785663446394216,LOW,HIGH,LOW,LOW,LOW,HIGH,HIGH
34.19446717655019,-5.771415016269342,3.1381090419025544,247.9048728172818,11.958599432235875,LOW,MEDIUM,LOW,LOW,LOW,MEDIUM,MEDIUM
50.84797737098576,0.4814790651072745,-4.9334779268405065,336.799879599968,8.897758298762481,MEDIUM,LOW,LOW,LOW,LOW,MEDIUM,MEDIUM
35.47040198447694,-3.853996242064206,-9.540035191883915,317.4002787671883,20.917479421553942,LOW,LOW,MEDIUM,LOW,MEDIUM,MEDIUM,HIGH
88.14144166567675,-10.853772467655084,25.765181646516666,216.964950962536,54.100073533830965,CRITICAL,HIGH,CRITICAL,LOW,CRITICAL,CRITICAL,CRITICAL
57.340429260695736,-10.040889093220413,-16.717753008561324,36.249691233569656,23.22175754486254,MEDIUM,HIGH,CRITICAL,HIGH,MEDIUM,CRITICAL,CRITICAL
62.18038155268871,38.299459869140975,-3.862225654928404,33.83532531909775,22.129388473869277,MEDIUM,CRITICAL,LOW,HIGH,MEDIUM,CRITICAL,CRITICAL
100.0,7.648056036725748,9.399074208544898,50.02324994574252,6.394201432500408,CRITICAL,MEDIUM,MEDIUM,MEDIUM,LOW,CRITICAL,CRITICAL
47.86319903878062,4.7738737141888326,-3.6285345990494213,387.92193394258345,12.011676425294802,LOW,LOW,LOW,LOW,LOW,LOW,LOW
82.51826529031045,1.3071127010423256,-7.913122646595774,25.002496067273132,21.725617005686246,HIGH,LOW,MEDIUM,HIGH,MEDIUM,CRITICAL,CRITICAL
39.95774995923372,-0.47769264294336966,0.14090122539124328,514.9481889253994,4.710155807233299,LOW,LOW,LOW,LOW,LOW,LOW,LOW
47.95277889712231,3.753401252097327,0.8379849909131195,539.0571330866564,7.823307354745328,LOW,LOW,LOW,LOW,LOW,LOW,LOW
34.42007503585999,7.8754354048195045,-2.5934254812900046,49.79897710145397,13.872524224175205,LOW,MEDIUM,LOW,HIGH,LOW,HIGH,HIGH
43.27774440527361,1.2069907269662006,-7.077445605346574,520.909217950532,19.979558751258168,LOW,LOW,MEDIUM,LOW,MEDIUM,MEDIUM,HIGH
49.050744201677944,5.594498442237657,-1.00341864491078,87.75124180626862,13.94554892329463,LOW,MEDIUM,LOW,MEDIUM,LOW,HIGH,HIGH
52.45052418363588,2.443385823503317,9.571614032257472,48.11320205010175,2.7308987348111433,MEDIUM,LOW,MEDIUM,HIGH,LOW,HIGH,HIGH
100.0,12.283070928890655,-21.33570641642821,305.38978638807475,18.5316951143862,CRITICAL,HIGH,CRITICAL,LOW,MEDIUM,CRITICAL,CRITICAL
42.47181126144663,1.567546515768449,-3.9575130829588807,355.7645618062791,6.624097108777445,LOW,LOW,LOW,LOW,LOW,LOW,LOW
33.935724561398416,1.7941011143681578,-6.636678750133084,214.41471476137252,1.4908448030251364,LOW,LOW,MEDIUM,LOW,LOW,MEDIUM,MEDIUM
75.94271111504993,16.28892999576334,-8.458218128688683,308.10146668769056,13.962401945766059,HIGH,CRITICAL,MEDIUM,LOW,LOW,CRITICAL,CRITICAL
37.56774478351038,4.6613023968931255,5.16917498753883,98.73975779654857,15.269750098528327,LOW,LOW,MEDIUM,MEDIUM,MEDIUM,HIGH,HIGH
57.28362459520926,2.301398188724824,1.6361175920499804,776.3689637350551,5.792102476544975,MEDIUM,LOW,LOW,LOW,LOW,MEDIUM,MEDIUM
59.38061767442742,0.6141919056956616,-4.696417521504685,245.4349081050587,1.6220505688924254,MEDIUM,LOW,LOW,LOW,LOW,MEDIUM,MEDIUM
41.77406945908705,0.9318590069796814,3.2019193567682063,310.95683093699694,8.822636197847274,LOW,LOW,LOW,LOW,LOW,LOW,LOW
38.95361565368985,0.3505006206798556,1.8883867642203844,375.06021172345083,8.28413771704293,LOW,LOW,LOW,LOW,LOW,LOW,LOW
61.157098063439285,-29.897795599452603,-4.203438472728239,98.76162055457785,2.16426167764601,MEDIUM,CRITICAL,LOW,MEDIUM,LOW,CRITICAL,CRITICAL
46.142886321730835,0.2578203329119773,4.295367311806407,61.344128442932856,3.969945644226463,LOW,LOW,LOW,MEDIUM,LOW,MEDIUM,MEDIUM
55.05250893195694,-0.125583748264097,7.635105093510945,474.8885743140833,11.838021071086132,MEDIUM,LOW,MEDIUM,LOW,LOW,HIGH,HIGH
74.10891637082878,19.792402066679813,19.730924914771027,196.52186139715536,60.0,HIGH,CRITICAL,CRITICAL,LOW,CRITICAL,CRITICAL,CRITICAL
80.88447575504637,0.22097404230363615,2.5732311220142576,378.77051171117796,9.341320911704079,HIGH,LOW,LOW,LOW,LOW,HIGH,HIGH
48.154268458428426,2.1521393566178477,6.919149549824973,201.60380804059758,3.0395411618310035,LOW,LOW,MEDIUM,LOW,LOW,MEDIUM,MEDIUM
41.4536109244398,2.219430374252041,3.143664347615056,659.2762936553618,1.903355028362479,LOW,LOW,LOW,LOW,LOW,LOW,LOW
71.4834176644089,-0.9887414614176573,-0.4888086041629736,567.8688696311174,6.796443254673021,HIGH,LOW,LOW,LOW,LOW,HIGH,HIGH
67.4100787156132,8.047025783517144,1.1939038276275664,198.36250902239775,18.74149770731963,MEDIUM,MEDIUM,LOW,LOW,MEDIUM,HIGH,HIGH
35.05515058093429,-2.3548193342270793,-3.3644854702415694,663.5460557409089,7.262306090781063,LOW,LOW,LOW,LOW,LOW,LOW,LOW
44.45158586056244,-0.10299881499831381,5.763965973992114,804.3788541607406,3.2237923122018857,LOW,LOW,MEDIUM,LOW,LOW,MEDIUM,MEDIUM
69.79993654198715,0.21542590301776124,-24.942236986686275,112.35289645125309,17.41830820565003,MEDIUM,LOW,CRITICAL,LOW,MEDIUM,CRITICAL,CRITICAL
55.7829512931105,-5.341861173792475,5.037607211968496,480.32040590000287,6.646361180968917,MEDIUM,MEDIUM,MEDIUM,LOW,LOW,HIGH,HIGH
14.62445528235384,-0.5471672992969759,1.2664435394091733,418.79585814562205,17.92747787861523,LOW,LOW,LOW,LOW,MEDIUM,LOW,MEDIUM
68.07592476657418,-0.5014679439900342,-0.06045436034379139,634.1507702861535,4.0260867190758525,MEDIUM,LOW,LOW,LOW,LOW,MEDIUM,MEDIUM
57.21484277111666,2.563306736379884,-0.4324053682541441,761.6235720488932,7.409827550204451,MEDIUM,LOW,LOW,LOW,LOW,MEDIUM,MEDIUM
40.57853888661701,-3.9489969281288544,-1.2749555983099172,137.324464400572,6.094184935986334,LOW,LOW,LOW,LOW,LOW,LOW,LOW
39.87502074570362,-6.163283352958572,0.9297144152010516,478.7077592626222,3.8542477464372036,LOW,MEDIUM,LOW,LOW,LOW,MEDIUM,MEDIUM
96.36829054334446,-15.593821283614236,2.719888315787926,111.74965598884657,19.834861172276074,CRITICAL,CRITICAL,LOW,LOW,MEDIUM,CRITICAL,CRITICAL
46.818655977305696,-2.218667498352273,-7.4093700124395045,394.47541802373297,11.037469161758564,LOW,LOW,MEDIUM,LOW,LOW,MEDIUM,MEDIUM
21.3769858128802,0.27610889396314137,-1.9123461207895724,308.2604470249379,6.12047899961296,LOW,LOW,LOW,LOW,LOW,LOW,LOW
36.38902929647943,-7.345955354281706,5.509055615252935,116.0226066736786,11.131333997588191,LOW,MEDIUM,MEDIUM,LOW,LOW,HIGH,HIGH
44.475589557699294,-3.509958042939752,3.4749160513927944,881.3386211292393,10.730298094289477,LOW,LOW,LOW,LOW,LOW,LOW,LOW
18.22461241395447,-0.9128701377381233,4.045181791891679,484.4032740970423,4.0003073166762455,LOW,LOW,LOW,LOW,LOW,LOW,LOW
21.17245295387741,2.999145376433969,-2.824255455932764,117.9876437907343,10.519432998125994,LOW,LOW,LOW,LOW,LOW,LOW,LOW
37.126470556965025,2.2864348432284616,4.914070425659652,126.87077395150594,1.4878950402176627,LOW,LOW,LOW,LOW,LOW,LOW,LOW
80.09994482898672,2.865821517264147,-3.327231174464607,416.31265250545914,2.5292659693578563,HIGH,LOW,LOW,LOW,LOW,HIGH,HIGH
100.0,-4.574424259175286,-3.154589676424517,122.35868933557458,25.254490187897332,CRITICAL,LOW,LOW,LOW,MEDIUM,CRITICAL,CRITICAL
51.880529514808366,4.375212326737859,-4.490083017641247,10.927178695745177,14.190688841825711,MEDIUM,LOW,LOW,CRITICAL,LOW,CRITICAL,CRITICAL
54.562956170281836,-36.6165654400539,20.966847942118694,4.838031981584493,30.919453044066287,MEDIUM,CRITICAL,CRITICAL,CRITICAL,HIGH,CRITICAL,CRITICAL
72.89824581648651,-9.341125316413073,-34.512387384557,151.65793382673576,12.614900292867691,HIGH,MEDIUM,CRITICAL,LOW,LOW,CRITICAL,CRITICAL
54.634379904049524,0.6335678230098739,5.215496583725516,290.8633000240627,16.062617924751088,MEDIUM,LOW,MEDIUM,LOW,MEDIUM,HIGH,HIGH
68.07751601303617,13.931650566212904,-14.147725202525612,23.916279570147296,12.469550752661302,MEDIUM,HIGH,HIGH,HIGH,LOW,CRITICAL,CRITICAL
29.504567324475843,1.302756923645861,2.9059108610025794,380.4900169697749,18.077201999210317,LOW,LOW,LOW,LOW,MEDIUM,LOW,MEDIUM
77.25239383385419,-12.868221218636034,-13.255499689127912,62.784069307644444,13.111953635900113,HIGH,HIGH,HIGH,MEDIUM,LOW,CRITICAL,CRITICAL
97.19160224496086,-6.561247132717171,10.666065834479907,421.2431697335762,37.85091134386625,CRITICAL,MEDIUM,HIGH,LOW,HIGH,CRITICAL,CRITICAL
59.28885761928067,1.5513093680358339,5.509466315124605,418.103714483491,23.37224628582461,MEDIUM,LOW,MEDIUM,LOW,MEDIUM,HIGH,HIGH
45.8414435426082,5.5654764017587945,9.055181087183922,20.58563802356225,6.301923008564268,LOW,MEDIUM,MEDIUM,HIGH,LOW,HIGH,HIGH
35.18723511359507,7.346290536115616,-3.83146158171472,695.4200999544828,6.419342197472844,LOW,MEDIUM,LOW,LOW,LOW,MEDIUM,MEDIUM
36.20658458578501,-4.185400142749679,2.091886295587781,337.1274783308632,1.84573656285909,LOW,LOW,LOW,LOW,LOW,LOW,LOW
22.247123752375224,2.3208929986095597,-0.4156005294805967,355.94751304366144,14.934585667616426,LOW,LOW,LOW,LOW,LOW,LOW,LOW
47.23414194361933,-1.3452814873180843,-3.737941393238009,597.5322303693039,25.534550905612182,LOW,LOW,LOW,LOW,MEDIUM,LOW,MEDIUM
31.598713712410717,5.001236755590059,-1.3546367511574706,615.1685763166034,1.2749163092006488,LOW,MEDIUM,LOW,LOW,LOW,MEDIUM,MEDIUM
55.92357160958798,-0.5686046944072767,3.572271307947091,376.577331296741,17.44813900444467,MEDIUM,LOW,LOW,LOW,MEDIUM,MEDIUM,HIGH
47.60030451133463,-0.31376609311426296,-5.425716211086992,58.363064919861515,11.761778917931247,LOW,LOW,MEDIUM,MEDIUM,LOW,HIGH,HIGH
59.22308992235025,-3.428959822334266,-4.264112666858043,225.18142230103834,33.83016450476952,MEDIUM,LOW,LOW,LOW,HIGH,MEDIUM,HIGH
48.941278174589605,-19.735510125235088,6.881205500255783,0.5585575929548251,37.28754690339088,LOW,CRITICAL,MEDIUM,CRITICAL,HIGH,CRITICAL,CRITICAL
89.19955588533826,15.52287324430126,14.89361184017762,29.205280442335134,3.010953208330111,CRITICAL,CRITICAL,HIGH,HIGH,LOW,CRITICAL,CRITICAL
83.1074152787304,-7.414514793973822,-8.969090951885233,54.78852648481902,31.006914779662225,HIGH,MEDIUM,MEDIUM,MEDIUM,HIGH,HIGH,CRITICAL
86.40430939347091,6.8290042451525705,1.6407918704581228,143.44284276697627,11.124097970490535,CRITICAL,MEDIUM,LOW,LOW,LOW,CRITICAL,CRITICAL
46.279567725711814,-4.709284165079086,-1.700993382918027,500.8100619543997,18.663074032848915,LOW,LOW,LOW,LOW,MEDIUM,LOW,MEDIUM
69.1223411392261,-5.9395962205618975,9.69168697062589,0.1451369318215892,18.195452616538667,MEDIUM,MEDIUM,MEDIUM,CRITICAL,MEDIUM,CRITICAL,CRITICAL
72.0895960555489,-14.144673903310139,8.173944775153961,272.94121971299194,0.8865910590726616,HIGH,HIGH,MEDIUM,LOW,LOW,CRITICAL,CRITICAL
62.89153502470645,-1.8503933313583762,7.46509230507267,214.23173096753658,6.592100677235017,MEDIUM,LOW,MEDIUM,LOW,LOW,HIGH,HIGH
25.223858241629266,3.462536739278694,2.398044964656998,540.9007780565274,2.8942035825723655,LOW,LOW,LOW,LOW,LOW,LOW,LOW
72.57655349292494,2.23770901826233,-6.502743418394596,545.9541021784798,3.2997094685473187,HIGH,LOW,MEDIUM,LOW,LOW,HIGH,HIGH
16.356258492046475,-3.161325526793871,6.244091721791836,499.64556580567813,4.498145915440323,LOW,LOW,MEDIUM,LOW,LOW,MEDIUM,MEDIUM
37.21744435767468,-6.957629862984458,5.677384928910053,371.2265138245973,19.647512374749823,LOW,MEDIUM,MEDIUM,LOW,MEDIUM,HIGH,HIGH
38.138537437374076,-5.202534818993789,1.1906756612511775,311.639524263298,9.35034315864755,LOW,MEDIUM,LOW,LOW,LOW,MEDIUM,MEDIUM
31.583336997192294,-6.369491115446422,5.7685370508351745,383.15751967720564,3.1576703745632564,LOW,MEDIUM,MEDIUM,LOW,LOW,HIGH,HIGH
61.157887564016846,5.6683081333725776,14.411328543243494,357.4860321605181,19.73505368911239,MEDIUM,MEDIUM,HIGH,LOW,MEDIUM,HIGH,HIGH
93.22743457923494,-15.888928330432321,3.440595174672226,23.650306668588435,26.722547737296196,CRITICAL,CRITICAL,LOW,HIGH,MEDIUM,CRITICAL,CRITICAL
42.259503421171694,-6.448038414366401,1.3748610970148651,304.8293970185567,19.47283603733574,LOW,MEDIUM,LOW,LOW,MEDIUM,MEDIUM,HIGH
55.31059863356256,5.750187003730586,-4.618474270150907,141.32916813844827,7.517935797613438,MEDIUM,MEDIUM,LOW,LOW,LOW,HIGH,HIGH
13.866074026832448,-8.240219801226123,-3.466063644035549,468.2329143793375,20.601056775093124,LOW,MEDIUM,LOW,LOW,MEDIUM,MEDIUM,HIGH
35.30524053453875,-4.28783854738431,-0.7741829966703545,331.16360763352344,9.635395284819328,LOW,LOW,LOW,LOW,LOW,LOW,LOW
61.02222078845678,-8.379646126483104,-3.2392827314523727,52.32075068852191,22.538294783738948,MEDIUM,MEDIUM,LOW,MEDIUM,MEDIUM,HIGH,HIGH
46.28158027829865,4.076739415446586,0.3511070060847963,140.5737928111222,6.362820139030455,LOW,LOW,LOW,LOW,LOW,LOW,LOW
43.21261095073149,-0.2353056366722012,1.1190708309128647,177.32226226058546,1.5578377748299885,LOW,LOW,LOW,LOW,LOW,LOW,LOW
54.81446090211413,5.612619396137872,1.7060915932897254,201.53995525268095,13.888678182010741,MEDIUM,MEDIUM,LOW,LOW,LOW,HIGH,HIGH
39.17146129871594,-0.06953643817062177,-0.9676845085291581,12.195740359182441,23.479457817742887,LOW,LOW,LOW,CRITICAL,MEDIUM,CRITICAL,CRITICAL
70.06717220005676,-20.10067667851566,31.60067958873972,48.49638874846238,16.453390157098116,HIGH,CRITICAL,CRITICAL,HIGH,MEDIUM,CRITICAL,CRITICAL
39.95534931824033,5.817105725741869,-0.7011571645106144,184.0906815111403,11.719313795878211,LOW,MEDIUM,LOW,LOW,LOW,MEDIUM,MEDIUM
13.804544472809896,-6.117630892926524,1.4390628166640782,355.7185482855743,6.132924419526272,LOW,MEDIUM,LOW,LOW,LOW,MEDIUM,MEDIUM
39.47134639889795,0.052514472710810035,8.974081491986073,391.2691317428154,6.087709020829069,LOW,LOW,MEDIUM,LOW,LOW,MEDIUM,MEDIUM
66.93795574037166,-0.9581978275393528,3.1968108769685686,415.5004451870097,7.378459693193175,MEDIUM,LOW,LOW,LOW,LOW,MEDIUM,MEDIUM
48.06382413985539,-1.9852299088492975,-3.753374559730065,193.06534033734678,11.12021330490805,LOW,LOW,LOW,LOW,LOW,LOW,LOW
34.14844165255368,-12.797058580848713,-1.977970407528594,356.7761117174869,6.539492317238763,LOW,HIGH,LOW,LOW,LOW,HIGH,HIGH
74.70231527297089,-2.2462926241718146,2.6287931313588904,364.50671947651375,6.30155419725032,HIGH,LOW,LOW,LOW,LOW,HIGH,HIGH
20.350964481445832,-1.4585682164685307,-1.9466512292947824,208.50538421455857,3.4779081116774258,LOW,LOW,LOW,LOW,LOW,LOW,LOW
17.87815569087565,3.9943804377613645,-1.4233163155721913,447.28571528344435,7.321731723077299,LOW,LOW,LOW,LOW,LOW,LOW,LOW
59.76111283701137,-8.660819310454068,4.247722620764105,92.6338363174348,60.0,MEDIUM,MEDIUM,LOW,MEDIUM,CRITICAL,HIGH,CRITICAL
77.72580768289293,19.6149709787804,9.536139876541487,94.79141437337337,2.4049741814429955,HIGH,CRITICAL,MEDIUM,MEDIUM,LOW,CRITICAL,CRITICAL
18.195486516735418,-3.5903560190274484,-2.7992597746318966,303.89013687574993,5.7269194346825705,LOW,LOW,LOW,LOW,LOW,LOW,LOW
69.79583231099711,-2.1276336739600454,2.4472642731186727,53.81839869254,40.512697580950615,MEDIUM,LOW,LOW,MEDIUM,HIGH,HIGH,HIGH
34.92753729078771,-2.3161989059245482,-2.429048941493744,353.22471400888304,8.11517558089501,LOW,LOW,LOW,LOW,LOW,LOW,LOW
33.49588106425406,-2.1038109591771765,1.0338406972762753,291.2331277196799,32.12551058015681,LOW,LOW,LOW,LOW,HIGH,LOW,HIGH
73.65308622025444,-22.8713001260846,4.34200692213327,36.822174515498986,10.43598532935512,HIGH,CRITICAL,LOW,HIGH,LOW,CRITICAL,CRITICAL
82.47968388906605,16.384420158421225,-19.200977652175737,81.96513452171051,23.716052797578243,HIGH,CRITICAL,CRITICAL,MEDIUM,MEDIUM,CRITICAL,CRITICAL
91.9085351532883,6.9319690785471035,-6.590599689335475,6.164306416349219,27.124138604053588,CRITICAL,MEDIUM,MEDIUM,CRITICAL,MEDIUM,CRITICAL,CRITICAL
56.33257359698384,1.9950594139595117,-1.9509399822915916,52.32457968509327,17.51343830847357,MEDIUM,LOW,LOW,MEDIUM,MEDIUM,HIGH,HIGH
37.526033603381265,4.040522857393,-6.335582364351398,138.1544194163148,8.31856454142454,LOW,LOW,MEDIUM,LOW,LOW,MEDIUM,MEDIUM
72.91251745029365,12.12930772865498,3.731766815920812,3.553766310380835,17.226512400967845,HIGH,HIGH,LOW,CRITICAL,MEDIUM,CRITICAL,CRITICAL
62.92778103604647,5.84654275285631,-3.8154994889289937,278.8453851993225,9.936866476342969,MEDIUM,MEDIUM,LOW,LOW,LOW,HIGH,HIGH
37.546514292711024,2.179716752715977,-0.027415979605963658,551.3244940598019,19.91530515382853,LOW,LOW,LOW,LOW,MEDIUM,LOW,MEDIUM
27.254540020232245,5.113625175696067,-3.343990753766251,171.85485688682266,4.145978651155802,LOW,MEDIUM,LOW,LOW,LOW,MEDIUM,MEDIUM
44.833461140657484,5.617222020663755,7.632043403916478,396.6891800197044,9.28481306849934,LOW,MEDIUM,MEDIUM,LOW,LOW,HIGH,HIGH
59.02122194312021,0.8985292634243003,2.9060596749391348,414.27176740286916,2.1099818225015476,MEDIUM,LOW,LOW,LOW,LOW,MEDIUM,MEDIUM
31.70642349954806,6.206811971991082,-3.1343172214464716,428.7161200984498,4.258208544046827,LOW,MEDIUM,LOW,LOW,LOW,MEDIUM,MEDIUM
74.24976399367054,-24.56661785586762,7.762445578761336,24.88283083426461,60.0,HIGH,CRITICAL,MEDIUM,HIGH,CRITICAL,CRITICAL,CRITICAL
28.770811812315525,-3.811875334029622,8.013247521528184,291.0810607061415,4.008163616197228,LOW,LOW,MEDIUM,LOW,LOW,MEDIUM,MEDIUM
42.6234503380915,7.1565495870447196,-1.8076341276288086,511.4776708513513,4.870626549065196,LOW,MEDIUM,LOW,LOW,LOW,MEDIUM,MEDIUM
68.73928565601076,0.33919053565238033,-1.2602544383966627,361.9121897357186,6.774307394346221,MEDIUM,LOW,LOW,LOW,LOW,MEDIUM,MEDIUM
20.14550316391908,-2.2183080712714482,5.534801548917737,604.488678400482,0.26761282420124033,LOW,LOW,MEDIUM,LOW,LOW,MEDIUM,MEDIUM
35.71533647389357,-1.8196026724205334,1.952617058155295,257.1113319016798,11.165479329500819,LOW,LOW,LOW,LOW,LOW,LOW,LOW
46.42896096565073,1.710207204437428,-0.05145752786660532,448.34997757566674,13.144784798975625,LOW,LOW,LOW,LOW,LOW,LOW,LOW
62.723607332447074,16.87517378098287,28.156815887920782,93.9978360411115,32.83569241769763,MEDIUM,CRITICAL,CRITICAL,MEDIUM,HIGH,CRITICAL,CRITICAL
36.986069659917185,0.8006066592296986,8.053283784389768,255.7603263270588,2.6685581590952707,LOW,LOW,MEDIUM,LOW,LOW,MEDIUM,MEDIUM
54.58450038392515,3.137933421546481,-0.4496386729803653,33.591949521414655,56.8290817807089,MEDIUM,LOW,LOW,HIGH,CRITICAL,HIGH,CRITICAL
48.245348018869315,-0.9339854049070638,3.2966532673979345,272.27288426055316,3.2535546351847695,LOW,LOW,LOW,LOW,LOW,LOW,LOW
31.380123867328187,1.3901019761068443,2.079531727071791,458.57529315056325,1.5080765403429472,LOW,LOW,LOW,LOW,LOW,LOW,LOW
44.99386221152595,-1.4883288309475071,-1.650451370147322,388.94686751224964,14.327536445168441,LOW,LOW,LOW,LOW,LOW,LOW,LOW
57.522536063769934,-0.6513361582044186,-1.2661828128389676,312.3684832989485,3.6240686057206952,MEDIUM,LOW,LOW,LOW,LOW,MEDIUM,MEDIUM
79.54316771973689,19.366616479676935,-26.686236748454824,478.6637597423554,14.299837027191808,HIGH,CRITICAL,CRITICAL,LOW,LOW,CRITICAL,CRITICAL
25.7595506608445,5.989982863653809,2.831265282552605,55.15274835028031,6.655890710575878,LOW,MEDIUM,LOW,MEDIUM,LOW,HIGH,HIGH
25.877226434815462,0.607276370975035,-5.501282728236084,0.0,11.052444597186122,LOW,LOW,MEDIUM,CRITICAL,LOW,CRITICAL,CRITICAL
80.77684357777562,22.89958980906343,-3.492701163448795,87.53786532756249,15.094525864789022,HIGH,CRITICAL,LOW,MEDIUM,MEDIUM,CRITICAL,CRITICAL
56.62667621625063,-11.509402643872217,-15.008888410500628,72.33039357696475,28.795295233444236,MEDIUM,HIGH,CRITICAL,MEDIUM,MEDIUM,CRITICAL,CRITICAL
86.5904341853308,-2.9393074449513716,11.52604626092149,42.4688117975908,22.860829754046694,CRITICAL,LOW,HIGH,HIGH,MEDIUM,CRITICAL,CRITICAL
42.84795404543403,-0.42854083311894786,2.3921109613225138,245.33690426619916,13.750951016339304,LOW,LOW,LOW,LOW,LOW,LOW,LOW
88.2384331670704,0.4146959873968284,7.604590808702339,57.26300887392338,32.0026433390002,CRITICAL,LOW,MEDIUM,MEDIUM,HIGH,CRITICAL,CRITICAL
29.69062439244269,-3.2642567539670497,-1.6814213063061039,529.8469270310935,17.24766766475093,LOW,LOW,LOW,LOW,MEDIUM,LOW,MEDIUM
40.60663754695505,1.7255404736020907,-0.5566871840764018,537.2629317211829,13.43412405366957,LOW,LOW,LOW,LOW,LOW,LOW,LOW
10.46822923396423,-0.6101797905484723,5.536400123560415,271.13931308511496,16.62099859864935,LOW,LOW,MEDIUM,LOW,MEDIUM,MEDIUM,HIGH
40.40322299983217,7.5932028414492,2.323469437687039,362.8406807051095,1.3531122130239885,LOW,MEDIUM,LOW,LOW,LOW,MEDIUM,MEDIUM
26.587136360424132,0.17521822642885848,5.028939842697111,663.7159646093169,5.577887206282153,LOW,LOW,MEDIUM,LOW,LOW,MEDIUM,MEDIUM
20.101982246133147,1.004569413266805,3.500463826177951,363.708621844325,15.801170643169835,LOW,LOW,LOW,LOW,MEDIUM,LOW,MEDIUM
98.5500906069779,-2.088155845541413,-12.417661961344532,36.56546790723033,5.686257116638075,CRITICAL,LOW,HIGH,HIGH,LOW,CRITICAL,CRITICAL
57.299987038758886,-4.483397071246487,6.215007542918543,109.31260204858553,32.448829208415916,MEDIUM,LOW,MEDIUM,LOW,HIGH,HIGH,HIGH
70.88277835131707,-1.7384356362173081,0.07861200739416249,683.1392562821628,1.038401978410706,HIGH,LOW,LOW,LOW,LOW,HIGH,HIGH
32.64535305216534,-2.8596233881983255,-0.8147145382894219,246.5164108329734,28.487471182663484,LOW,LOW,LOW,LOW,MEDIUM,LOW,MEDIUM
65.35713660600811,8.146338194064564,-16.06051841802922,218.21102765183068,25.148498958278974,MEDIUM,MEDIUM,CRITICAL,LOW,MEDIUM,CRITICAL,CRITICAL
45.87715602702209,1.553528707620779,-0.19744266683937897,603.9044717791803,3.8228803158501967,LOW,LOW,LOW,LOW,LOW,LOW,LOW
51.03246834859193,0.7211390919609456,-0.9318200537941352,339.7256174247384,4.465761384878521,MEDIUM,LOW,LOW,LOW,LOW,MEDIUM,MEDIUM
80.63803183811815,7.469512950200609,6.298399326344002,12.842654716747695,39.98900147856196,HIGH,MEDIUM,MEDIUM,CRITICAL,HIGH,CRITICAL,CRITICAL
62.231539626436444,-0.34804983188025923,7.192780931114623,112.99727399825439,33.594586748330634,MEDIUM,LOW,MEDIUM,LOW,HIGH,HIGH,HIGH
45.23030177633966,-2.8755559448459174,-4.481759880498931,348.75768903215237,17.062164291169488,LOW,LOW,LOW,LOW,MEDIUM,LOW,MEDIUM
28.614955530734843,0.5272709303868752,6.2045883255920735,488.5023159445226,21.12860832915119,LOW,LOW,MEDIUM,LOW,MEDIUM,MEDIUM,HIGH
64.89278361399916,-20.13522578392006,-3.0743913639743683,33.816859333396835,7.562551366504627,MEDIUM,CRITICAL,LOW,HIGH,LOW,CRITICAL,CRITICAL
65.4878493799701,-4.75838335132044,-1.2591474131423779,377.6453000062332,4.383327796343567,MEDIUM,LOW,LOW,LOW,LOW,MEDIUM,MEDIUM
28.28239097858896,-6.328700445772829,-2.1936147250542573,462.5216821411863,7.351900226818408,LOW,MEDIUM,LOW,LOW,LOW,MEDIUM,MEDIUM
56.21700908829436,21.99423319027755,8.78420717876451,5.842517343616905,6.181437889940367,MEDIUM,CRITICAL,MEDIUM,CRITICAL,LOW,CRITICAL,CRITICAL
38.784199258364474,-1.5460521808556542,2.63536793748593,306.6947686770692,5.192334590342151,LOW,LOW,LOW,LOW,LOW,LOW,LOW
51.3485220377719,-7.87014834147649,-0.2973980592316887,412.995596412624,4.392907841933039,MEDIUM,MEDIUM,LOW,LOW,LOW,HIGH,HIGH
37.81000434052678,2.3963670684598175,-2.8087739795624245,836.6975346660606,19.32963193817762,LOW,LOW,LOW,LOW,MEDIUM,LOW,MEDIUM
40.650016734795614,7.731852701874136,-4.7665941555948335,193.88338842422033,6.1720010897211655,LOW,MEDIUM,LOW,LOW,LOW,MEDIUM,MEDIUM
51.19838174529053,-2.688565093559137,-0.9723206759090962,260.8339080023542,4.698468827667524,MEDIUM,LOW,LOW,LOW,LOW,MEDIUM,MEDIUM
99.6604747747721,-6.354370383887012,-10.792478416102758,82.7631987814304,31.947726711830676,CRITICAL,MEDIUM,HIGH,MEDIUM,HIGH,CRITICAL,CRITICAL
63.906440988348876,6.7065413625478545,-3.6874347197103132,518.9104401307255,1.4358489716594092,MEDIUM,MEDIUM,LOW,LOW,LOW,HIGH,HIGH
51.373537976795774,8.837867159211816,-1.2019895574216257,385.0166704578992,8.245023605981842,MEDIUM,MEDIUM,LOW,LOW,LOW,HIGH,HIGH
45.926563070648186,-0.24478296443161468,5.770312689009771,631.3201675420718,6.508555155111897,LOW,LOW,MEDIUM,LOW,LOW,MEDIUM,MEDIUM
48.56454604516117,6.628042935701724,0.3485863750317457,723.7806528130875,3.4106684803332046,LOW,MEDIUM,LOW,LOW,LOW,MEDIUM,MEDIUM
96.09827357260889,5.620974107646925,6.730119431717046,154.84638897273052,10.775824749270429,CRITICAL,MEDIUM,MEDIUM,LOW,LOW,CRITICAL,CRITICAL
35.782059912396996,4.244527027795197,-5.508160757748235,134.33148575449803,25.923344277620973,LOW,LOW,MEDIUM,LOW,MEDIUM,MEDIUM,HIGH
44.82244280639514,6.477639135575425,-4.266581380363885,175.71607454571836,15.727692384734159,LOW,MEDIUM,LOW,LOW,MEDIUM,MEDIUM,HIGH
49.67443235587095,2.7775973685889497,-2.0339342960741487,380.73267991172537,9.074554939663903,LOW,LOW,LOW,LOW,LOW,LOW,LOW
64.30154634562881,-1.8402575578622256,2.939995995065805,270.4668038898243,7.989509700583578,MEDIUM,LOW,LOW,LOW,LOW,MEDIUM,MEDIUM
41.79554537271922,-3.715133479933665,2.272349682446694,516.167603090908,7.965634889732332,LOW,LOW,LOW,LOW,LOW,LOW,LOW
40.97809454058225,-4.715919775241843,2.6564819338715933,370.9734026427439,7.121124044202656,LOW,LOW,LOW,LOW,LOW,LOW,LOW
38.09749723400364,17.740549844344372,5.95639492361959,41.67848468131074,27.4527185319055,LOW,CRITICAL,MEDIUM,HIGH,MEDIUM,CRITICAL,CRITICAL
18.96553686217472,1.536927666076359,1.1730855017737212,38.36477425890437,9.732872941622519,LOW,LOW,LOW,HIGH,LOW,HIGH,HIGH
38.99665571400648,-1.082317715838059,-2.7811938292500464,338.17887360865694,2.690796061512732,LOW,LOW,LOW,LOW,LOW,LOW,LOW
34.43558145773693,2.228409787744561,-0.6329205460435442,464.9963972621987,0.19457942283198143,LOW,LOW,LOW,LOW,LOW,LOW,LOW
59.89623199372114,-4.276934399732998,8.632572460476712,86.41644000475826,34.30840123490275,MEDIUM,LOW,MEDIUM,MEDIUM,HIGH,HIGH,HIGH
35.4129117332244,4.142639122506771,-4.647680382154202,447.42160772194416,24.055896759228915,LOW,LOW,LOW,LOW,MEDIUM,LOW,MEDIUM
33.06845124401551,0.5665525125426017,-1.4407916339397406,715.2361747908318,16.26445637925559,LOW,LOW,LOW,LOW,MEDIUM,LOW,MEDIUM
42.166797949298164,-2.101603898950995,-1.3804605637182217,207.4844317092975,9.587705411354378,LOW,LOW,LOW,LOW,LOW,LOW,LOW
19.671116990588896,3.1381449501193344,3.6343643807502057,432.2982745181575,6.280271168859888,LOW,LOW,LOW,LOW,LOW,LOW,LOW
52.20554421276463,9.964480959652933,-5.128099346205425,54.75829852872697,41.32360730308462,MEDIUM,MEDIUM,MEDIUM,MEDIUM,HIGH,HIGH,HIGH
20.271486005806846,0.46914896494071695,-6.245841108854835,55.165719440013575,3.7615667985900942,LOW,LOW,MEDIUM,MEDIUM,LOW,HIGH,HIGH
65.18806587563458,0.3532360531374286,-1.7229218598640712,452.97397178088977,15.795342753728118,MEDIUM,LOW,LOW,LOW,MEDIUM,MEDIUM,HIGH
80.33641618888606,-9.406103106674394,-9.762615687712014,19.89901067878059,48.93523801093061,HIGH,MEDIUM,MEDIUM,CRITICAL,CRITICAL,CRITICAL,CRITICAL
100.0,7.089893226892391,1.7889821014189762,18.663671296959457,6.76667892464189,CRITICAL,MEDIUM,LOW,CRITICAL,LOW,CRITICAL,CRITICAL
53.5672302249871,22.784145569191466,0.25072328579478753,49.7766911871808,39.5836540274252,MEDIUM,CRITICAL,LOW,HIGH,HIGH,CRITICAL,CRITICAL
65.83629628967687,-10.465098874498588,-12.934417115235735,174.36345028827225,18.39674457711679,MEDIUM,HIGH,HIGH,LOW,MEDIUM,CRITICAL,CRITICAL
36.50985407219965,-1.902640362313919,-1.8600955404103205,624.7964536627372,4.928830840918223,LOW,LOW,LOW,LOW,LOW,LOW,LOW
55.435795512676144,-3.0722814218574723,-7.93430271245859,434.1196033362168,4.0022188672429575,MEDIUM,LOW,MEDIUM,LOW,LOW,HIGH,HIGH
31.639978001314486,-1.045996086549617,4.6535662508996625,502.1997850621196,17.074655136201248,LOW,LOW,LOW,LOW,MEDIUM,LOW,MEDIUM
47.59218419656926,-8.47720547075283,2.649385279013146,733.124198330288,2.1071840258026935,LOW,MEDIUM,LOW,LOW,LOW,MEDIUM,MEDIUM
59.85579354917029,0.422002999185117,5.567982792450678,499.4990522594241,23.223295001390753,MEDIUM,LOW,MEDIUM,LOW,MEDIUM,HIGH,HIGH
62.40316152160642,-0.3719491320970094,-1.6544620221182735,287.6025366958931,19.192367247983185,MEDIUM,LOW,LOW,LOW,MEDIUM,MEDIUM,HIGH
31.018703796639645,-3.4784441396127486,2.6204010864901233,97.43508654398005,6.181305178584649,LOW,LOW,LOW,MEDIUM,LOW,MEDIUM,MEDIUM
98.89500441819757,-35.991968530463716,-4.506339117624677,10.328111975288307,25.910017372272492,CRITICAL,CRITICAL,LOW,CRITICAL,MEDIUM,CRITICAL,CRITICAL
59.22225017703166,9.863404715335426,2.136475247754228,449.45418191596303,9.106717828430707,MEDIUM,MEDIUM,LOW,LOW,LOW,HIGH,HIGH
97.04966534500592,-13.869989299433321,-13.79038721625675,12.693481103397254,30.220317051425496,CRITICAL,HIGH,HIGH,CRITICAL,HIGH,CRITICAL,CRITICAL
24.88185282199429,-1.1614873760637332,3.084767621318957,604.4071264433372,5.899178293711658,LOW,LOW,LOW,LOW,LOW,LOW,LOW
35.250835570384645,-2.125381961539831,9.704187135927773,120.64777715905988,3.5046523641870797,LOW,LOW,MEDIUM,LOW,LOW,MEDIUM,MEDIUM
33.793256084510695,-6.480377356780228,1.3673212873844238,511.0383413045609,13.289292343718378,LOW,MEDIUM,LOW,LOW,LOW,MEDIUM,MEDIUM
41.06254709308868,2.603347347543531,-4.928165067043326,348.761432059904,13.515011637102958,LOW,LOW,LOW,LOW,LOW,LOW,LOW
41.14665024112667,-1.599269324298401,-6.243510825923229,469.04119354561266,6.712953505554414,LOW,LOW,MEDIUM,LOW,LOW,MEDIUM,MEDIUM
84.17876234442231,3.174273225916835,22.6196365489838,48.15030417989064,24.216746176154878,HIGH,LOW,CRITICAL,HIGH,MEDIUM,CRITICAL,CRITICAL
34.0131918604302,-3.8947607177673675,6.10523034760198,385.51836360209546,6.015156586212162,LOW,LOW,MEDIUM,LOW,LOW,MEDIUM,MEDIUM
67.15130594773392,-2.8864887649174604,0.2666790216551409,0.0,1.522525627718445,MEDIUM,LOW,LOW,CRITICAL,LOW,CRITICAL,CRITICAL
47.362762459992,-0.8162981311554317,0.249374079824072,63.78600677760653,12.345896299900492,LOW,LOW,LOW,MEDIUM,LOW,MEDIUM,MEDIUM
51.45116472551228,-2.614762747985027,0.8921520993059004,362.4075894155251,5.911949215154043,MEDIUM,LOW,LOW,LOW,LOW,MEDIUM,MEDIUM
83.60061323284891,15.35874791465109,19.879708877239537,2.7811960687480983,25.10215823151278,HIGH,CRITICAL,CRITICAL,CRITICAL,MEDIUM,CRITICAL,CRITICAL
57.19544255854882,-6.617434571159022,-1.433254591644819,63.35053405514872,35.10786531558948,MEDIUM,MEDIUM,LOW,MEDIUM,HIGH,HIGH,HIGH
55.09090466635035,-0.933288504145987,-3.1792213819439565,553.9733745330514,3.3771558911998305,MEDIUM,LOW,LOW,LOW,LOW,MEDIUM,MEDIUM
41.88078601688927,3.0645503381067094,-11.860842119541363,588.9598371276625,6.423447001521547,LOW,LOW,HIGH,LOW,LOW,HIGH,HIGH
47.126648411992335,-1.5445680949541338,-0.21717487008761832,380.8651742805731,5.053854490509488,LOW,LOW,LOW,LOW,LOW,LOW,LOW
82.132876577012,8.717299022854212,-3.950454759946994,98.01233745304714,7.5516385755094575,HIGH,MEDIUM,LOW,MEDIUM,LOW,HIGH,HIGH
65.42435187463226,-0.7751052808627926,-1.6769255155956593,599.8558825952543,26.071301171834122,MEDIUM,LOW,LOW,LOW,MEDIUM,MEDIUM,HIGH
45.14020764548595,1.0314095316729772,1.4939306011885332,552.6510743112614,3.6611592851234414,LOW,LOW,LOW,LOW,LOW,LOW,LOW
62.409188909087405,6.7274152753074405,-5.864423642785487,200.35475988595644,17.781542287389783,MEDIUM,MEDIUM,MEDIUM,LOW,MEDIUM,HIGH,HIGH
58.77544672400806,2.230955315729484,-0.4319338669810815,375.2324055802867,14.223108853910496,MEDIUM,LOW,LOW,LOW,LOW,MEDIUM,MEDIUM
91.7276085697369,-0.6182133270777519,-18.295848677895332,54.47870163067252,18.530468810204745,CRITICAL,LOW,CRITICAL,MEDIUM,MEDIUM,CRITICAL,CRITICAL
55.03878846189243,2.110991637565977,-0.18443810779129435,483.3150287945322,11.063704733351024,MEDIUM,LOW,LOW,LOW,LOW,MEDIUM,MEDIUM
28.820088434541717,1.0402180618431205,3.6008226138019768,84.61108352273332,35.51344812349477,LOW,LOW,LOW,MEDIUM,HIGH,MEDIUM,HIGH
62.86328899299779,7.372838348250797,0.023721992391382098,566.3456455397862,9.132412183325204,MEDIUM,MEDIUM,LOW,LOW,LOW,HIGH,HIGH
51.736275073197966,-5.790410000553743,4.520602174432303,2.5688930339855593,33.51770083771967,MEDIUM,MEDIUM,LOW,CRITICAL,HIGH,CRITICAL,CRITICAL
61.441815420036846,-6.171083744166796,17.52667962700255,284.6466137908024,43.66429391367427,MEDIUM,MEDIUM,CRITICAL,LOW,HIGH,CRITICAL,CRITICAL
48.12685825578549,-8.946580612882862,10.044530190760034,346.41231890169587,5.59880658433495,LOW,MEDIUM,HIGH,LOW,LOW,HIGH,HIGH
37.16460111218828,-2.2174826647308317,3.201474721169294,510.04574496212666,17.17568232433351,LOW,LOW,LOW,LOW,MEDIUM,LOW,MEDIUM
48.36885949874988,-0.6900974933069857,-3.7664710623348068,441.0681750477353,15.515709645019854,LOW,LOW,LOW,LOW,MEDIUM,LOW,MEDIUM
90.74257762457654,4.45921404292949,-13.15729972729215,107.05395568984746,12.052480281626028,CRITICAL,LOW,HIGH,LOW,LOW,CRITICAL,CRITICAL
6.809924030677957,-0.18355260297061066,8.891327659405334,358.1600331791358,6.648623830720451,LOW,LOW,MEDIUM,LOW,LOW,MEDIUM,MEDIUM
36.82955569320431,5.1620439905119735,0.5918755225310505,191.776960490345,14.409825026245555,LOW,MEDIUM,LOW,LOW,LOW,MEDIUM,MEDIUM
26.037186060124423,-2.809834129295544,-9.17875152653792,411.0694480708106,18.56746641852591,LOW,LOW,MEDIUM,LOW,MEDIUM,MEDIUM,HIGH
73.48013784560044,-9.138307997889173,-6.64347976950771,107.50096632439075,16.708860588263846,HIGH,MEDIUM,MEDIUM,LOW,MEDIUM,HIGH,HIGH
44.2155429364349,-1.233513876934586,-4.4414166437667095,141.1328640198563,26.41157411106585,LOW,LOW,LOW,LOW,MEDIUM,LOW,MEDIUM
35.591138057076456,0.11822744301210902,2.917948623626776,83.7459442554286,6.509007645002035,LOW,LOW,LOW,MEDIUM,LOW,MEDIUM,MEDIUM
44.57450243355607,-4.596733469614663,7.304881913844535,186.62161251653637,4.600045133194522,LOW,LOW,MEDIUM,LOW,LOW,MEDIUM,MEDIUM
61.86790059334336,-39.52645133314766,13.186613135907555,124.00334174455156,27.725038818780764,MEDIUM,CRITICAL,HIGH,LOW,MEDIUM,CRITICAL,CRITICAL
46.228581189061096,9.316990812680402,-7.4040420036734975,430.04671320103853,17.454719508333262,LOW,MEDIUM,MEDIUM,LOW,MEDIUM,HIGH,HIGH
46.227920116226336,1.3038544213119727,6.048504569506616,179.69235539665752,22.853680521024383,LOW,LOW,MEDIUM,LOW,MEDIUM,MEDIUM,HIGH
70.94797390766792,-3.6443088796912786,17.78331455030556,409.3640668247742,14.743147024696949,HIGH,LOW,CRITICAL,LOW,LOW,CRITICAL,CRITICAL
40.94917652783532,-8.308976176470415,2.2965202034681,488.2619814586581,2.3398317883228854,LOW,MEDIUM,LOW,LOW,LOW,MEDIUM,MEDIUM
63.865154667798066,2.368127237578462,-2.5512162699101406,590.3093360229446,1.3078340467584715,MEDIUM,LOW,LOW,LOW,LOW,MEDIUM,MEDIUM
77.12973960221905,-1.3614446303340357,3.300037899063757,522.9235215244963,0.6801106154212045,HIGH,LOW,LOW,LOW,LOW,HIGH,HIGH
96.87846975743618,-17.131369808850796,2.171253924047993,17.26467840353337,30.276494061246026,CRITICAL,CRITICAL,LOW,CRITICAL,HIGH,CRITICAL,CRITICAL
61.13250031695956,0.48620033114061745,-3.8198561425720117,16.05490288052057,11.654430728851953,MEDIUM,LOW,LOW,CRITICAL,LOW,CRITICAL,CRITICAL
100.0,1.0481001851896052,-6.5007454329210015,12.973505698152913,42.468006783455934,CRITICAL,LOW,MEDIUM,CRITICAL,HIGH,CRITICAL,CRITICAL
25.95521600848048,4.4507497504620295,-4.1909851401975065,224.86982204303254,8.997676320777654,LOW,LOW,LOW,LOW,LOW,LOW,LOW
38.35813593108228,-2.5219940569870127,-3.9090754464920265,331.63312385267636,11.393833323334261,LOW,LOW,LOW,LOW,LOW,LOW,LOW
52.35386166642779,4.1001940380022175,-0.7819832556857838,221.96410841512778,7.133862838213602,MEDIUM,LOW,LOW,LOW,LOW,MEDIUM,MEDIUM
50.74782205513012,5.189877939618172,-7.340760437022539,28.93174346777097,25.194992385940953,MEDIUM,MEDIUM,MEDIUM,HIGH,MEDIUM,HIGH,HIGH
46.381819231094575,-7.2416915269214455,6.130132362437105,105.36803056001924,4.6368132080788484,LOW,MEDIUM,MEDIUM,LOW,LOW,HIGH,HIGH
99.09083826775122,20.725190499799414,-4.327774289901434,151.76008603632914,13.61895700845846,CRITICAL,CRITICAL,LOW,LOW,LOW,CRITICAL,CRITICAL
37.12610218829401,-1.120869649256973,2.2431394765097115,343.49910640659476,3.489798014503477,LOW,LOW,LOW,LOW,LOW,LOW,LOW
71.75871297274723,-3.583879868946817,-2.3339743738790553,136.94882062464873,11.699806628942774,HIGH,LOW,LOW,LOW,LOW,HIGH,HIGH
63.04796037213564,4.669712296163157,2.891835025033767,88.83227886556719,10.915684744999938,MEDIUM,LOW,LOW,MEDIUM,LOW,HIGH,HIGH
84.17393593878222,6.697735566812872,-5.659710943621903,88.0012534803307,25.070773228701086,HIGH,MEDIUM,MEDIUM,MEDIUM,MEDIUM,HIGH,HIGH
26.275878659554103,-1.8241666971438857,4.837118155555975,408.4537976631971,8.078174401393056,LOW,LOW,LOW,LOW,LOW,LOW,LOW
36.6897670012995,6.64999465130789,4.537249535649177,182.88839391671212,9.51861343053064,LOW,MEDIUM,LOW,LOW,LOW,MEDIUM,MEDIUM
42.65482239751221,0.1542929679050148,5.724079120501022,559.859613104315,11.101050108716123,LOW,LOW,MEDIUM,LOW,LOW,MEDIUM,MEDIUM
49.23863821475602,-3.6454123875753064,-20.195343996064263,240.37823914592994,60.0,LOW,LOW,CRITICAL,LOW,CRITICAL,CRITICAL,CRITICAL
28.763384343293463,-2.5683910739519455,4.772380623266341,484.0308048235514,3.4040722390686233,LOW,LOW,LOW,LOW,LOW,LOW,LOW
67.40918666681695,-21.66976645790126,10.698941480341402,41.224899533784836,4.7139972639145435,MEDIUM,CRITICAL,HIGH,HIGH,LOW,CRITICAL,CRITICAL
48.1068191560631,0.7441908486048481,7.665817284065413,514.488798106199,19.985000071750374,LOW,LOW,MEDIUM,LOW,MEDIUM,MEDIUM,HIGH
49.329144769477395,0.3804798759423722,-0.4779938326158464,472.16313166715577,11.21064966745682,LOW,LOW,LOW,LOW,LOW,LOW,LOW
31.004580437381033,-4.173110376442868,-4.463138845541939,354.43267794022347,2.263484922040476,LOW,LOW,LOW,LOW,LOW,LOW,LOW
67.35460098232186,10.750725543202591,5.360155536608062,2.3172282140728835,15.058890373444605,MEDIUM,HIGH,MEDIUM,CRITICAL,MEDIUM,CRITICAL,CRITICAL
76.28936298197105,14.485776794692459,10.807783170161157,168.19047029938392,43.14845302612157,HIGH,HIGH,HIGH,LOW,HIGH,CRITICAL,CRITICAL
43.7759711347941,-2.2968744808275634,-1.5728409311300908,237.13702555105806,12.334588459457002,LOW,LOW,LOW,LOW,LOW,LOW,LOW
34.744642723136224,0.7960844510509281,-5.650332730176244,404.5429326454933,12.240255176605757,LOW,LOW,MEDIUM,LOW,LOW,MEDIUM,MEDIUM
36.286812927340534,-1.7532491057578925,7.367403730461213,159.7294451007576,8.531977891082402,LOW,LOW,MEDIUM,LOW,LOW,MEDIUM,MEDIUM
28.575290728315757,-2.614397140726685,-2.231101450075052,145.70465031813364,3.730778911472413,LOW,LOW,LOW,LOW,LOW,LOW,LOW
54.89187786659032,4.039413976316171,5.241529206477759,536.7544716311822,15.566123655716723,MEDIUM,LOW,MEDIUM,LOW,MEDIUM,HIGH,HIGH
57.49695492597517,-1.3511850522293134,0.5636435135477883,274.28851835791613,6.084978365774666,MEDIUM,LOW,LOW,LOW,LOW,MEDIUM,MEDIUM
46.022506505798795,1.568471662216748,3.5243173050119636,216.03055222266772,19.770655009898807,LOW,LOW,LOW,LOW,MEDIUM,LOW,MEDIUM
61.60965800909013,-0.24347827972423208,-1.6963063734679156,302.570094873313,5.849615099901482,MEDIUM,LOW,LOW,LOW,LOW,MEDIUM,MEDIUM
53.369066722865604,0.8606256835662148,0.5069259425516007,175.14189297396203,11.31027405320038,MEDIUM,LOW,LOW,LOW,LOW,MEDIUM,MEDIUM
81.8550666487577,-1.2050587382969458,-0.7378178826182719,472.01121758921914,21.86571368742849,HIGH,LOW,LOW,LOW,MEDIUM,HIGH,HIGH
36.83207824597956,4.227318436794855,1.2551214926444583,320.276813449837,4.0706477105321595,LOW,LOW,LOW,LOW,LOW,LOW,LOW
44.5866609522665,-3.909139328171876,-5.7934236718332155,297.3724364431365,2.994381868943155,LOW,LOW,MEDIUM,LOW,LOW,MEDIUM,MEDIUM
62.55068834238037,16.84021305717404,10.962966914572359,140.34290632429358,20.215685658445274,MEDIUM,CRITICAL,HIGH,LOW,MEDIUM,CRITICAL,CRITICAL
38.40422460933564,0.831199131030706,3.292684042234199,326.45490042220575,4.409623413097599,LOW,LOW,LOW,LOW,LOW,LOW,LOW
39.97074788223995,-5.075490370423116,-9.40463285244868,180.96861501085417,24.58028099417975,LOW,MEDIUM,MEDIUM,LOW,MEDIUM,HIGH,HIGH
40.35477326944908,-7.394064879414903,1.7955991445901223,570.084052177281,1.3377214967572844,LOW,MEDIUM,LOW,LOW,LOW,MEDIUM,MEDIUM
51.903584148418766,6.782450133112346,-1.017746910742654,595.6764872939129,28.414213553674003,MEDIUM,MEDIUM,LOW,LOW,MEDIUM,HIGH,HIGH
43.35946400384313,6.149133189447802,-5.618611669120198,339.26003039294153,4.950662442905516,LOW,MEDIUM,MEDIUM,LOW,LOW,HIGH,HIGH
45.89492840545467,-7.257232485558468,-1.7070513153542721,406.0511643341634,10.895674600320964,LOW,MEDIUM,LOW,LOW,LOW,MEDIUM,MEDIUM
85.6024154335546,-7.254023290001314,4.0904729665414745,72.68308107792625,4.242362716122611,CRITICAL,MEDIUM,LOW,MEDIUM,LOW,CRITICAL,CRITICAL
36.799682673941746,-2.8212674638842645,-0.23009404061218844,186.18708385358715,3.6471258833274045,LOW,LOW,LOW,LOW,LOW,LOW,LOW
57.15812998420407,7.917334473535513,8.763142056842803,367.46731290400805,9.568325426909796,MEDIUM,MEDIUM,MEDIUM,LOW,LOW,HIGH,HIGH
68.68284180560225,2.018613762136448,0.7903815290399969,539.1509381786076,5.769598944630544,MEDIUM,LOW,LOW,LOW,LOW,MEDIUM,MEDIUM
27.972598054712623,-1.2433565930999921,4.6244584665812285,220.7247859182278,6.584952383628572,LOW,LOW,LOW,LOW,LOW,LOW,LOW
21.38685531596821,2.5805945655886853,0.6151047208827729,553.074019029766,11.901174341093677,LOW,LOW,LOW,LOW,LOW,LOW,LOW
65.6615992373153,10.251746678995248,12.92899798622608,62.978792691337695,44.930838457289056,MEDIUM,HIGH,HIGH,MEDIUM,HIGH,CRITICAL,CRITICAL
29.71244068047144,0.5983531422827432,-8.06412087805709,0.0,11.74556581670652,LOW,LOW,MEDIUM,CRITICAL,LOW,CRITICAL,CRITICAL
47.1951138562377,3.989402626206104,-2.529776768255915,383.5906686932425,8.798436816547508,LOW,LOW,LOW,LOW,LOW,LOW,LOW
29.297130623124936,0.8126133224226355,5.623653550118686,292.9257197433658,2.5981912719423756,LOW,LOW,MEDIUM,LOW,LOW,MEDIUM,MEDIUM
28.72861797734325,-3.6227823640172345,0.5331822020574964,627.4643112400769,21.82815679874149,LOW,LOW,LOW,LOW,MEDIUM,LOW,MEDIUM
33.420565192108086,-20.235799457667135,0.16892185597717246,234.0722665772716,35.60257899177686,LOW,CRITICAL,LOW,LOW,HIGH,CRITICAL,CRITICAL
61.77254122342811,-1.7362955161425082,-0.8937891037574746,232.67263127906,8.05761880615113,MEDIUM,LOW,LOW,LOW,LOW,MEDIUM,MEDIUM
46.10458339410359,-3.137767674964986,1.7268231412859207,308.3465597024137,14.532045138101493,LOW,LOW,LOW,LOW,LOW,LOW,LOW
43.29559598221155,2.2081009459639724,-0.5562605939371379,413.51881666150155,1.837551302840473,LOW,LOW,LOW,LOW,LOW,LOW,LOW
66.75979164853766,4.740038661143082,21.398758700934227,52.25882581098801,14.393385103148063,MEDIUM,LOW,CRITICAL,MEDIUM,LOW,CRITICAL,CRITICAL
45.44149050629989,7.550205401023386,6.263282376376453,461.7575748632145,20.07690838969232,LOW,MEDIUM,MEDIUM,LOW,MEDIUM,HIGH,HIGH
42.32671481148216,1.8407886600604717,3.957650627931079,385.24108801788856,7.3183999118144,LOW,LOW,LOW,LOW,LOW,LOW,LOW
22.406776936402373,-1.64009056665757,-0.23264278601233665,278.70307316880655,3.4090496547502944,LOW,LOW,LOW,LOW,LOW,LOW,LOW
42.80222581482689,2.4744341904411344,-6.574536568879801,345.67139148203125,9.170874152524945,LOW,LOW,MEDIUM,LOW,LOW,MEDIUM,MEDIUM
30.15629394406283,-0.9059528801167149,-4.306433414972118,255.96143864762277,8.859144566053295,LOW,LOW,LOW,LOW,LOW,LOW,LOW
18.43838366113416,4.035008286736176,-3.8220750736769498,307.4263072269675,11.58032568227112,LOW,LOW,LOW,LOW,LOW,LOW,LOW
66.913551392168,1.352101989001978,-4.751802114302883,223.1654847272661,15.669841658988073,MEDIUM,LOW,LOW,LOW,MEDIUM,MEDIUM,HIGH
55.067570385774125,-4.204526943104672,-1.5168381197062326,319.78962217152247,3.2686137841563756,MEDIUM,LOW,LOW,LOW,LOW,MEDIUM,MEDIUM
19.881455614891394,4.918681305559024,-1.6508009667998327,247.333523332555,7.434261912500171,LOW,LOW,LOW,LOW,LOW,LOW,LOW
47.685313713442795,-3.05883091835185,5.110476052926887,388.21870532022183,14.83551191660606,LOW,LOW,MEDIUM,LOW,LOW,MEDIUM,MEDIUM
28.97507743319143,3.1642022217614563,1.7860670668452756,427.6177202302949,8.172390434565003,LOW,LOW,LOW,LOW,LOW,LOW,LOW
48.518550299048,2.4043309524310565,4.0489836306116205,233.27960239305418,2.3270169039084134,LOW,LOW,LOW,LOW,LOW,LOW,LOW
44.43691797941637,5.081864776345875,-4.123007870041082,350.1142735191228,0.844123288093639,LOW,MEDIUM,LOW,LOW,LOW,MEDIUM,MEDIUM
76.09325026046348,-10.745651017222144,-6.511930787688797,128.88156263964163,16.19477812277188,HIGH,HIGH,MEDIUM,LOW,MEDIUM,CRITICAL,CRITICAL
66.64410101756897,-0.28748314324309593,-5.288691826560034,395.9637815801606,13.560959839901717,MEDIUM,LOW,MEDIUM,LOW,LOW,HIGH,HIGH
44.61882946017607,-3.672105769038286,4.967364620632862,242.65891740515272,3.625956247032733,LOW,LOW,LOW,LOW,LOW,LOW,LOW
50.04535106205922,-7.046329709018593,4.093733822258039,513.3092632625076,10.834277528361717,MEDIUM,MEDIUM,LOW,LOW,LOW,HIGH,HIGH
62.834189441658395,-17.28968029182963,18.636717240505387,15.794587197188225,33.65577098556622,MEDIUM,CRITICAL,CRITICAL,CRITICAL,HIGH,CRITICAL,CRITICAL
45.657212892476416,-3.794511715135293,3.939362659990938,156.15566406869465,9.084241198257768,LOW,LOW,LOW,LOW,LOW,LOW,LOW
42.25495680564144,-2.7731044956926274,-1.5104198122317547,541.009291827293,10.603965765022892,LOW,LOW,LOW,LOW,LOW,LOW,LOW
60.106716434724525,0.486887963761055,-0.3034523719734685,375.19053043829285,5.50984008520695,MEDIUM,LOW,LOW,LOW,LOW,MEDIUM,MEDIUM
21.778674154612602,-1.4059345446446798,4.136906696019051,315.38990369393986,3.0865259373824143,LOW,LOW,LOW,LOW,LOW,LOW,LOW
21.750012322559886,-0.6556116401006823,1.7021471707841132,497.41601442822804,6.228553080791514,LOW,LOW,LOW,LOW,LOW,LOW,LOW
26.08537861637094,1.0309189648442108,3.3810841177834674,349.51250116729705,1.2650193981081201,LOW,LOW,LOW,LOW,LOW,LOW,LOW
50.793173319937544,3.2862006927209433,-7.410641295889414,370.765083703981,4.791202771751347,MEDIUM,LOW,MEDIUM,LOW,LOW,HIGH,HIGH
77.02197723096968,21.155976240177424,4.29306100112252,17.449571541112334,20.234420904536357,HIGH,CRITICAL,LOW,CRITICAL,MEDIUM,CRITICAL,CRITICAL
49.58790406128057,-7.96826025928549,-3.4506654315541274,369.7717567640859,17.19952051088194,LOW,MEDIUM,LOW,LOW,MEDIUM,MEDIUM,HIGH
66.45936595497591,-1.0673621672825464,-2.155038501963843,186.78698660534548,9.844180764000223,MEDIUM,LOW,LOW,LOW,LOW,MEDIUM,MEDIUM
42.42262432984922,-1.8360930019772614,1.7414325081925899,449.0546613216362,14.160641751244034,LOW,LOW,LOW,LOW,LOW,LOW,LOW
50.22298242696672,1.6105579912720487,0.06504813875645721,500.6849007892615,22.030768378007654,MEDIUM,LOW,LOW,LOW,MEDIUM,MEDIUM,HIGH
40.65267136697405,2.28356634547322,-1.3026387223744043,223.5425066807073,10.67635158466367,LOW,LOW,LOW,LOW,LOW,LOW,LOW
60.63192462921664,0.08657184536869778,5.925266060234968,0.0,8.666893000414795,MEDIUM,LOW,MEDIUM,CRITICAL,LOW,CRITICAL,CRITICAL
35.62251317566441,-1.1193563033717573,4.325626177569932,171.691219326351,2.580422073615318,LOW,LOW,LOW,LOW,LOW,LOW,LOW
84.71185560049832,17.78812847357458,13.906105883984695,45.59423732390745,27.357918879804735,HIGH,CRITICAL,HIGH,HIGH,MEDIUM,CRITICAL,CRITICAL
50.45635445289541,-9.218561127096129,19.63972469768867,21.47652808759493,34.343027306040604,MEDIUM,MEDIUM,CRITICAL,HIGH,HIGH,CRITICAL,CRITICAL
53.9251320316242,-0.4225835232067149,-1.1690321021604988,571.5083202677752,11.020890815700549,MEDIUM,LOW,LOW,LOW,LOW,MEDIUM,MEDIUM
64.99202595714148,1.4356399256507435,9.392074034615504,459.67132095485476,15.633049843173655,MEDIUM,LOW,MEDIUM,LOW,MEDIUM,HIGH,HIGH
75.80006253795912,-8.40985789420969,-4.572753037932211,171.18403159253813,9.803308227183003,HIGH,MEDIUM,LOW,LOW,LOW,HIGH,HIGH
40.223946389188605,2.9091175037486376,-0.06429554464829833,337.0284421099075,2.8336219313620195,LOW,LOW,LOW,LOW,LOW,LOW,LOW
75.41698944111778,-6.169368425820426,13.807488116553468,43.48601498546875,31.540338032988664,HIGH,MEDIUM,HIGH,HIGH,HIGH,CRITICAL,CRITICAL
41.6352678716607,-6.641885319213497,-1.5496904004783898,45.870772339110694,1.2743816222206168,LOW,MEDIUM,LOW,HIGH,LOW,HIGH,HIGH
54.1182049967964,-4.774366256136071,6.935532553514433,579.9273269323801,0.782682742511913,MEDIUM,LOW,MEDIUM,LOW,LOW,HIGH,HIGH
32.970937874044274,2.0598979689217067,0.4712322695516305,502.445400593809,5.612237004453734,LOW,LOW,LOW,LOW,LOW,LOW,LOW
42.22911132030775,2.155354814148384,-2.7733196184075264,0.0,15.032774183257944,LOW,LOW,LOW,CRITICAL,MEDIUM,CRITICAL,CRITICAL
59.637219804037954,-1.9683718545287858,0.09696709006219156,164.14117364520965,1.9115845361768193,MEDIUM,LOW,LOW,LOW,LOW,MEDIUM,MEDIUM
71.34739922512979,1.9514673347840379,-3.8077153907050123,490.44004542825843,4.468378576371381,HIGH,LOW,LOW,LOW,LOW,HIGH,HIGH
49.50624149326904,-10.35900877863042,4.477078695939187,449.83701052808277,1.8994783106256494,LOW,HIGH,LOW,LOW,LOW,HIGH,HIGH
23.809768994896324,-2.78491352148872,9.344584398398496,414.41379219883794,15.206041883688016,LOW,LOW,MEDIUM,LOW,MEDIUM,MEDIUM,HIGH
41.819335314495135,7.353354010516895,-1.8354224327529765,413.3692719713289,0.7077647384066006,LOW,MEDIUM,LOW,LOW,LOW,MEDIUM,MEDIUM
79.2286149089498,4.382700683462077,13.758948735784447,170.9127416587783,9.18436454778964,HIGH,LOW,HIGH,LOW,LOW,CRITICAL,CRITICAL
59.787776685022585,-5.6516703976594895,1.0192768733879927,658.8936703517331,6.74935466649041,MEDIUM,MEDIUM,LOW,LOW,LOW,HIGH,HIGH
83.70290463535724,7.499844164039533,3.1224454725169712,9.817866304640122,60.0,HIGH,MEDIUM,LOW,CRITICAL,CRITICAL,CRITICAL,CRITICAL
52.492511954533555,6.774426828146293,2.199841300352118,318.98587110091336,17.53357177930207,MEDIUM,MEDIUM,LOW,LOW,MEDIUM,HIGH,HIGH
30.185125056023374,-2.7289559790973326,-2.0199129400291955,148.6076267363527,18.248204280795647,LOW,LOW,LOW,LOW,MEDIUM,LOW,MEDIUM
98.89856153277,7.809553601498463,-20.458122964030842,38.35355348119025,56.254906732674065,CRITICAL,MEDIUM,CRITICAL,HIGH,CRITICAL,CRITICAL,CRITICAL
35.442079241106654,-2.7978388901562092,-1.7493464295408563,440.4952215196131,8.581516332107768,LOW,LOW,LOW,LOW,LOW,LOW,LOW
47.68977751739704,5.379552408155725,-2.620462305817616,230.8660830145355,5.39073696413225,LOW,MEDIUM,LOW,LOW,LOW,MEDIUM,MEDIUM
36.79238093784348,-0.5506275138907092,6.808431736406561,322.78447057451814,3.528169127318951,LOW,LOW,MEDIUM,LOW,LOW,MEDIUM,MEDIUM
45.378684436224496,-1.0888935369238046,0.5147616092646453,320.2165382436834,4.425931883715161,LOW,LOW,LOW,LOW,LOW,LOW,LOW
46.9314560452265,2.7529638033013595,4.0275343147289835,161.7708906867809,2.9510707571152266,LOW,LOW,LOW,LOW,LOW,LOW,LOW
69.18127933102518,-6.600878206702058,1.8022900458623106,31.84011625663728,13.900178413559239,MEDIUM,MEDIUM,LOW,HIGH,LOW,HIGH,HIGH
36.10884405882078,2.192910879004053,3.3098563400853394,470.1751775924011,8.840923096329247,LOW,LOW,LOW,LOW,LOW,LOW,LOW
40.41524857366379,-4.749624619414727,-4.72385447138808,19.140638289408823,4.8913761390952395,LOW,LOW,LOW,CRITICAL,LOW,CRITICAL,CRITICAL
39.23666077752392,-0.6907093481173167,2.7368176285226644,170.22933282613775,3.4099452025776325,LOW,LOW,LOW,LOW,LOW,LOW,LOW
57.26822950061205,2.296656833455406,-6.894741514236046,503.90029424784,3.6970019028153693,MEDIUM,LOW,MEDIUM,LOW,LOW,HIGH,HIGH
39.3884320865412,-0.9259242782843777,0.2704011849297968,234.51110880980931,5.050818049127272,LOW,LOW,LOW,LOW,LOW,LOW,LOW
51.18331040348171,-5.464031664681043,-0.252010203826421,428.9908943482042,25.076563364725715,MEDIUM,MEDIUM,LOW,LOW,MEDIUM,HIGH,HIGH
64.49146822605682,5.64442003644854,-1.5845388814622574,181.94584101390026,2.6007147553748347,MEDIUM,MEDIUM,LOW,LOW,LOW,HIGH,HIGH
48.786431358236705,0.29876513692913276,-4.080597523826945,105.63974963802532,23.116867793505342,LOW,LOW,LOW,LOW,MEDIUM,LOW,MEDIUM
35.641286972326306,-3.288010080459632,-1.551575299736881,416.49107498358956,12.286600029930831,LOW,LOW,LOW,LOW,LOW,LOW,LOW
61.37645236374966,-8.521451083406982,7.139931026723283,529.6299854190735,8.496289307696678,MEDIUM,MEDIUM,MEDIUM,LOW,LOW,HIGH,HIGH
48.56696044708588,-1.0200869551248064,0.34754055951124635,552.6497922221151,6.836872330155362,LOW,LOW,LOW,LOW,LOW,LOW,LOW
44.546809098235755,8.956742260226786,-0.5358952986051454,32.59672067395907,2.7591634811351016,LOW,MEDIUM,LOW,HIGH,LOW,HIGH,HIGH
88.40528885487575,14.424433736631393,-16.841988203981856,0.1243651662921655,9.234241336131522,CRITICAL,HIGH,CRITICAL,CRITICAL,LOW,CRITICAL,CRITICAL
49.16764214207772,9.377677551055184,4.985051123994722,305.34253106627415,0.2736223888537164,LOW,MEDIUM,LOW,LOW,LOW,MEDIUM,MEDIUM
46.224641016317385,1.1944778683130322,5.023783861753279,396.5245213890745,3.829551115730288,LOW,LOW,MEDIUM,LOW,LOW,MEDIUM,MEDIUM
67.75117196300725,2.631650526371044,0.3588422764772658,231.17046440955923,7.208179488857907,MEDIUM,LOW,LOW,LOW,LOW,MEDIUM,MEDIUM
69.58945702810914,1.1742645355782533,-2.4745905223758413,408.06636816735966,9.283840943158335,MEDIUM,LOW,LOW,LOW,LOW,MEDIUM,MEDIUM
52.755414672371366,3.4342058804135136,0.6455481985380364,304.25735182578137,4.489659909341525,MEDIUM,LOW,LOW,LOW,LOW,MEDIUM,MEDIUM
34.990355917935624,-4.52042221622673,-4.699990597173344,254.94847779176672,3.306206915438532,LOW,LOW,LOW,LOW,LOW,LOW,LOW
68.43366315957437,-0.6302478222151092,0.9670675595372397,399.1975360121469,21.759156218585247,MEDIUM,LOW,LOW,LOW,MEDIUM,MEDIUM,HIGH
36.36621819232063,0.6246273235889646,-1.577572408670325,553.2959400971448,11.25087224767396,LOW,LOW,LOW,LOW,LOW,LOW,LOW
47.66491494703484,-0.6904129904672899,4.7148963463424876,437.7711815420836,3.720302052036895,LOW,LOW,LOW,LOW,LOW,LOW,LOW
59.96131407186526,-1.0085557964450278,-6.394796502594041,581.5979252986125,2.4296626856400745,MEDIUM,LOW,MEDIUM,LOW,LOW,HIGH,HIGH
65.24209657892436,-3.8258685749584407,1.7996355553249113,200.69580777554825,15.419897865876003,MEDIUM,LOW,LOW,LOW,MEDIUM,MEDIUM,HIGH
60.17858375624657,8.098897683264035,-1.0481301879452614,384.4021147552887,8.968862572893508,MEDIUM,MEDIUM,LOW,LOW,LOW,HIGH,HIGH
57.07843666960512,2.7245063784543393,4.598284624527929,162.61411999066183,16.29439958764931,MEDIUM,LOW,LOW,LOW,MEDIUM,MEDIUM,HIGH
67.40815642021369,-0.7619402051982789,-9.847023550247336,66.51746574901782,4.5714937833907765,MEDIUM,LOW,MEDIUM,MEDIUM,LOW,HIGH,HIGH
75.85642950875018,-13.814830654429377,-2.226042348434289,809.7198664250644,42.14828419508371,HIGH,HIGH,LOW,LOW,HIGH,CRITICAL,CRITICAL
78.7355090015416,-17.309349797690384,7.499045569228285,277.16319782081575,7.9447955479478765,HIGH,CRITICAL,MEDIUM,LOW,LOW,CRITICAL,CRITICAL
58.08691953697752,-14.68900676610031,-2.1026995995665447,9.719924260605021,16.881763226757528,MEDIUM,HIGH,LOW,CRITICAL,MEDIUM,CRITICAL,CRITICAL
60.08242980459568,3.336110274905323,-0.6952540515668816,263.89399101417115,4.354838814815922,MEDIUM,LOW,LOW,LOW,LOW,MEDIUM,MEDIUM
40.34782507483981,3.7986374344497555,-5.667765901037604,328.5679788970789,15.313196773481524,LOW,LOW,MEDIUM,LOW,MEDIUM,MEDIUM,HIGH
39.57730159339699,-1.631595698174592,-1.2766579328726746,231.20827763361237,9.099682410922775,LOW,LOW,LOW,LOW,LOW,LOW,LOW
45.43656100722617,4.813447934232762,-7.587949241996078,554.4648672678778,10.287853200892993,LOW,LOW,MEDIUM,LOW,LOW,MEDIUM,MEDIUM
72.84623276739502,3.041277263037695,-2.3407434103971387,420.6090547970987,11.816622499342797,HIGH,LOW,LOW,LOW,LOW,HIGH,HIGH
30.079240889461204,1.204691771549946,-0.22778325855357018,276.59474494150334,1.7259715889111407,LOW,LOW,LOW,LOW,LOW,LOW,LOW
42.35389419557509,1.414718382022818,-5.430529779795628,327.17793470013055,16.77323845554484,LOW,LOW,MEDIUM,LOW,MEDIUM,MEDIUM,HIGH
46.02977185611425,0.2531080796405243,-0.421518977908625,219.20899401168265,4.4923738068852535,LOW,LOW,LOW,LOW,LOW,LOW,LOW
60.5848635090698,21.904137374803806,-11.094662633631796,68.68944809820519,38.534743404314476,MEDIUM,CRITICAL,HIGH,MEDIUM,HIGH,CRITICAL,CRITICAL
49.41888931415058,-8.403924841998395,-5.850869341709196,365.5399433816893,3.7636978314290177,LOW,MEDIUM,MEDIUM,LOW,LOW,HIGH,HIGH
59.948719429119336,-2.1307252276574813,-6.505539498018092,449.09953062476524,2.1738867859286235,MEDIUM,LOW,MEDIUM,LOW,LOW,HIGH,HIGH
24.907617555449463,-0.4882387814760936,-6.907344592080608,637.9226219727061,10.041479101009207,LOW,LOW,MEDIUM,LOW,LOW,MEDIUM,MEDIUM
47.054596343980016,2.730864323716569,3.1014420088823416,63.30203108405038,3.062868386241802,LOW,LOW,LOW,MEDIUM,LOW,MEDIUM,MEDIUM
49.79059696144718,20.972703983512332,-7.937449319409247,19.40795147376812,39.68930212717544,LOW,CRITICAL,MEDIUM,CRITICAL,HIGH,CRITICAL,CRITICAL
63.784132162959224,1.0181625855981586,5.34138142694817,317.1664338675346,12.476086742264537,MEDIUM,LOW,MEDIUM,LOW,LOW,HIGH,HIGH
43.27451199578975,14.272578950412823,-3.9196008232510655,24.333119935195114,13.93027556476673,LOW,HIGH,LOW,HIGH,LOW,CRITICAL,CRITICAL
57.957631404581726,1.2141745880117243,-1.9261770314441977,497.44480653260325,2.032510208077474,MEDIUM,LOW,LOW,LOW,LOW,MEDIUM,MEDIUM
39.837164222553405,-8.501814391776572,2.3286679869493914,327.4577513512453,2.861078765911447,LOW,MEDIUM,LOW,LOW,LOW,MEDIUM,MEDIUM
36.655814026943844,4.905121653670822,4.2130311786543695,281.72783355449576,0.9564663047742736,LOW,LOW,LOW,LOW,LOW,LOW,LOW
41.35228577884348,2.4882596199608,3.672971285740006,327.0127027132457,5.635270924647751,LOW,LOW,LOW,LOW,LOW,LOW,LOW
11.735302189203594,-2.4938936683619035,2.937853861300346,145.33813328602784,1.8085304177437636,LOW,LOW,LOW,LOW,LOW,LOW,LOW
40.75467591691608,-0.03622505449192475,-3.4807058805015996,629.5844936039757,18.3376821795931,LOW,LOW,LOW,LOW,MEDIUM,LOW,MEDIUM
69.27160174571532,-2.7536732877328456,6.478956329537254,525.6819015908761,17.166147275999407,MEDIUM,LOW,MEDIUM,LOW,MEDIUM,HIGH,HIGH
59.31823837740578,-8.421161206778029,6.2744552029715805,27.384668973742794,12.273422091020905,MEDIUM,MEDIUM,MEDIUM,HIGH,LOW,HIGH,HIGH
52.21646498142366,-6.0684134687324365,-3.7286442194614478,569.0900842813959,17.05387664177215,MEDIUM,MEDIUM,LOW,LOW,MEDIUM,HIGH,HIGH
81.73763561183696,-13.917161922979997,14.209877751867923,13.084922887230018,6.150833718149027,HIGH,HIGH,HIGH,CRITICAL,LOW,CRITICAL,CRITICAL
48.78672832430495,10.150236442624143,2.3961251210203804,183.92986961597305,14.066404250933527,LOW,HIGH,LOW,LOW,LOW,HIGH,HIGH
44.980048829605145,2.5094906807496886,0.6111294684009421,638.3421412585769,6.167259825172092,LOW,LOW,LOW,LOW,LOW,LOW,LOW
37.43159201645834,-5.555373472917871,3.5008599006535435,143.12976907349167,11.666766812803234,LOW,MEDIUM,LOW,LOW,LOW,MEDIUM,MEDIUM
52.148762204750895,3.6293717842440696,0.613684782015675,134.06822870467758,3.133153995383963,MEDIUM,LOW,LOW,LOW,LOW,MEDIUM,MEDIUM
34.07011288449326,-3.9243151295716605,-1.391189441417523,0.0,12.5093821770851,LOW,LOW,LOW,CRITICAL,LOW,CRITICAL,CRITICAL
48.75858733612307,-3.301082180784807,-8.073040613316111,104.40069940677307,4.939034041086519,LOW,LOW,MEDIUM,LOW,LOW,MEDIUM,MEDIUM
58.47445306809071,0.36407385388651714,2.5073722447282285,78.83537126619619,3.983876883877382,MEDIUM,LOW,LOW,MEDIUM,LOW,HIGH,HIGH
95.38361597980011,17.464954129955835,13.855082971310294,125.06179252796198,18.229362043263702,CRITICAL,CRITICAL,HIGH,LOW,MEDIUM,CRITICAL,CRITICAL
24.524183353943744,7.789026954657129,0.1119981807782517,159.04083397407487,2.117318697363969,LOW,MEDIUM,LOW,LOW,LOW,MEDIUM,MEDIUM
52.00311316699093,5.913919510486907,-14.174355294076538,26.956414194368634,20.872969356081082,MEDIUM,MEDIUM,HIGH,HIGH,MEDIUM,CRITICAL,CRITICAL
39.323962411238284,2.18150234711472,-2.4152726328831373,279.2768088128918,7.783313417931245,LOW,LOW,LOW,LOW,LOW,LOW,LOW
37.731351847424065,-7.441646008785978,3.96437150639216,181.5141476513275,2.465337633265089,LOW,MEDIUM,LOW,LOW,LOW,MEDIUM,MEDIUM
44.35325182329372,-3.6811666026565417,3.155518324496846,349.67697241695487,2.3823422341000704,LOW,LOW,LOW,LOW,LOW,LOW,LOW
30.480557408073054,-3.8311334276118694,-1.0035367183294772,392.81442812504133,10.671708387453869,LOW,LOW,LOW,LOW,LOW,LOW,LOW
46.86237905770823,-0.7062322128650618,-1.7183724990332192,517.7199077945229,10.50818452489368,LOW,LOW,LOW,LOW,LOW,LOW,LOW
58.129221399527644,-0.7716614843655313,-1.6448272422832637,112.0187705401268,10.998944477976769,MEDIUM,LOW,LOW,LOW,LOW,MEDIUM,MEDIUM
64.78169527720185,-3.385955720099511,0.7708693739589331,394.00365380322387,7.266342377838178,MEDIUM,LOW,LOW,LOW,LOW,MEDIUM,MEDIUM
16.81714629385276,0.7078369989593333,9.401356480617212,578.7462013382443,16.385184202545222,LOW,LOW,MEDIUM,LOW,MEDIUM,MEDIUM,HIGH
79.42085070704248,-4.1071676141578894,0.11772033925748106,155.8510042309756,34.94014524634275,HIGH,LOW,LOW,LOW,HIGH,HIGH,CRITICAL
64.57186974763532,-0.5886127515003448,-0.20695545973195031,71.63924467116813,23.177183638744157,MEDIUM,LOW,LOW,MEDIUM,MEDIUM,HIGH,HIGH
22.692332781749506,7.759073052946759,-5.558214316468241,323.55702349303846,4.11905420440161,LOW,MEDIUM,MEDIUM,LOW,LOW,HIGH,HIGH
53.53446577254501,-5.652711367463204,7.11146856111523,566.7934321035164,4.72792504567975,MEDIUM,MEDIUM,MEDIUM,LOW,LOW,HIGH,HIGH
33.19185468322405,-8.196926878138111,8.527313871196116,547.6973420516648,4.052686450049241,LOW,MEDIUM,MEDIUM,LOW,LOW,HIGH,HIGH
35.77889075823173,5.095786917899789,-5.980558633935534,145.1128157075422,10.692373221674332,LOW,MEDIUM,MEDIUM,LOW,LOW,HIGH,HIGH
27.575289215442883,-1.1370362182818727,-1.1829194834832129,345.4746924417444,9.024518967386275,LOW,LOW,LOW,LOW,LOW,LOW,LOW
34.50215160513365,-3.4466548134909587,-8.409221565379761,375.1213675078407,2.0770484304840466,LOW,LOW,MEDIUM,LOW,LOW,MEDIUM,MEDIUM
42.4763669470422,2.5079266591873344,-2.940857513610135,284.2077254694612,0.5010829474431132,LOW,LOW,LOW,LOW,LOW,LOW,LOW
57.54346464616301,1.9070902120104152,-3.8993423061143875,204.51581126215572,2.7702382335175035,MEDIUM,LOW,LOW,LOW,LOW,MEDIUM,MEDIUM
53.98841445996584,0.9292401794492812,-3.137028743882418,167.2797434693652,7.548852647339542,MEDIUM,LOW,LOW,LOW,LOW,MEDIUM,MEDIUM
48.71729528280482,-3.8619380049284366,-1.4290301091278212,9.602008171589056,12.766112714533204,LOW,LOW,LOW,CRITICAL,LOW,CRITICAL,CRITICAL
80.35234577089595,12.761125816392752,-20.05085321021258,32.45436442257048,38.094794177341434,HIGH,HIGH,CRITICAL,HIGH,HIGH,CRITICAL,CRITICAL
59.34744713762305,-3.1930488329565097,-3.358708984704747,165.62912910273764,5.471203903494333,MEDIUM,LOW,LOW,LOW,LOW,MEDIUM,MEDIUM
91.57350842694966,7.182886802189969,-13.829333617306412,178.76235041464213,12.659162121406233,CRITICAL,MEDIUM,HIGH,LOW,LOW,CRITICAL,CRITICAL
68.14744633890078,-1.0136720624505609,12.076539297645368,1.8188668656127511,33.508247901999574,MEDIUM,LOW,HIGH,CRITICAL,HIGH,CRITICAL,CRITICAL
18.39968948088792,5.167990504504226,-1.7883863914626286,629.8712432767263,8.586085440386821,LOW,MEDIUM,LOW,LOW,LOW,MEDIUM,MEDIUM
75.37926312932167,5.904866072118936,2.6544988732849224,336.7321074565774,9.24289425604487,HIGH,MEDIUM,LOW,LOW,LOW,HIGH,HIGH
31.89325669337514,-1.508243268728177,-5.467756634328437,351.029830597842,8.866920999664602,LOW,LOW,MEDIUM,LOW,LOW,MEDIUM,MEDIUM
56.92603067028986,-15.286549348590652,13.102512074969987,51.4780090748132,22.56103346886774,MEDIUM,CRITICAL,HIGH,MEDIUM,MEDIUM,CRITICAL,CRITICAL
70.31120640935966,3.115501775952849,7.905926937518424,50.86521399103805,28.73225543667637,HIGH,LOW,MEDIUM,MEDIUM,MEDIUM,HIGH,HIGH
41.18836932602462,1.649905356592621,-0.6439108274590865,430.40220856458086,28.858574364951206,LOW,LOW,LOW,LOW,MEDIUM,LOW,MEDIUM
38.248147900591626,2.0291999425190075,-2.960727698425113,241.15366608252515,22.714183708311708,LOW,LOW,LOW,LOW,MEDIUM,LOW,MEDIUM
63.46368136323204,0.8046623532460647,10.142694565113876,219.96236601031788,7.112432736403442,MEDIUM,LOW,HIGH,LOW,LOW,HIGH,HIGH
29.892378964385248,-3.7964705131199534,-2.719743779033661,147.11613493726816,2.665309953088158,LOW,LOW,LOW,LOW,LOW,LOW,LOW
49.85090782598531,0.20036059428318842,2.223425806207425,338.05342894219024,1.9255301034831176,LOW,LOW,LOW,LOW,LOW,LOW,LOW
83.89993662288491,-8.48279560274134,-13.318475741865829,25.820115427270267,16.77059602757798,HIGH,MEDIUM,HIGH,HIGH,MEDIUM,CRITICAL,CRITICAL
55.11607201585423,0.45872463702604166,-3.382093566341513,324.84736120872117,3.098758915026722,MEDIUM,LOW,LOW,LOW,LOW,MEDIUM,MEDIUM
56.30920243139008,-15.136638692545878,-21.247827719067292,246.90126343316777,12.70759294732271,MEDIUM,CRITICAL,CRITICAL,LOW,LOW,CRITICAL,CRITICAL
87.3798449483407,-8.28306357922052,-3.9960356638357153,35.25955894993059,4.915942162496,CRITICAL,MEDIUM,LOW,HIGH,LOW,CRITICAL,CRITICAL
54.63600633820671,-6.6996655916728844,-1.8200349828845526,545.6272454124003,4.954903104880401,MEDIUM,MEDIUM,LOW,LOW,LOW,HIGH,HIGH
13.266578788219816,-3.1841954001369377,4.62582595106907,30.120556150239825,19.34644641987322,LOW,LOW,LOW,HIGH,MEDIUM,HIGH,HIGH
37.35841583669654,-2.8111086639680143,3.7877487278208286,317.6362965490468,10.654306339069246,LOW,LOW,LOW,LOW,LOW,LOW,LOW
46.138515343265524,-9.39362251522368,-4.622965094403965,572.8209562236245,10.014187979442077,LOW,MEDIUM,LOW,LOW,LOW,MEDIUM,MEDIUM
62.31534429228638,5.552360129517113,-0.5495543976671029,445.4709750664555,24.052057655342963,MEDIUM,MEDIUM,LOW,LOW,MEDIUM,HIGH,HIGH
44.02234849616622,1.165377844456624,-4.595572272240759,315.15468619336997,1.7357135198666083,LOW,LOW,LOW,LOW,LOW,LOW,LOW
20.685599258195392,4.08660334023071,-7.105195846263115,71.72813997385259,6.305581091966537,LOW,LOW,MEDIUM,MEDIUM,LOW,HIGH,HIGH
48.776778685132484,0.08565625797951615,-3.942135366396768,515.9402098668139,15.899162956982263,LOW,LOW,LOW,LOW,MEDIUM,LOW,MEDIUM
25.606894016932056,-0.6789219491420856,8.493282053124076,259.21684629075367,3.959876389073637,LOW,LOW,MEDIUM,LOW,LOW,MEDIUM,MEDIUM
47.558633722155335,3.9784896770999825,-3.055394650935836,127.63461043280758,5.410124574435019,LOW,LOW,LOW,LOW,LOW,LOW,LOW
22.323801928677536,8.827219728217878,-0.8933374777364087,428.2241301737752,3.583932516422153,LOW,MEDIUM,LOW,LOW,LOW,MEDIUM,MEDIUM
49.814789539071235,-3.3646035164571413,2.946572159863857,148.5716519152084,9.232343738881996,LOW,LOW,LOW,LOW,LOW,LOW,LOW
75.34299177550189,1.0741437209782991,-1.6511753774091678,296.38265780849053,4.658175276718156,HIGH,LOW,LOW,LOW,LOW,HIGH,HIGH
38.1164225381476,-0.08624847155480178,5.756809057277716,445.23493671135685,6.568968561064499,LOW,LOW,MEDIUM,LOW,LOW,MEDIUM,MEDIUM
37.1528438033771,-3.08414525656409,-0.031099777811900715,59.773738743712904,8.23653867373357,LOW,LOW,LOW,MEDIUM,LOW,MEDIUM,MEDIUM
17.072711107174186,2.9096285399767696,3.8391938482936614,298.39427962532386,6.081532770689936,LOW,LOW,LOW,LOW,LOW,LOW,LOW
14.656857641563658,1.265742733705809,-3.177127388540139,547.0945225452944,7.418640477487758,LOW,LOW,LOW,LOW,LOW,LOW,LOW
34.50625955254024,-0.08749255017872636,7.755768522542856,0.0,5.733126725990886,LOW,LOW,MEDIUM,CRITICAL,LOW,CRITICAL,CRITICAL
72.39481681946636,4.9566791202256475,3.1363889053628844,150.8600080908028,41.720326112715895,HIGH,LOW,LOW,LOW,HIGH,HIGH,CRITICAL
48.02238484699912,5.147195410903605,-1.265106172763669,297.7454116276657,0.7884523442580477,LOW,MEDIUM,LOW,LOW,LOW,MEDIUM,MEDIUM
60.84246065715053,10.078832309505229,-0.15011586050257222,196.01869188159793,11.745887890422287,MEDIUM,HIGH,LOW,LOW,LOW,HIGH,HIGH
50.378215708188414,0.13864572822874124,-1.2147527587073506,561.0687125737412,3.109261334905859,MEDIUM,LOW,LOW,LOW,LOW,MEDIUM,MEDIUM
49.12353169623332,2.968620697112689,5.66002301129618,113.01463053745539,6.957230284357021,LOW,LOW,MEDIUM,LOW,LOW,MEDIUM,MEDIUM
57.03937140117717,-2.2723742063641033,-6.259663696640284,597.0255101477306,2.4766491416733816,MEDIUM,LOW,MEDIUM,LOW,LOW,HIGH,HIGH
81.77568937495937,8.590132531119943,-2.009170680308309,506.40678121121107,4.728517141746115,HIGH,MEDIUM,LOW,LOW,LOW,HIGH,HIGH
59.52034060014391,-1.9909805691246876,-5.235375368011994,340.83480853894076,8.768449183855122,MEDIUM,LOW,MEDIUM,LOW,LOW,HIGH,HIGH
37.92233068266743,2.2046239010328974,4.354574173195241,516.7606664284974,5.146401921401599,LOW,LOW,LOW,LOW,LOW,LOW,LOW
56.810627073359896,-3.1079648467741774,-1.8266703596189053,362.96915303359805,19.200004635431732,MEDIUM,LOW,LOW,LOW,MEDIUM,MEDIUM,HIGH
47.89176116586447,-0.9617005386014168,1.4489401582199388,298.14849982336983,16.986232667876024,LOW,LOW,LOW,LOW,MEDIUM,LOW,MEDIUM
19.39138297191949,10.971186417480078,-1.309474763775008,586.3705616764425,19.55273832123166,LOW,HIGH,LOW,LOW,MEDIUM,HIGH,HIGH
92.01385762050687,7.1987845770985555,-16.321531420899444,56.7848570939415,11.39148864832512,CRITICAL,MEDIUM,CRITICAL,MEDIUM,LOW,CRITICAL,CRITICAL
41.19148555888687,1.9964745925089444,2.693812433263791,553.2806225893578,5.146490847917681,LOW,LOW,LOW,LOW,LOW,LOW,LOW
59.254189252324196,1.2881888173027725,-1.5982122239870002,541.5696569320047,4.865066146912796,MEDIUM,LOW,LOW,LOW,LOW,MEDIUM,MEDIUM
68.55587760506724,6.300982427076384,0.7318306535708908,378.9957264068927,3.649311353206306,MEDIUM,MEDIUM,LOW,LOW,LOW,HIGH,HIGH
68.40550226257322,3.5085384775114,2.357133731830386,258.7492357532673,9.270240643994542,MEDIUM,LOW,LOW,LOW,LOW,MEDIUM,MEDIUM
31.30426224004903,0.07260306464311896,5.74259314167467,202.60334247894787,9.722110544763115,LOW,LOW,MEDIUM,LOW,LOW,MEDIUM,MEDIUM
24.87416634965529,2.7782004160145775,-2.9764558604245783,1000.0,8.492601331399488,LOW,LOW,LOW,LOW,LOW,LOW,LOW
10.46981729797202,3.3840477536830655,7.231731355809881,158.29684114136467,2.985906224630917,LOW,LOW,MEDIUM,LOW,LOW,MEDIUM,MEDIUM
51.613198473562235,-1.1101000445596385,5.685752699410021,259.2521209603497,3.1150949873432814,MEDIUM,LOW,MEDIUM,LOW,LOW,HIGH,HIGH
40.43938351270025,-3.717298352966509,-3.11162289669826,363.4161200400038,8.714027625709003,LOW,LOW,LOW,LOW,LOW,LOW,LOW
23.640294992685494,1.9250978185988747,2.3184294005517265,477.2360210734788,11.370118770003938,LOW,LOW,LOW,LOW,LOW,LOW,LOW
59.93479128542106,18.53266887969406,-9.589634410277577,122.27703091463455,27.284818944054106,MEDIUM,CRITICAL,MEDIUM,LOW,MEDIUM,CRITICAL,CRITICAL
42.1858628303358,-4.067578056950403,3.6036630471412363,239.45627440397763,1.1046102245775382,LOW,LOW,LOW,LOW,LOW,LOW,LOW
1.7697995524795496,-5.556115282412724,-5.224483035459014,488.93647629362175,12.511553360349762,LOW,MEDIUM,MEDIUM,LOW,LOW,HIGH,HIGH
39.38317627947931,-1.8596523022240925,-5.333728581798274,179.21026310779826,15.023338922268824,LOW,LOW,MEDIUM,LOW,MEDIUM,MEDIUM,HIGH
52.55831807069101,-8.00362179381945,3.813393020944246,778.4506466411603,8.044808053083893,MEDIUM,MEDIUM,LOW,LOW,LOW,HIGH,HIGH
24.821513218502545,6.4657022299601605,-7.1846586366743255,445.45511280492843,11.234923276138728,LOW,MEDIUM,MEDIUM,LOW,LOW,HIGH,HIGH
26.40494340971279,-13.76631698874073,-4.6725356967694145,604.4353649172524,6.071026341010906,LOW,HIGH,LOW,LOW,LOW,HIGH,HIGH
46.0111212759123,0.3741818375445875,-4.05768649313434,254.59796527255043,3.0206541463257865,LOW,LOW,LOW,LOW,LOW,LOW,LOW
26.625389894552875,-1.1416940838208645,-2.0758283305739096,295.25216315818375,4.755741452847478,LOW,LOW,LOW,LOW,LOW,LOW,LOW
24.990500535181628,2.2538140864049567,1.0633985940331379,409.1587096710166,11.813247067116182,LOW,LOW,LOW,LOW,LOW,LOW,LOW
51.84962290961918,-9.38958258565354,0.10705759100895632,405.4136198528065,1.5238206607087144,MEDIUM,MEDIUM,LOW,LOW,LOW,HIGH,HIGH
88.6426146122023,2.376590013516198,16.488678613919777,104.60164394920248,9.962772780493994,CRITICAL,LOW,CRITICAL,LOW,LOW,CRITICAL,CRITICAL
26.8456632865443,2.522661639550692,-0.17215972894635795,240.8152365585685,0.8118937224858105,LOW,LOW,LOW,LOW,LOW,LOW,LOW
29.837794933240247,1.5903534914047954,0.9629064378271223,573.3235097258016,3.771365085813461,LOW,LOW,LOW,LOW,LOW,LOW,LOW
51.61581169223467,1.4105203793709638,1.3454695710674336,195.59645492497955,14.82009694715535,MEDIUM,LOW,LOW,LOW,LOW,MEDIUM,MEDIUM
37.35106131951387,-7.594485382751279,2.987984153421389,311.78393936352506,10.263603412217954,LOW,MEDIUM,LOW,LOW,LOW,MEDIUM,MEDIUM
48.43778253257715,10.549840350864255,22.839756977090957,257.672831556967,18.996062336330596,LOW,HIGH,CRITICAL,LOW,MEDIUM,CRITICAL,CRITICAL
40.947598400817384,-4.28519548106752,-1.682366137760161,742.5467089467533,7.625402932424683,LOW,LOW,LOW,LOW,LOW,LOW,LOW
58.46707922167988,-2.418478882068829,-2.151106223218191,354.217782886533,13.99552140185314,MEDIUM,LOW,LOW,LOW,LOW,MEDIUM,MEDIUM
24.468681966059563,2.065372002176226,3.8294298204471096,503.4128210541211,6.983650924924667,LOW,LOW,LOW,LOW,LOW,LOW,LOW
55.78370755805023,-4.720095656394027,-7.381577300891617,497.7767766350439,2.534394245821214,MEDIUM,LOW,MEDIUM,LOW,LOW,HIGH,HIGH
20.037255681434594,3.790244742552333,5.264764681265707,0.0,2.188717673922253,LOW,LOW,MEDIUM,CRITICAL,LOW,CRITICAL,CRITICAL
38.10452786289119,-0.9610273593376883,-3.5749811284706134,141.44208248187502,20.803402462075717,LOW,LOW,LOW,LOW,MEDIUM,LOW,MEDIUM
48.944791861570735,5.618047233693584,6.6589829308908195,420.7856715196046,4.038840569622654,LOW,MEDIUM,MEDIUM,LOW,LOW,HIGH,HIGH
74.21836469702642,0.27943918792704575,4.554555798748536,0.0,21.320787055755904,HIGH,LOW,LOW,CRITICAL,MEDIUM,CRITICAL,CRITICAL
34.111745074187944,1.7562573034109357,2.0928619677311513,452.5980029237382,5.507387922620383,LOW,LOW,LOW,LOW,LOW,LOW,LOW
100.0,-5.379080634843598,-13.043085798006642,113.51430560014879,60.0,CRITICAL,MEDIUM,HIGH,LOW,CRITICAL,CRITICAL,CRITICAL
90.54533839042027,-18.530321488188115,7.744616061082581,0.3115726461742932,10.170828864344745,CRITICAL,CRITICAL,MEDIUM,CRITICAL,LOW,CRITICAL,CRITICAL
45.88205151660499,-11.379346853865012,26.462247601909198,336.1369147706193,25.36830796437136,LOW,HIGH,CRITICAL,LOW,MEDIUM,CRITICAL,CRITICAL
42.366057980055714,7.251560879763702,-1.5849412402766745,333.54433484555835,15.117824336605068,LOW,MEDIUM,LOW,LOW,MEDIUM,MEDIUM,HIGH
38.98896302075475,-6.925060271869239,-1.165934851046884,311.79384409875007,6.690493419975656,LOW,MEDIUM,LOW,LOW,LOW,MEDIUM,MEDIUM
100.0,-14.806805023287286,16.80776024228886,139.0350224270152,25.064983990024942,CRITICAL,HIGH,CRITICAL,LOW,MEDIUM,CRITICAL,CRITICAL
11.72646704531375,-0.04621071590622868,-1.048912548935329,146.06394295557183,10.483448228516266,LOW,LOW,LOW,LOW,LOW,LOW,LOW
70.74810473816207,2.682813835354422,-10.532572176088143,533.4077632010478,2.718944844242545,HIGH,LOW,HIGH,LOW,LOW,CRITICAL,CRITICAL
100.0,-10.354806678560228,-21.85050662181683,10.253777804916265,30.984148854929664,CRITICAL,HIGH,CRITICAL,CRITICAL,HIGH,CRITICAL,CRITICAL
100.0,11.391659538570197,19.276164474363732,87.82660798194269,18.514188825594463,CRITICAL,HIGH,CRITICAL,MEDIUM,MEDIUM,CRITICAL,CRITICAL
40.041702189496675,2.652376085361376,3.879071112013963,538.6550596229395,10.879988299302736,LOW,LOW,LOW,LOW,LOW,LOW,LOW
48.68733490012949,8.167416347452395,4.178389789513876,467.36026205349475,18.30560421266941,LOW,MEDIUM,LOW,LOW,MEDIUM,MEDIUM,HIGH
47.26028786825791,-2.7900662825444784,3.2612675408316205,387.1987457290084,3.6439779103192773,LOW,LOW,LOW,LOW,LOW,LOW,LOW
73.9800922365617,-4.1728464499988,-0.6533290913762949,26.752641138833884,29.654900732062416,HIGH,LOW,LOW,HIGH,MEDIUM,CRITICAL,CRITICAL
76.66556505133939,5.161003966296456,-8.297296504697469,110.02347692428064,34.43276908377104,HIGH,MEDIUM,MEDIUM,LOW,HIGH,HIGH,CRITICAL
36.18823087716439,-0.9454992955046997,-2.4665764151440275,371.16267892657083,1.7908244758375274,LOW,LOW,LOW,LOW,LOW,LOW,LOW
76.89662741289578,-0.48079337434974584,-1.0352546819716861,336.66982340406673,6.78923191519167,HIGH,LOW,LOW,LOW,LOW,HIGH,HIGH
61.074283586380965,4.586525416786626,-15.59675244138553,76.28158906265358,15.889080462897674,MEDIUM,LOW,CRITICAL,MEDIUM,MEDIUM,CRITICAL,CRITICAL
39.71016769703888,-4.523975358637064,-3.1357095635314685,510.3967920796478,14.225017697999485,LOW,LOW,LOW,LOW,LOW,LOW,LOW
50.74794226812612,3.0335548520445754,-3.5310739133556517,12.009524496162802,3.208670119930864,MEDIUM,LOW,LOW,CRITICAL,LOW,CRITICAL,CRITICAL
87.37980114020209,7.475123572826844,24.909434654903944,93.7331407292194,6.950069874430839,CRITICAL,MEDIUM,CRITICAL,MEDIUM,LOW,CRITICAL,CRITICAL
48.21050756716548,6.017232010809507,0.6872179628640155,189.24968515707667,6.335259485715605,LOW,MEDIUM,LOW,LOW,LOW,MEDIUM,MEDIUM
41.530165084622666,2.406441930350237,-5.206992487645637,534.023124019358,2.3348100849981233,LOW,LOW,MEDIUM,LOW,LOW,MEDIUM,MEDIUM
36.9115569481565,2.0251138859503484,-1.81263157474374,361.3517053078616,14.963783263529526,LOW,LOW,LOW,LOW,LOW,LOW,LOW
35.94388360250605,-0.8080668745667983,-4.60352137310452,269.88720215561716,2.0481779073270805,LOW,LOW,LOW,LOW,LOW,LOW,LOW
84.55143294740118,-2.557656733538488,14.18275743326323,143.0156585189673,24.99657756231474,HIGH,LOW,HIGH,LOW,MEDIUM,CRITICAL,CRITICAL
43.02424375843881,-0.003292755455607478,-6.294172893560927,573.1167941421635,6.485998390441488,LOW,LOW,MEDIUM,LOW,LOW,MEDIUM,MEDIUM
56.89685009373633,-1.5430418815784637,4.850215703017356,78.24665980196643,15.94227152896005,MEDIUM,LOW,LOW,MEDIUM,MEDIUM,HIGH,HIGH
58.624665618177616,2.160024419608536,-1.180440044293818,265.8858241612517,3.013709714015247,MEDIUM,LOW,LOW,LOW,LOW,MEDIUM,MEDIUM
55.7321764767455,-0.4915441679076522,-1.0892984399790473,301.6396490463726,7.418921574960522,MEDIUM,LOW,LOW,LOW,LOW,MEDIUM,MEDIUM
54.801560560081,6.0212869040779395,-0.25533395490517996,389.51281090928336,8.593228098070012,MEDIUM,MEDIUM,LOW,LOW,LOW,HIGH,HIGH
45.45568014619438,4.4455043559570235,5.6288440859135855,454.8163193944069,3.672733655852731,LOW,LOW,MEDIUM,LOW,LOW,MEDIUM,MEDIUM
43.03821422246339,-4.7537088358352495,1.9150364236992417,267.6571425382023,3.561523233287721,LOW,LOW,LOW,LOW,LOW,LOW,LOW
32.021840994693996,3.491515799675146,1.5072602841631082,222.00949581191145,11.644920374935685,LOW,LOW,LOW,LOW,LOW,LOW,LOW
42.623756479976734,-2.6677609368139654,-2.630815943871725,377.2425621523529,8.30323916051515,LOW,LOW,LOW,LOW,LOW,LOW,LOW
37.69847650567821,2.177765334676046,6.32701663030993,123.40329985335447,9.70473635796144,LOW,LOW,MEDIUM,LOW,LOW,MEDIUM,MEDIUM
57.45983536943112,7.21985009232542,-0.8655193527129365,357.45348814519576,13.23680419374568,MEDIUM,MEDIUM,LOW,LOW,LOW,HIGH,HIGH
41.496154015830015,3.907931230647826,3.368275441511605,0.0,7.3167811875791475,LOW,LOW,LOW,CRITICAL,LOW,CRITICAL,CRITICAL
39.081007998913286,2.604748475610895,-0.23679888661827747,403.1227795157524,11.499685551949302,LOW,LOW,LOW,LOW,LOW,LOW,LOW
32.28492076177447,-5.588220092587895,0.0800128793098556,344.8419810136525,16.954314260884168,LOW,MEDIUM,LOW,LOW,MEDIUM,MEDIUM,HIGH
26.562075714322017,9.56731087856806,-6.204480295502386,244.5103943907206,11.702169700594652,LOW,MEDIUM,MEDIUM,LOW,LOW,HIGH,HIGH
26.542859127341238,1.657067599165565,-4.429700182402841,368.7209761667425,27.963816770911937,LOW,LOW,LOW,LOW,MEDIUM,LOW,MEDIUM
39.786185655827694,1.4743187951475936,-3.92716940109148,192.00909253637616,3.1313752357921714,LOW,LOW,LOW,LOW,LOW,LOW,LOW
38.61345190836959,-2.7358732697842156,-3.8237304836204418,534.1191949824176,16.74708961948547,LOW,LOW,LOW,LOW,MEDIUM,LOW,MEDIUM
65.85978916548109,-15.213966539478145,1.3947926075108137,34.61174318827046,9.513041219586329,MEDIUM,CRITICAL,LOW,HIGH,LOW,CRITICAL,CRITICAL
84.85871147693659,-1.1286291074111494,-6.727498612502414,36.522012453516986,20.18800200505463,HIGH,LOW,MEDIUM,HIGH,MEDIUM,CRITICAL,CRITICAL
38.81765167212275,-3.0069742587487522,-0.15446853419485856,226.75743934772223,0.9920791548263808,LOW,LOW,LOW,LOW,LOW,LOW,LOW
29.17293679601456,-1.9287935085567218,1.239817709387105,727.731641524374,1.7827347091776213,LOW,LOW,LOW,LOW,LOW,LOW,LOW
53.91717221714493,3.552143043458697,-29.504903079258607,65.26879416200083,28.34727662007769,MEDIUM,LOW,CRITICAL,MEDIUM,MEDIUM,CRITICAL,CRITICAL
27.080585952057163,0.011292798132388048,2.313114077104889,620.5088753449245,1.3996362677124332,LOW,LOW,LOW,LOW,LOW,LOW,LOW
92.55851320208043,-19.40853713089771,17.380793079022354,238.1824259776668,34.03754924956684,CRITICAL,CRITICAL,CRITICAL,LOW,HIGH,CRITICAL,CRITICAL
57.13914516369609,-3.3234652349708136,-4.352829218267145,2.4372273938933633,13.621001816045785,MEDIUM,LOW,LOW,CRITICAL,LOW,CRITICAL,CRITICAL
91.98480095030278,-0.3653865082185596,17.829011275956486,56.07094954084957,22.147479619879146,CRITICAL,LOW,CRITICAL,MEDIUM,MEDIUM,CRITICAL,CRITICAL
41.50839934960243,-3.111876654478653,3.3994260069512947,555.4390873214403,19.031238384399675,LOW,LOW,LOW,LOW,MEDIUM,LOW,MEDIUM
31.30410392909539,-3.65439930241225,1.6427812551101126,136.30032624627992,4.736626020971107,LOW,LOW,LOW,LOW,LOW,LOW,LOW
61.537904346840214,-2.85622129322912,0.3748941853069517,561.0662959575167,10.446403058566178,MEDIUM,LOW,LOW,LOW,LOW,MEDIUM,MEDIUM
45.768652674795305,-0.6023533576345355,-0.5462284368125417,345.71533254276807,3.014489886157708,LOW,LOW,LOW,LOW,LOW,LOW,LOW
49.233266324559644,-3.1003895751815307,-5.328962181779288,0.0,6.649739451048767,LOW,LOW,MEDIUM,CRITICAL,LOW,CRITICAL,CRITICAL
55.043815363472675,-5.171237159712649,-1.619674762813998,443.4435164508973,30.320833823826923,MEDIUM,MEDIUM,LOW,LOW,HIGH,HIGH,HIGH
46.74677966561024,5.633076299098691,-5.3221411706046675,335.96586944597635,5.751089315546448,LOW,MEDIUM,MEDIUM,LOW,LOW,HIGH,HIGH
75.11766325923352,-5.7357144593377365,14.662018872066227,12.033212340733442,34.228533119428505,HIGH,MEDIUM,HIGH,CRITICAL,HIGH,CRITICAL,CRITICAL
20.594971158276795,5.050503409396192,1.7981003526408443,71.49651245842078,7.676142321421998,LOW,MEDIUM,LOW,MEDIUM,LOW,HIGH,HIGH
93.6268700494054,-17.441543883734717,-19.020713219208474,33.7117592899435,10.540425315013678,CRITICAL,CRITICAL,CRITICAL,HIGH,LOW,CRITICAL,CRITICAL
99.78480716859592,13.947613004930284,-4.41268728685518,134.03732366236625,33.05272534253531,CRITICAL,HIGH,LOW,LOW,HIGH,CRITICAL,CRITICAL
40.92991252160986,4.167799575364782,6.668264593429888,593.2394984793776,15.795789035217055,LOW,LOW,MEDIUM,LOW,MEDIUM,MEDIUM,HIGH
52.795999589925025,-4.977449936599152,2.5332049450225935,370.5677414113976,17.951868121358928,MEDIUM,LOW,LOW,LOW,MEDIUM,MEDIUM,HIGH
89.53354528288371,-9.334230437376046,1.286920180752539,321.9997482898665,20.382840505743488,CRITICAL,MEDIUM,LOW,LOW,MEDIUM,CRITICAL,CRITICAL
36.631616101445154,1.7559430798544673,1.0770022932291985,482.8308033953204,1.7629497500885571,LOW,LOW,LOW,LOW,LOW,LOW,LOW
22.208821636885403,-3.329605907040235,2.624174268811842,128.56541899463457,17.75856007857486,LOW,LOW,LOW,LOW,MEDIUM,LOW,MEDIUM
59.61599032951981,0.3155645510525692,2.702631484346493,0.0,6.981072896170138,MEDIUM,LOW,LOW,CRITICAL,LOW,CRITICAL,CRITICAL
56.19261080550072,0.2634522652790289,-3.1068483634376443,157.4163542300824,15.15798053273375,MEDIUM,LOW,LOW,LOW,MEDIUM,MEDIUM,HIGH
36.030818030637995,-9.083861116510542,-5.563122413733067,322.7651775397351,3.7647632879380217,LOW,MEDIUM,MEDIUM,LOW,LOW,HIGH,HIGH
45.253796987501254,-2.9844840503401433,5.6094506138009,879.6954762809786,5.365834978664466,LOW,LOW,MEDIUM,LOW,LOW,MEDIUM,MEDIUM
19.166571589302084,-2.336238921737962,-0.8218910705316615,422.4763553257937,22.028671109397692,LOW,LOW,LOW,LOW,MEDIUM,LOW,MEDIUM
57.98062455894846,-2.346776324850633,2.7110662647232138,397.70114463229476,8.893828384647835,MEDIUM,LOW,LOW,LOW,LOW,MEDIUM,MEDIUM
21.626552271481945,-5.082813118582315,-1.2089294872667322,385.90837975233643,11.24524893337053,LOW,MEDIUM,LOW,LOW,LOW,MEDIUM,MEDIUM
18.762557972128768,3.15799503860017,-4.216421747982742,0.0,24.822349375901748,LOW,LOW,LOW,CRITICAL,MEDIUM,CRITICAL,CRITICAL
32.12869425981632,2.2131126405017474,-0.8908603214255102,342.5288130673832,5.823653736905272,LOW,LOW,LOW,LOW,LOW,LOW,LOW
57.78897491548795,-12.357503510248351,11.217619952347853,18.289797288152425,55.85799336959025,MEDIUM,HIGH,HIGH,CRITICAL,CRITICAL,CRITICAL,CRITICAL
28.796211576328815,5.65898135187288,-2.8361364461148084,410.502122530203,2.0143246236289754,LOW,MEDIUM,LOW,LOW,LOW,MEDIUM,MEDIUM
43.17104379627003,-3.713965042730136,-1.7191857519944143,609.2640701283264,16.263923744492267,LOW,LOW,LOW,LOW,MEDIUM,LOW,MEDIUM
65.13052996463593,-0.09125477619169194,2.01468309384869,486.45440185352123,13.59944940345465,MEDIUM,LOW,LOW,LOW,LOW,MEDIUM,MEDIUM
30.697129112450423,0.9642616049403314,-5.83925968293625,284.934224323032,8.24457719810721,LOW,LOW,MEDIUM,LOW,LOW,MEDIUM,MEDIUM
51.949735805775255,1.4649430127349543,-5.283173614477996,698.874284739867,10.634484154083204,MEDIUM,LOW,MEDIUM,LOW,LOW,HIGH,HIGH
88.01688202778915,-14.261300152524722,-7.2955224744114435,54.24419252910311,10.441558325990453,CRITICAL,HIGH,MEDIUM,MEDIUM,LOW,CRITICAL,CRITICAL
26.026586873199506,1.7481799805152467,-1.8893774658123148,338.7187227483877,2.288367256530302,LOW,LOW,LOW,LOW,LOW,LOW,LOW
34.591992708748315,-3.387414961669432,14.32073323677446,464.92995484037357,20.426130821428174,LOW,LOW,HIGH,LOW,MEDIUM,HIGH,HIGH
67.93995980537552,1.8117663725512747,-7.353078937589556,369.7248050789045,9.282787804677582,MEDIUM,LOW,MEDIUM,LOW,LOW,HIGH,HIGH
61.20533701910466,3.6414558067117797,1.6277183557153823,196.26256102890332,12.318042670116899,MEDIUM,LOW,LOW,LOW,LOW,MEDIUM,MEDIUM
45.6224412933429,1.4611613098356224,-4.814630503647692,588.7918951099895,15.261558862102154,LOW,LOW,LOW,LOW,MEDIUM,LOW,MEDIUM
50.30829452481835,8.868646258858183,8.71943056863876,37.415611999385,20.92382108488614,MEDIUM,MEDIUM,MEDIUM,HIGH,MEDIUM,HIGH,HIGH
73.48777981255304,3.5902878407589838,-0.7903718425317875,103.41110518514597,3.104209231383602,HIGH,LOW,LOW,LOW,LOW,HIGH,HIGH
48.43391104054131,-5.854748840670066,1.2267707984536549,288.6878507789281,10.75345813839505,LOW,MEDIUM,LOW,LOW,LOW,MEDIUM,MEDIUM
24.24256794113097,-0.15039661144781458,1.5841157769651084,446.6084455337863,11.962032692479491,LOW,LOW,LOW,LOW,LOW,LOW,LOW
27.638325714510664,3.5290300384323054,-5.700267100577302,103.37520630321929,26.81317676402344,LOW,LOW,MEDIUM,LOW,MEDIUM,MEDIUM,HIGH
61.677800531949366,1.330793106812164,0.47305959732606795,228.32793002423608,8.200075044719101,MEDIUM,LOW,LOW,LOW,LOW,MEDIUM,MEDIUM
31.558729531799266,0.8554489313157982,-4.26743936664922,152.92457137396653,9.984017178050731,LOW,LOW,LOW,LOW,LOW,LOW,LOW
43.57260972771577,-2.0755594792748515,4.1757446816908645,192.86721304983038,5.379871907042006,LOW,LOW,LOW,LOW,LOW,LOW,LOW
36.281160750366965,1.694213584141884,-3.2480994982153084,231.53700939979666,4.18971116002459,LOW,LOW,LOW,LOW,LOW,LOW,LOW
41.854468405566706,-1.0291345546953072,4.25693525753564,634.9056688405507,17.80326097871778,LOW,LOW,LOW,LOW,MEDIUM,LOW,MEDIUM
100.0,40.0,17.177436249454264,42.57041074555353,38.34788709814133,CRITICAL,CRITICAL,CRITICAL,HIGH,HIGH,CRITICAL,CRITICAL
81.48342331857398,-23.773066070873902,7.385271015494631,52.08503131923402,2.986017580461433,HIGH,CRITICAL,MEDIUM,MEDIUM,LOW,CRITICAL,CRITICAL
77.2787450184634,-10.477212149886755,-22.782316922670866,54.64888893887044,45.39607242092289,HIGH,HIGH,CRITICAL,MEDIUM,CRITICAL,CRITICAL,CRITICAL
54.928943471010115,-1.5635656808416156,1.1539593770649852,486.64505580561973,11.23422443090147,MEDIUM,LOW,LOW,LOW,LOW,MEDIUM,MEDIUM
65.11454420114018,-1.9121766835357181,-3.111900928948413,135.95645571942032,10.279915490345033,MEDIUM,LOW,LOW,LOW,LOW,MEDIUM,MEDIUM
61.58710955119194,-1.1245749040581328,-3.2744236176315598,152.2296481793359,12.221681726337586,MEDIUM,LOW,LOW,LOW,LOW,MEDIUM,MEDIUM
44.78037969295023,-3.9524463075409746,7.640490773061169,350.87943336743484,4.155003467759814,LOW,LOW,MEDIUM,LOW,LOW,MEDIUM,MEDIUM
49.792511496232784,1.9379369565189615,6.024668523537844,115.37496281931553,9.574602410542198,LOW,LOW,MEDIUM,LOW,LOW,MEDIUM,MEDIUM
35.2958577061775,-2.250709190272096,3.3568869644436767,378.03976205615004,6.082226812506416,LOW,LOW,LOW,LOW,LOW,LOW,LOW
54.869802446624604,-0.702415018948554,1.23786150623472,254.2594516392668,12.937794551429624,MEDIUM,LOW,LOW,LOW,LOW,MEDIUM,MEDIUM
45.50181180302228,-5.692641108594259,0.39771383291613627,569.0306224563991,5.394498714958401,LOW,MEDIUM,LOW,LOW,LOW,MEDIUM,MEDIUM
65.34832295027705,23.159979562513264,21.472842771678298,8.012982835016633,26.873711500095027,MEDIUM,CRITICAL,CRITICAL,CRITICAL,MEDIUM,CRITICAL,CRITICAL
48.05490634089267,1.810437398579079,0.9569128022899934,598.8194144547886,16.534398159885654,LOW,LOW,LOW,LOW,MEDIUM,LOW,MEDIUM
53.07127179467459,-6.234799221575633,-1.952550896233704,497.49581729694876,8.956472615175826,MEDIUM,MEDIUM,LOW,LOW,LOW,HIGH,HIGH
57.39192950734428,-5.357847915671066,6.725035039132698,338.25516991979083,17.777288865168938,MEDIUM,MEDIUM,MEDIUM,LOW,MEDIUM,HIGH,HIGH
76.90506808339494,0.5203477450469522,-2.5620568974239215,425.5774321025182,9.475000601239147,HIGH,LOW,LOW,LOW,LOW,HIGH,HIGH
62.07145641165672,1.1446275355981839,-4.1034860863958045,119.93626160979302,7.769373764066049,MEDIUM,LOW,LOW,LOW,LOW,MEDIUM,MEDIUM
64.13005109904502,1.199356736958478,2.7727094529954464,153.883953178542,26.075166912038572,MEDIUM,LOW,LOW,LOW,MEDIUM,MEDIUM,HIGH
76.20937815889198,-8.537497034182183,-10.579981536988262,112.18885013255951,16.600156056462954,HIGH,MEDIUM,HIGH,LOW,MEDIUM,CRITICAL,CRITICAL
43.845531953393476,-3.7663318658696987,-0.32469444126716446,726.4997783486143,15.198050499950483,LOW,LOW,LOW,LOW,MEDIUM,LOW,MEDIUM
84.91336844758585,14.45524462481093,4.068776501424667,230.84881605625688,8.741723965005821,HIGH,HIGH,LOW,LOW,LOW,CRITICAL,CRITICAL
67.94328236345179,19.72722966969873,5.488783654034512,50.831641956089136,20.66204212944136,MEDIUM,CRITICAL,MEDIUM,MEDIUM,MEDIUM,CRITICAL,CRITICAL
87.50181993524728,10.541230735424252,4.522246618989741,109.34016396486234,58.74381429052374,CRITICAL,HIGH,LOW,LOW,CRITICAL,CRITICAL,CRITICAL
84.24482221154453,-2.7562184322827528,-7.9748785657998935,68.91556370549546,29.203379285937217,HIGH,LOW,MEDIUM,MEDIUM,MEDIUM,HIGH,HIGH
46.749759750234105,0.765820444499316,6.3711048574855695,447.1292303055785,1.9174841839263386,LOW,LOW,MEDIUM,LOW,LOW,MEDIUM,MEDIUM
45.310630255281055,-4.274907816825306,-0.5556685478996929,287.28695068920524,15.935496979065835,LOW,LOW,LOW,LOW,MEDIUM,LOW,MEDIUM
50.689880460459214,3.529465696969974,-0.3203529737474231,538.8631769525156,3.422481889489691,MEDIUM,LOW,LOW,LOW,LOW,MEDIUM,MEDIUM
46.302896637204164,0.4656569115626947,-0.5594814350908542,385.37214668021863,17.25897349523786,LOW,LOW,LOW,LOW,MEDIUM,LOW,MEDIUM
90.22518920432438,-4.220765446625047,0.029611950864459884,30.304045610687513,37.22441613221343,CRITICAL,LOW,LOW,HIGH,HIGH,CRITICAL,CRITICAL
38.42728321203976,-1.3482511314961219,-4.9991161829729664,432.27033140728645,5.355883823132047,LOW,LOW,LOW,LOW,LOW,LOW,LOW
65.38706524953028,-4.378183900476,-1.7566213357872418,138.02431942258764,1.8468739818321633,MEDIUM,LOW,LOW,LOW,LOW,MEDIUM,MEDIUM
63.69926257284027,-16.36386908811519,11.399225017086176,27.72312208457518,4.608978719418228,MEDIUM,CRITICAL,HIGH,HIGH,LOW,CRITICAL,CRITICAL
78.85833974898593,-23.910509489141685,-9.846731314833647,279.78270878876964,13.533526603919835,HIGH,CRITICAL,MEDIUM,LOW,LOW,CRITICAL,CRITICAL
48.09593603650387,-10.65268092027757,-8.364210770835538,36.00807640415476,27.704844679324534,LOW,HIGH,MEDIUM,HIGH,MEDIUM,CRITICAL,CRITICAL
52.713983886222884,2.2226820114300474,-12.296439974462386,295.2769588521218,6.371694495121435,MEDIUM,LOW,HIGH,LOW,LOW,HIGH,HIGH
34.53505730980411,-0.0278395316494323,-0.9021113092869156,279.46222511973923,1.9453613393635583,LOW,LOW,LOW,LOW,LOW,LOW,LOW
20.728322732842514,-2.966210415845923,-3.4120502533433017,314.36550047217014,4.738413828055873,LOW,LOW,LOW,LOW,LOW,LOW,LOW
32.197075378447586,6.0957832366531335,-3.1989605925998745,283.2234722962387,3.7657118685796123,LOW,MEDIUM,LOW,LOW,LOW,MEDIUM,MEDIUM
33.891276896926456,-5.653929079177919,2.7063216805549626,406.2002218754582,4.263780034609923,LOW,MEDIUM,LOW,LOW,LOW,MEDIUM,MEDIUM
75.8278911388607,-3.4993651089328734,1.5758528949384187,358.0908122637278,12.17290574028448,HIGH,LOW,LOW,LOW,LOW,HIGH,HIGH
87.5422732889293,-12.051090852528393,-6.383537488730859,64.46922591053415,14.048196244033335,CRITICAL,HIGH,MEDIUM,MEDIUM,LOW,CRITICAL,CRITICAL
61.60280436708853,-7.210942520072586,9.349647212308122,310.98083367776275,8.31987498681632,MEDIUM,MEDIUM,MEDIUM,LOW,LOW,HIGH,HIGH
32.81091359286591,-3.811873037329619,3.372601490385965,387.5529104874166,25.16116406606917,LOW,LOW,LOW,LOW,MEDIUM,LOW,MEDIUM
59.58078019385837,2.93734987306288,-2.1603748250135695,128.7730336504462,5.607375762442608,MEDIUM,LOW,LOW,LOW,LOW,MEDIUM,MEDIUM
33.063673844078856,-2.9786596096596547,-3.3610070584746565,246.9305103910808,13.840204114412755,LOW,LOW,LOW,LOW,LOW,LOW,LOW
71.94066312399276,4.757974938200638,-2.7566250245254054,386.05338166351225,2.6575628794691664,HIGH,LOW,LOW,LOW,LOW,HIGH,HIGH
38.90437685731087,4.3950910123423155,3.0870725643520416,135.7051039206474,24.601589416628865,LOW,LOW,LOW,LOW,MEDIUM,LOW,MEDIUM
50.86622264125076,-0.8398111345644786,2.687401228700776,332.79125361820905,11.023854659447805,MEDIUM,LOW,LOW,LOW,LOW,MEDIUM,MEDIUM
72.73417210690637,11.11728154833043,-2.3094345811310344,216.3782646510618,16.321480863471727,HIGH,HIGH,LOW,LOW,MEDIUM,CRITICAL,CRITICAL
26.49245120618707,4.551002103315195,1.0205098077118915,217.41003196864676,7.081975751541732,LOW,LOW,LOW,LOW,LOW,LOW,LOW
94.89536855174758,-7.427536456097551,10.673651357420988,2.210610190114886,42.36292633989544,CRITICAL,MEDIUM,HIGH,CRITICAL,HIGH,CRITICAL,CRITICAL
53.50225398093091,-4.99694207829053,0.10861963688999036,313.6400005294489,4.721275331319312,MEDIUM,LOW,LOW,LOW,LOW,MEDIUM,MEDIUM
47.14127381019642,-1.5055640190860045,-5.6442694233617186,263.0756874988895,12.22052421465295,LOW,LOW,MEDIUM,LOW,LOW,MEDIUM,MEDIUM
26.483915133573817,-6.293739355962056,1.450918266263879,213.07728682053767,12.173710080799214,LOW,MEDIUM,LOW,LOW,LOW,MEDIUM,MEDIUM
51.038040206871635,14.400968541023133,-3.880510150853665,134.28744441847172,27.043087424391622,MEDIUM,HIGH,LOW,LOW,MEDIUM,HIGH,HIGH
28.710955193942358,-0.29504176508954616,-3.5327302779263206,308.2233555759169,1.1221244285444307,LOW,LOW,LOW,LOW,LOW,LOW,LOW
22.671830414520727,-2.4296369907045414,-2.522769302710303,735.255580370581,22.75033224676537,LOW,LOW,LOW,LOW,MEDIUM,LOW,MEDIUM
88.1568378138284,23.424905148949435,-9.992842843019739,36.12589650767893,38.397586761436116,CRITICAL,CRITICAL,MEDIUM,HIGH,HIGH,CRITICAL,CRITICAL
72.27577677631295,-11.530376832369793,17.211649830967854,171.51195350560505,7.870468036871933,HIGH,HIGH,CRITICAL,LOW,LOW,CRITICAL,CRITICAL
59.66947519499882,-7.636524414747024,-6.912627666714111,549.219432546848,12.759174682523275,MEDIUM,MEDIUM,MEDIUM,LOW,LOW,HIGH,HIGH
55.03097596282925,-2.799130976818385,-3.8200708141579143,254.9454847813978,3.7092046236128793,MEDIUM,LOW,LOW,LOW,LOW,MEDIUM,MEDIUM
48.560221792342965,0.48096333729587465,-0.1644429286561206,343.0930518270209,4.657811908993722,LOW,LOW,LOW,LOW,LOW,LOW,LOW
14.164503390656751,0.5800252694454658,4.701762579823461,93.54573631768756,10.667417133520926,LOW,LOW,LOW,MEDIUM,LOW,MEDIUM,MEDIUM
35.834784723591554,-0.9138762292893795,2.805636778701189,358.4712703731456,9.301201275028943,LOW,LOW,LOW,LOW,LOW,LOW,LOW
98.90997251491835,4.8637466877314335,-8.465084568029415,118.23654043191195,23.152437140298726,CRITICAL,LOW,MEDIUM,LOW,MEDIUM,CRITICAL,CRITICAL
67.44414517739737,-9.475350297648404,2.39126655298135,12.536239577278954,22.498286398674608,MEDIUM,MEDIUM,LOW,CRITICAL,MEDIUM,CRITICAL,CRITICAL
60.95933767568771,-1.6598235165312518,-7.923415389981229,284.5032562766037,1.2357201469529315,MEDIUM,LOW,MEDIUM,LOW,LOW,HIGH,HIGH
51.23507961144864,4.233156712395447,-2.3298686593574525,363.66070773947365,8.110383557762004,MEDIUM,LOW,LOW,LOW,LOW,MEDIUM,MEDIUM
28.906648264276235,0.0496199325863448,2.319906307829036,617.1308995797256,13.123339691889642,LOW,LOW,LOW,LOW,LOW,LOW,LOW
94.69032512938438,7.887663068656808,2.666572896175725,250.63671396246895,27.404161804082854,CRITICAL,MEDIUM,LOW,LOW,MEDIUM,CRITICAL,CRITICAL
90.27589713910001,-2.1567803433625565,-1.5064521586934843,5.154269312457869,11.864012735831173,CRITICAL,LOW,LOW,CRITICAL,LOW,CRITICAL,CRITICAL
56.589344789520496,-1.6724626983980837,-9.878215312683219,453.535471817277,2.7969169918418437,MEDIUM,LOW,MEDIUM,LOW,LOW,HIGH,HIGH
54.426590424381885,2.4906876330868086,-5.267409245985849,10.62779764560057,7.989378956959645,MEDIUM,LOW,MEDIUM,CRITICAL,LOW,CRITICAL,CRITICAL
25.0907394318278,-4.708081552090777,-0.8255962297621686,371.77917818543006,9.091541752035162,LOW,LOW,LOW,LOW,LOW,LOW,LOW
49.61329376592671,3.695728976071603,-2.18193814341404,314.2268800215575,6.363230108893408,LOW,LOW,LOW,LOW,LOW,LOW,LOW
42.53766849759275,1.502484926812166,-0.857312264579655,420.85427778342194,7.288682434960138,LOW,LOW,LOW,LOW,LOW,LOW,LOW
57.20760855976033,-0.5283799078249921,1.358031073491176,644.3900535002297,4.245277205508476,MEDIUM,LOW,LOW,LOW,LOW,MEDIUM,MEDIUM
42.681617701683905,0.3682491821862494,-4.214546456185548,361.7996705270501,2.719854241332389,LOW,LOW,LOW,LOW,LOW,LOW,LOW
31.863280874208673,2.1208280564203252,-2.1073158905008254,349.003096241596,20.17405666586472,LOW,LOW,LOW,LOW,MEDIUM,LOW,MEDIUM
42.04827249925896,-6.128729664325823,0.06393506688879394,304.92310086138286,10.887339084850554,LOW,MEDIUM,LOW,LOW,LOW,MEDIUM,MEDIUM
76.46244737231645,4.2219594002091,3.939610588561097,36.96496179632541,2.6597092999727097,HIGH,LOW,LOW,HIGH,LOW,CRITICAL,CRITICAL
44.036023073555846,-4.435795810817312,-2.5572793191701266,543.0330955694288,27.761929051425952,LOW,LOW,LOW,LOW,MEDIUM,LOW,MEDIUM
24.61066422869753,6.602083612351893,-0.688808658317042,255.53075814098443,11.3286486135633,LOW,MEDIUM,LOW,LOW,LOW,MEDIUM,MEDIUM
65.0489111331675,1.989172728532873,-4.651546840490931,405.1417110866777,13.427996186191184,MEDIUM,LOW,LOW,LOW,LOW,MEDIUM,MEDIUM
72.12336013723723,0.7143543953346011,0.8872445933238474,407.9098469628438,6.503916575864675,HIGH,LOW,LOW,LOW,LOW,HIGH,HIGH
57.72130738201387,3.7981330715599166,1.247750502162516,369.00123141285604,5.621747321521169,MEDIUM,LOW,LOW,LOW,LOW,MEDIUM,MEDIUM
52.525744863512955,-4.041319150386135,-2.201414351279285,501.80902153833165,19.772921934400173,MEDIUM,LOW,LOW,LOW,MEDIUM,MEDIUM,HIGH
15.893546617374595,-1.1034448096248808,-1.854453351214413,497.6947175097131,3.2580665297499674,LOW,LOW,LOW,LOW,LOW,LOW,LOW
14.522646655167886,-0.6819045959267849,1.8531213671615516,490.4385149960435,9.440452189176385,LOW,LOW,LOW,LOW,LOW,LOW,LOW
71.42103824904173,12.465392132072079,2.2198861164005477,376.3286018651306,5.22080445663967,HIGH,HIGH,LOW,LOW,LOW,CRITICAL,CRITICAL
43.193357060382354,1.431284250079592,-1.253474525140295,455.5571302986229,10.012771039396586,LOW,LOW,LOW,LOW,LOW,LOW,LOW
30.080228550431904,1.1698921688923607,-2.644021583582427,545.982853963497,8.535064314733889,LOW,LOW,LOW,LOW,LOW,LOW,LOW
20.807235978537474,8.05182339773593,2.422744844516771,341.07118799141966,6.38057411152303,LOW,MEDIUM,LOW,LOW,LOW,MEDIUM,MEDIUM
28.392003032115028,-6.794039675983928,-2.09945175251605,175.83004516761244,3.579650888933757,LOW,MEDIUM,LOW,LOW,LOW,MEDIUM,MEDIUM
75.27551834721918,15.244747177313343,-7.325907915264402,11.185982613701286,7.086894894767662,HIGH,CRITICAL,MEDIUM,CRITICAL,LOW,CRITICAL,CRITICAL
49.37791969521981,-0.22309735071925224,4.010898200326499,268.18850612559135,5.868115945104123,LOW,LOW,LOW,LOW,LOW,LOW,LOW
42.757044531850966,-6.380462889470102,3.595058674958655,583.8074586317847,6.025671252051606,LOW,MEDIUM,LOW,LOW,LOW,MEDIUM,MEDIUM
90.30441934863994,-6.595582330278209,15.593831978181143,46.916558604815805,21.246894633125216,CRITICAL,MEDIUM,CRITICAL,HIGH,MEDIUM,CRITICAL,CRITICAL
63.27386883929589,-1.4920149010442951,-4.856258092290316,0.0,5.188663414712456,MEDIUM,LOW,LOW,CRITICAL,LOW,CRITICAL,CRITICAL
51.07126288494542,4.137566489198247,-2.660062452437154,86.94978849156428,1.7190963344032282,MEDIUM,LOW,LOW,MEDIUM,LOW,HIGH,HIGH
63.44938145239469,-5.584896648020958,1.2259035713969955,74.72493656204296,11.318960298234975,MEDIUM,MEDIUM,LOW,MEDIUM,LOW,HIGH,HIGH
55.55896544456868,2.7331591022957493,4.749612062609995,276.21726984047035,28.82641576684682,MEDIUM,LOW,LOW,LOW,MEDIUM,MEDIUM,HIGH
70.41506178025395,-13.242070884448463,-16.761921706835054,39.535313413278715,16.720686347857733,HIGH,HIGH,CRITICAL,HIGH,MEDIUM,CRITICAL,CRITICAL
20.95440773346783,-2.0870837023632878,-0.937241323587974,285.7853615771821,24.731200921832574,LOW,LOW,LOW,LOW,MEDIUM,LOW,MEDIUM
59.63416914692733,-0.44586433111766416,3.1401880916512472,369.6116691087453,0.8349698121689317,MEDIUM,LOW,LOW,LOW,LOW,MEDIUM,MEDIUM
46.43190701338243,10.37248407078464,7.653886234825295,160.31989616660317,12.584231629307844,LOW,HIGH,MEDIUM,LOW,LOW,HIGH,HIGH
55.35926283218427,4.3580178382522226,1.0142729125513834,348.3131194662624,3.1441144024327743,MEDIUM,LOW,LOW,LOW,LOW,MEDIUM,MEDIUM
41.75689623325011,2.750650495180061,-3.7116146630362716,280.36046579512265,2.5750743710178696,LOW,LOW,LOW,LOW,LOW,LOW,LOW
54.24066595519225,-2.8151868799441755,2.6021459559104074,449.53894838084625,5.8119609773174385,MEDIUM,LOW,LOW,LOW,LOW,MEDIUM,MEDIUM
95.91209762440421,-33.502864687327,25.331615429385252,126.77518947778721,32.61420724578569,CRITICAL,CRITICAL,CRITICAL,LOW,HIGH,CRITICAL,CRITICAL
35.43648112015687,-3.8467664601034,-2.8431419944058614,260.4019716200511,11.227876381882025,LOW,LOW,LOW,LOW,LOW,LOW,LOW
55.65771130682792,1.1976477520699487,7.404616248076461,444.3807114036883,16.36091516306744,MEDIUM,LOW,MEDIUM,LOW,MEDIUM,HIGH,HIGH
51.0282699469132,7.068034506539165,4.789610445594196,443.37219845776707,1.7156644045105929,MEDIUM,MEDIUM,LOW,LOW,LOW,HIGH,HIGH
31.06676312384751,-2.675977729758817,4.570091278016579,446.0335987656314,12.23922717165457,LOW,LOW,LOW,LOW,LOW,LOW,LOW
58.44901942279586,-1.1764890805014387,-0.8467743582835858,558.6377447351013,10.143613833880828,MEDIUM,LOW,LOW,LOW,LOW,MEDIUM,MEDIUM
39.98800141734958,0.6102769949637366,0.826835664043424,298.7603809216513,12.243258681936473,LOW,LOW,LOW,LOW,LOW,LOW,LOW
34.799015531175186,3.3409461881113844,-5.806805174602979,154.91242937397422,2.997776136227208,LOW,LOW,MEDIUM,LOW,LOW,MEDIUM,MEDIUM
70.4701452732938,6.769523513847975,4.7137875415012855,245.49383584749953,13.953252732843278,HIGH,MEDIUM,LOW,LOW,LOW,HIGH,HIGH
43.104725323787314,-7.359244441413951,3.349168046658524,275.9894665889851,2.8902716170796423,LOW,MEDIUM,LOW,LOW,LOW,MEDIUM,MEDIUM
53.69714611723519,3.7890284076394893,0.08956606950040244,130.4562144615057,8.43649802960689,MEDIUM,LOW,LOW,LOW,LOW,MEDIUM,MEDIUM
40.65394369721458,-0.7943252935672951,2.9050557503813814,313.88063423987484,0.7542712737825277,LOW,LOW,LOW,LOW,LOW,LOW,LOW
52.30404836099891,-0.3202362395220383,-4.400130711909555,120.30691724529721,7.370430336996695,MEDIUM,LOW,LOW,LOW,LOW,MEDIUM,MEDIUM
73.91462672038126,0.5061353909615799,3.2643227595459234,63.968424422294625,26.208816898262896,HIGH,LOW,LOW,MEDIUM,MEDIUM,HIGH,HIGH
92.64164916356322,16.567261281662827,5.9134076870823264,57.996772583795064,13.434782630093071,CRITICAL,CRITICAL,MEDIUM,MEDIUM,LOW,CRITICAL,CRITICAL
34.750999541732604,4.686728788891245,-1.4804464136900717,637.3636144640334,2.450189370443418,LOW,LOW,LOW,LOW,LOW,LOW,LOW
37.02542744809538,1.6695971101461151,-0.8880806015200918,261.7281345387642,19.73500106282941,LOW,LOW,LOW,LOW,MEDIUM,LOW,MEDIUM
67.70167463083726,-5.743706628306815,-1.0830139662227931,354.4213279572928,4.057564397453691,MEDIUM,MEDIUM,LOW,LOW,LOW,HIGH,HIGH
86.80720119993835,0.8819689980996409,-0.8508972849691017,122.7350716671467,11.850714421020651,CRITICAL,LOW,LOW,LOW,LOW,CRITICAL,CRITICAL
35.09620180795999,-1.0850166430280146,-11.644180192963205,94.58095414887738,6.299446425494884,LOW,LOW,HIGH,MEDIUM,LOW,HIGH,HIGH
51.07443296386749,5.8411510446992,0.03512618858184517,33.52010662347587,5.983620500949293,MEDIUM,MEDIUM,LOW,HIGH,LOW,HIGH,HIGH
50.04517670011589,12.132030733526484,3.928098163524605,39.94600698707696,16.13343686314911,MEDIUM,HIGH,LOW,HIGH,MEDIUM,CRITICAL,CRITICAL
61.750242491133704,-0.25511425451239217,2.7235821558432525,353.11161747791857,8.714307574973153,MEDIUM,LOW,LOW,LOW,LOW,MEDIUM,MEDIUM
74.97097189689885,-3.3388719987111903,10.118210630940132,17.20329654562438,33.84660470816597,HIGH,LOW,HIGH,CRITICAL,HIGH,CRITICAL,CRITICAL
31.470477924324694,-0.7366501581687843,5.395710024476332,304.9682067355555,4.291973057692072,LOW,LOW,MEDIUM,LOW,LOW,MEDIUM,MEDIUM
43.30705236152437,1.1615249608457032,-5.0941769341350405,136.0377490542187,35.62263237153894,LOW,LOW,MEDIUM,LOW,HIGH,MEDIUM,HIGH
59.42532077894062,0.21619255927933906,-2.792841904968998,319.8852040698836,8.062441353683326,MEDIUM,LOW,LOW,LOW,LOW,MEDIUM,MEDIUM
53.81287935095992,3.4822028688020445,2.5717253296905747,326.92954935203113,7.130064051967708,MEDIUM,LOW,LOW,LOW,LOW,MEDIUM,MEDIUM
56.66460656963913,4.12351999071509,2.240086061358785,260.6082441796408,10.121796382409743,MEDIUM,LOW,LOW,LOW,LOW,MEDIUM,MEDIUM
89.0513521383269,-8.038590952229251,-0.24841203740234385,86.94841032587715,48.96422092159558,CRITICAL,MEDIUM,LOW,MEDIUM,CRITICAL,CRITICAL,CRITICAL
69.66948756299321,-1.7273047448090657,10.411921692667377,156.28800520974937,21.133840272492705,MEDIUM,LOW,HIGH,LOW,MEDIUM,HIGH,HIGH
78.26880250432706,-8.081581493884448,5.747282267191571,55.35150983780299,39.33734258092465,HIGH,MEDIUM,MEDIUM,MEDIUM,HIGH,HIGH,CRITICAL
70.55969938340859,6.332020320968672,7.584099874318298,397.495954236693,14.520735144523197,HIGH,MEDIUM,MEDIUM,LOW,LOW,HIGH,HIGH
22.608732361409626,4.127195018397603,-4.479781082308851,398.8131569078979,6.562829360619982,LOW,LOW,LOW,LOW,LOW,LOW,LOW
47.436658578061135,9.938980182783723,1.1486717765627785,494.26895377331635,5.311947311436967,LOW,MEDIUM,LOW,LOW,LOW,MEDIUM,MEDIUM
59.35894614268745,5.638979228792652,1.1398596606507887,189.8762327080957,14.50681787230975,MEDIUM,MEDIUM,LOW,LOW,LOW,HIGH,HIGH
46.76996364216097,6.457191432759256,4.78033955853593,226.6639585480567,3.833870996585294,LOW,MEDIUM,LOW,LOW,LOW,MEDIUM,MEDIUM
47.21558731144512,-3.3325511207582426,-6.31101291120079,209.2867149995838,2.7043756048564855,LOW,LOW,MEDIUM,LOW,LOW,MEDIUM,MEDIUM
35.29969720404913,2.577162372409844,-3.8640891883712785,440.26446935658663,14.480415348661321,LOW,LOW,LOW,LOW,LOW,LOW,LOW
41.46833313189737,-1.0497103827692573,-3.3482999496454617,203.66096130621136,12.472226618685077,LOW,LOW,LOW,LOW,LOW,LOW,LOW
18.604461020243036,-5.532064021566738,-2.5679706238045785,378.39978860238995,7.545316893949298,LOW,MEDIUM,LOW,LOW,LOW,MEDIUM,MEDIUM
16.429031720640076,-4.297311891446949,-0.36715938725116504,442.5464433741748,8.494860984871055,LOW,LOW,LOW,LOW,LOW,LOW,LOW
53.40681379424711,-3.1755261807932835,4.799421342087674,153.14335399510796,5.371956371153464,MEDIUM,LOW,LOW,LOW,LOW,MEDIUM,MEDIUM
59.42419813113954,13.051896967569231,2.269194681202215,189.2588480213135,14.333617966222716,MEDIUM,HIGH,LOW,LOW,LOW,HIGH,HIGH
62.43543291646266,8.692901796448307,2.5436512277998,81.08444282409249,8.255226455916144,MEDIUM,MEDIUM,LOW,MEDIUM,LOW,HIGH,HIGH
52.99537394428396,7.3877510462017195,18.12831518805809,28.33273057851614,23.912669916263543,MEDIUM,MEDIUM,CRITICAL,HIGH,MEDIUM,CRITICAL,CRITICAL
23.399841955199545,1.5067793947055441,5.803905291799938,278.8173625931847,4.456744774213174,LOW,LOW,MEDIUM,LOW,LOW,MEDIUM,MEDIUM
55.4622163621678,-6.0009655667306365,1.059757579608968,385.0903205650162,5.376174520522875,MEDIUM,MEDIUM,LOW,LOW,LOW,HIGH,HIGH
85.88159299381721,15.2950112595837,-11.024332331040732,30.554171150194755,42.13320104575746,CRITICAL,CRITICAL,HIGH,HIGH,HIGH,CRITICAL,CRITICAL
53.0968610005665,-2.053096547178709,-6.183214705302465,373.35963181897154,11.105626743034138,MEDIUM,LOW,MEDIUM,LOW,LOW,HIGH,HIGH
47.27412102966844,-1.8482378831132278,-8.441745945524374,402.80711202246164,3.2807416994482215,LOW,LOW,MEDIUM,LOW,LOW,MEDIUM,MEDIUM
44.27401424057132,-0.6249375754121607,2.471421655026214,210.96489458004012,3.73787504376606,LOW,LOW,LOW,LOW,LOW,LOW,LOW
52.595738077320874,-3.855044163646129,-5.8068838320542095,155.5248075508933,29.976080366355053,MEDIUM,LOW,MEDIUM,LOW,MEDIUM,HIGH,HIGH
15.329037871967403,2.609419716274351,1.4157094229072222,201.97886585346023,4.389703527005704,LOW,LOW,LOW,LOW,LOW,LOW,LOW
24.63263990050059,2.488563894802557,2.2095087720373767,298.7054884181261,10.348163275897473,LOW,LOW,LOW,LOW,LOW,LOW,LOW
38.31255778536697,0.7463869669077698,-1.3464222801324135,275.3838906737203,23.219992915681047,LOW,LOW,LOW,LOW,MEDIUM,LOW,MEDIUM
43.21626522785113,-5.274623636871471,-0.7754206251891356,445.8027926332731,12.987393739769251,LOW,MEDIUM,LOW,LOW,LOW,MEDIUM,MEDIUM
68.42911105780173,1.9436000247481746,-3.027945296752361,517.5726449866789,16.681727872643204,MEDIUM,LOW,LOW,LOW,MEDIUM,MEDIUM,HIGH
86.70690644512517,-15.59332439019872,6.485481657470121,67.831429774777,9.59868600538128,CRITICAL,CRITICAL,MEDIUM,MEDIUM,LOW,CRITICAL,CRITICAL
48.867220578824835,-0.4602832195324528,11.468427268751897,418.1932212622954,8.260892955421333,LOW,LOW,HIGH,LOW,LOW,HIGH,HIGH
51.443869549711366,4.197462388070585,-2.225019856572892,270.2616381007041,12.350362860829826,MEDIUM,LOW,LOW,LOW,LOW,MEDIUM,MEDIUM
65.97505039660876,3.956873987638492,-5.336393756939355,245.8721285775573,26.250703752906457,MEDIUM,LOW,MEDIUM,LOW,MEDIUM,HIGH,HIGH
30.347638111870285,0.7715600475403251,-2.563816585405588,73.10907041648551,6.378046437629742,LOW,LOW,LOW,MEDIUM,LOW,MEDIUM,MEDIUM
68.0447636072707,1.9048266800075284,-5.175675109597213,125.95163545217831,8.201255736954241,MEDIUM,LOW,MEDIUM,LOW,LOW,HIGH,HIGH
27.499617060911003,4.562065339384876,-3.469657316956301,283.292642280437,0.8685647575878803,LOW,LOW,LOW,LOW,LOW,LOW,LOW
58.25957764017789,2.167203309268004,6.1786987204649515,362.3877556275555,0.9569455840316105,MEDIUM,LOW,MEDIUM,LOW,LOW,HIGH,HIGH
48.07616369975696,1.240732872433061,2.1385461305498734,348.553951359331,0.7131414012224474,LOW,LOW,LOW,LOW,LOW,LOW,LOW
84.63217815839158,15.724660104174733,1.63592918454821,201.5293557965443,5.8031790936387715,HIGH,CRITICAL,LOW,LOW,LOW,CRITICAL,CRITICAL
68.10033278886537,-1.9662402246023045,5.832301580164245,708.6491735641957,5.858732457866232,MEDIUM,LOW,MEDIUM,LOW,LOW,HIGH,HIGH
39.38006536391735,4.499225226791505,3.3919901358513997,381.6971878815529,7.547677672638259,LOW,LOW,LOW,LOW,LOW,LOW,LOW
45.7645157639952,-1.9849222419521135,1.1458803457340743,545.582942887494,21.91642910184822,LOW,LOW,LOW,LOW,MEDIUM,LOW,MEDIUM
34.67657607541606,0.32238329611899963,-3.415145520112163,620.7403107861433,22.203456186010474,LOW,LOW,LOW,LOW,MEDIUM,LOW,MEDIUM
55.44335523844272,3.0045113256781644,3.2178643627450993,679.0360848480026,5.379774271644577,MEDIUM,LOW,LOW,LOW,LOW,MEDIUM,MEDIUM
33.668089196984205,-8.747317485085876,-0.7021122503881931,0.0,2.8204564139929045,LOW,MEDIUM,LOW,CRITICAL,LOW,CRITICAL,CRITICAL
31.885695641994236,3.61048271493051,-5.085487404266126,440.67631641491664,11.223499713209502,LOW,LOW,MEDIUM,LOW,LOW,MEDIUM,MEDIUM
7.54755013168614,0.040790728028465624,-7.185834884680021,441.6451056208773,0.5585522932734885,LOW,LOW,MEDIUM,LOW,LOW,MEDIUM,MEDIUM
42.29342196973951,5.3583495324625146,4.614724397439986,363.0846359016577,7.726878225580382,LOW,MEDIUM,LOW,LOW,LOW,MEDIUM,MEDIUM
39.61199868350016,0.6076754550272351,0.040206288936796564,347.74118996909397,3.9702830096106294,LOW,LOW,LOW,LOW,LOW,LOW,LOW
52.634421934991295,8.318852240804617,-7.89239660613716,30.362125501209125,8.587202606823784,MEDIUM,MEDIUM,MEDIUM,HIGH,LOW,HIGH,HIGH
42.42736261663138,-3.284527841952419,5.4209447070872905,226.27944009417075,12.898745736522452,LOW,LOW,MEDIUM,LOW,LOW,MEDIUM,MEDIUM
40.86189066275189,-0.7270232431207732,-2.303360848792041,284.87348214478544,4.733129105781255,LOW,LOW,LOW,LOW,LOW,LOW,LOW
30.264092833474567,3.0889124056623563,2.7087759941327545,435.85550335964257,4.945718170033896,LOW,LOW,LOW,LOW,LOW,LOW,LOW
43.217687359063795,5.146212483679318,1.1956584341142107,384.9006528983505,3.9429477168525273,LOW,MEDIUM,LOW,LOW,LOW,MEDIUM,MEDIUM
61.900854551679515,-5.946873879620927,-0.724603506925099,158.386764845053,10.26144836238358,MEDIUM,MEDIUM,LOW,LOW,LOW,HIGH,HIGH
39.624736014666716,5.231237317432218,-5.73647359021151,430.86639609419717,11.170729886833657,LOW,MEDIUM,MEDIUM,LOW,LOW,HIGH,HIGH
85.30483584813847,-3.6676059679885262,20.40929745049112,55.1958415201865,8.099650614200831,CRITICAL,LOW,CRITICAL,MEDIUM,LOW,CRITICAL,CRITICAL
37.56741385273616,9.42437740748353,6.61641239139169,117.0395425703042,44.750370987770445,LOW,MEDIUM,MEDIUM,LOW,HIGH,HIGH,HIGH
45.85236093223959,0.6663459966234369,2.502491581398431,213.86928480876014,36.80456243992781,LOW,LOW,LOW,LOW,HIGH,LOW,HIGH
64.97820456413031,1.856289625715567,-0.6313862248452699,210.65750558872617,4.779233682125159,MEDIUM,LOW,LOW,LOW,LOW,MEDIUM,MEDIUM
94.1810746747496,-16.362092761956564,3.425843318389994,48.82197179070725,6.053684666078817,CRITICAL,CRITICAL,LOW,HIGH,LOW,CRITICAL,CRITICAL
100.0,-21.64403561907547,16.447300577881258,47.008055853311006,5.019180656571934,CRITICAL,CRITICAL,CRITICAL,HIGH,LOW,CRITICAL,CRITICAL
79.50634695211897,-16.43178335055227,-16.179978063366455,78.02976857742391,24.790471612959703,HIGH,CRITICAL,CRITICAL,MEDIUM,MEDIUM,CRITICAL,CRITICAL
42.56671276467671,7.315638529748711,0.5833450649678813,495.02446530600486,8.233260754081899,LOW,MEDIUM,LOW,LOW,LOW,MEDIUM,MEDIUM
28.531855676179738,-3.6809740432965867,-7.8719497550295605,50.88968942591158,4.235139351258619,LOW,LOW,MEDIUM,MEDIUM,LOW,HIGH,HIGH
35.75517016336708,0.6657535894832809,-1.5426903884874774,425.1659086957021,7.028110829076324,LOW,LOW,LOW,LOW,LOW,LOW,LOW
47.979044252706736,-0.8981265510722296,-2.440941228446527,330.86223371369266,19.618841201039935,LOW,LOW,LOW,LOW,MEDIUM,LOW,MEDIUM
56.01722483966907,0.5150852734124436,-0.13364368039170532,412.95134277374586,17.410045639914117,MEDIUM,LOW,LOW,LOW,MEDIUM,MEDIUM,HIGH
48.541459413226136,1.0662057759646377,4.194636112853402,280.9154204249353,8.65275015593084,LOW,LOW,LOW,LOW,LOW,LOW,LOW
92.60234884691599,-8.486857078633633,-21.394500195255993,305.2507874076042,22.749927742853714,CRITICAL,MEDIUM,CRITICAL,LOW,MEDIUM,CRITICAL,CRITICAL
62.850068596715154,6.365235244738696,-0.4291757737355196,357.845779509521,10.950541852029636,MEDIUM,MEDIUM,LOW,LOW,LOW,HIGH,HIGH
70.24171046045223,-7.110419041043661,16.33254717191908,237.52431150249836,60.0,HIGH,MEDIUM,CRITICAL,LOW,CRITICAL,CRITICAL,CRITICAL
52.258679135692084,3.543777294401408,1.2310022248249317,451.0517743505146,3.627807863573685,MEDIUM,LOW,LOW,LOW,LOW,MEDIUM,MEDIUM
33.184840553635496,-1.1692685830763516,-0.6632000724120392,360.0657189661793,1.0006798689686922,LOW,LOW,LOW,LOW,LOW,LOW,LOW
42.970941889436034,0.10586435846270165,-0.43011923123234436,77.2301552337267,9.599982752448241,LOW,LOW,LOW,MEDIUM,LOW,MEDIUM,MEDIUM
68.78267486701438,8.343486323635279,5.799485957148278,3.440558541001732,39.691252358461526,MEDIUM,MEDIUM,MEDIUM,CRITICAL,HIGH,CRITICAL,CRITICAL
71.28636005874058,0.23468241347855032,-4.066697504084459,615.5240582659258,1.4924709166723062,HIGH,LOW,LOW,LOW,LOW,HIGH,HIGH
0.0,-3.425843642348714,2.593825983835081,296.589677661167,7.69502812633862,LOW,LOW,LOW,LOW,LOW,LOW,LOW
65.328797803937,19.768972031329913,-12.559992703580267,47.75153040144032,26.660619175878722,MEDIUM,CRITICAL,HIGH,HIGH,MEDIUM,CRITICAL,CRITICAL
62.91070475493862,1.5257661012761512,4.964473489981495,451.4686500372073,10.252512397381082,MEDIUM,LOW,LOW,LOW,LOW,MEDIUM,MEDIUM
50.50252303248221,1.4325707112166037,3.4515842089411666,367.76238671974437,11.57299102425609,MEDIUM,LOW,LOW,LOW,LOW,MEDIUM,MEDIUM
36.77436570548445,-6.230868466118552,0.3432283996935524,107.18893795076515,1.5074124701303386,LOW,MEDIUM,LOW,LOW,LOW,MEDIUM,MEDIUM
44.68902707976461,-5.470920437144938,-6.982802411680518,144.84948755104745,3.300981944877707,LOW,MEDIUM,MEDIUM,LOW,LOW,HIGH,HIGH
40.064335571364225,-4.589007964698607,-0.6549709891648607,393.2740184603581,3.3819923985923173,LOW,LOW,LOW,LOW,LOW,LOW,LOW
51.38112944127877,1.7708855688266627,-0.724617164260547,669.1540410671619,3.9767403585612775,MEDIUM,LOW,LOW,LOW,LOW,MEDIUM,MEDIUM
39.35116687773735,-0.510005274713218,-4.130702116071948,124.32206024161584,8.80630741986867,LOW,LOW,LOW,LOW,LOW,LOW,LOW
33.36192750830636,5.078712964040512,3.7500241465827897,267.588394110464,4.148947605863993,LOW,MEDIUM,LOW,LOW,LOW,MEDIUM,MEDIUM
32.81762454672647,7.140119166453767,-2.4699452443200385,359.27939913789737,6.177375526336062,LOW,MEDIUM,LOW,LOW,LOW,MEDIUM,MEDIUM
48.321255925863916,4.987647712972706,4.293898540875721,451.58720185343685,10.214261723828585,LOW,LOW,LOW,LOW,LOW,LOW,LOW
16.53934004215775,1.97435394349677,-5.794324187307818,371.31641827845095,14.288527181124312,LOW,LOW,MEDIUM,LOW,LOW,MEDIUM,MEDIUM
37.96007728023672,-3.149396347122023,2.973460922023731,613.4908703711723,14.167532680832661,LOW,LOW,LOW,LOW,LOW,LOW,LOW
52.02536884445595,-1.573136546455245,-5.608002493712448,279.68474326049767,16.320514225483063,MEDIUM,LOW,MEDIUM,LOW,MEDIUM,HIGH,HIGH
46.94942807353673,-0.9682273548434935,-3.301120998460434,210.10021108158492,5.5364908089045715,LOW,LOW,LOW,LOW,LOW,LOW,LOW
63.79727101278419,1.9516510085115428,-4.936000482959711,32.150330688573156,4.162305210426662,MEDIUM,LOW,LOW,HIGH,LOW,HIGH,HIGH
41.67554325618145,17.517878349459977,-0.3117552405842351,230.39777483867928,5.6362526383724285,LOW,CRITICAL,LOW,LOW,LOW,CRITICAL,CRITICAL
42.20961505190677,3.1806631101462326,5.3350052617482415,305.5300407088741,8.233710994478136,LOW,LOW,MEDIUM,LOW,LOW,MEDIUM,MEDIUM
72.32266713361552,-2.0488813823547565,-13.87091738909495,192.77554571592736,17.960854415406565,HIGH,LOW,HIGH,LOW,MEDIUM,CRITICAL,CRITICAL
63.836838776734396,-2.6576917928884756,-11.39056176908019,135.95365669836525,25.155480147292156,MEDIUM,LOW,HIGH,LOW,MEDIUM,HIGH,HIGH
27.44719386836467,0.5874528378256593,-2.709250113000753,531.98900281751,6.399264077439987,LOW,LOW,LOW,LOW,LOW,LOW,LOW
22.20729992638374,2.239011502408067,-1.1186084288300293,181.99013918625067,11.591311030436707,LOW,LOW,LOW,LOW,LOW,LOW,LOW
39.078755694970404,-3.4227158661032107,3.88034394470926,187.79526966830903,8.099004618840532,LOW,LOW,LOW,LOW,LOW,LOW,LOW
75.977470259874,15.280660483364906,13.139109863587457,214.53032260096307,9.606389462922515,HIGH,CRITICAL,HIGH,LOW,LOW,CRITICAL,CRITICAL
28.966948683926137,0.7750891851294105,-0.5103580215988379,13.15699473405231,9.487250033733067,LOW,LOW,LOW,CRITICAL,LOW,CRITICAL,CRITICAL
45.48111491335781,-0.05197471473436078,-1.3111507584968607,253.72828618555192,17.101082018226705,LOW,LOW,LOW,LOW,MEDIUM,LOW,MEDIUM
45.77957590073251,4.094029767221485,0.0741495602079102,513.0960635921311,11.092248087635006,LOW,LOW,LOW,LOW,LOW,LOW,LOW
67.57472911217576,4.4471291365645165,2.228034708533845,449.9691120285533,21.092442809270647,MEDIUM,LOW,LOW,LOW,MEDIUM,MEDIUM,HIGH
77.33841010809688,0.8433884388118967,-13.246370282545701,110.54824608977583,19.502522062701473,HIGH,LOW,HIGH,LOW,MEDIUM,CRITICAL,CRITICAL
59.306253890927074,2.4803463579978176,-3.4816381402125436,320.0071205502089,5.605032557666702,MEDIUM,LOW,LOW,LOW,LOW,MEDIUM,MEDIUM
44.93477270059224,5.03847195667557,-0.033264652081557856,182.35754236975865,8.041084230286394,LOW,MEDIUM,LOW,LOW,LOW,MEDIUM,MEDIUM
37.990790697476704,2.415156282927034,-6.456673058022742,107.74152534319187,7.398299043458266,LOW,LOW,MEDIUM,LOW,LOW,MEDIUM,MEDIUM
59.26383177781748,1.0633220985273195,7.803142814184131,349.2502251513879,15.883762962709238,MEDIUM,LOW,MEDIUM,LOW,MEDIUM,HIGH,HIGH
63.85965375681208,12.855232326688373,-0.3081031242538411,5.183567088945843,7.774732164140838,MEDIUM,HIGH,LOW,CRITICAL,LOW,CRITICAL,CRITICAL
22.504277836371614,-0.0839198296578042,-9.680869885838822,256.7302478309779,8.823135371790677,LOW,LOW,MEDIUM,LOW,LOW,MEDIUM,MEDIUM
29.14475243916963,-3.909239126600016,6.459308839809535,349.7107697685436,2.3850858469456813,LOW,LOW,MEDIUM,LOW,LOW,MEDIUM,MEDIUM
24.0828213285147,-0.5732842742574125,-3.411713289183357,549.4756213566594,11.648375495103387,LOW,LOW,LOW,LOW,LOW,LOW,LOW
69.3523749852187,25.288460313725892,3.5571282718983905,50.482756806391805,22.46396564607319,MEDIUM,CRITICAL,LOW,MEDIUM,MEDIUM,CRITICAL,CRITICAL
91.74154448624458,9.29191890947988,0.9997870093337548,239.8370216691664,3.552984079235819,CRITICAL,MEDIUM,LOW,LOW,LOW,CRITICAL,CRITICAL
42.176736239714906,-0.07711423691467695,8.198837006414747,269.69088270538055,10.440798166716911,LOW,LOW,MEDIUM,LOW,LOW,MEDIUM,MEDIUM
55.25529435009282,11.298847870919268,6.158532605050224,98.31679127099451,20.701431198708846,MEDIUM,HIGH,MEDIUM,MEDIUM,MEDIUM,HIGH,HIGH
59.43326552099225,3.8107470196326796,-4.26349640193937,399.2562777445622,8.168664678042958,MEDIUM,LOW,LOW,LOW,LOW,MEDIUM,MEDIUM
54.06456419552378,-5.254877379172643,-1.6658509418433287,351.7147478995644,8.842909244635521,MEDIUM,MEDIUM,LOW,LOW,LOW,HIGH,HIGH
40.82094445162748,-0.4562095245920613,-4.64623527319334,203.05096045295227,3.7451882263054603,LOW,LOW,LOW,LOW,LOW,LOW,LOW
38.379395794546056,-0.537062693757683,-2.2372879099027316,78.61744913188393,5.331175359654873,LOW,LOW,LOW,MEDIUM,LOW,MEDIUM,MEDIUM
58.96230187555978,-9.432952793606937,3.3311554884914587,274.0551667450012,30.406978981732323,MEDIUM,MEDIUM,LOW,LOW,HIGH,HIGH,HIGH
73.4599229837934,0.9734666185471624,28.891097058570704,122.24968336342013,9.32330949164464,HIGH,LOW,CRITICAL,LOW,LOW,CRITICAL,CRITICAL
35.76027985372722,1.574322601342863,4.138629479472834,437.5698230117653,8.556900336921366,LOW,LOW,LOW,LOW,LOW,LOW,LOW
59.07916154540976,-1.827363668928814,-3.98319808559834,100.13572636638641,8.496407161586353,MEDIUM,LOW,LOW,LOW,LOW,MEDIUM,MEDIUM
66.2487573501704,1.2135695007911245,0.6121270111246008,56.50768202460968,1.9757945951488207,MEDIUM,LOW,LOW,MEDIUM,LOW,HIGH,HIGH
39.02124503548708,-7.7372741460219,2.3542362363166363,138.7127529242371,21.582210707949734,LOW,MEDIUM,LOW,LOW,MEDIUM,MEDIUM,HIGH
66.89246004178221,2.1515446844766566,-4.139391782573697,31.004685660643016,4.366377736922554,MEDIUM,LOW,LOW,HIGH,LOW,HIGH,HIGH
56.37041068140706,-4.993551248508208,-0.2700560301131583,377.5462274721721,7.454049096797788,MEDIUM,LOW,LOW,LOW,LOW,MEDIUM,MEDIUM
62.53516388795723,2.385600570108097,-0.31086218804720694,670.0467990761514,13.159571165494505,MEDIUM,LOW,LOW,LOW,LOW,MEDIUM,MEDIUM
100.0,0.3128371909901064,-1.496296694784211,200.97731681008054,42.6234107224126,CRITICAL,LOW,LOW,LOW,HIGH,CRITICAL,CRITICAL
53.52951875344425,3.3513531339379727,3.875382656667496,410.5836431887509,1.3871222405312824,MEDIUM,LOW,LOW,LOW,LOW,MEDIUM,MEDIUM
36.400426166529,-1.1096697257185746,4.225033813791804,217.4863921840485,1.5221388659846609,LOW,LOW,LOW,LOW,LOW,LOW,LOW
23.873262890969333,6.010331003403337,-4.491224023528894,84.40158022177609,5.530304321543497,LOW,MEDIUM,LOW,MEDIUM,LOW,HIGH,HIGH
23.348804054721395,-0.5725055898853602,-6.94931225025677,283.50490916845433,28.283523127336746,LOW,LOW,MEDIUM,LOW,MEDIUM,MEDIUM,HIGH
86.94846441671457,-15.236222850509108,-4.93476971831769,33.23967488179467,57.67619394693356,CRITICAL,CRITICAL,LOW,HIGH,CRITICAL,CRITICAL,CRITICAL
54.439056229435074,6.0980357602559945,-9.079923497220667,22.73038064475316,17.45979987539622,MEDIUM,MEDIUM,MEDIUM,HIGH,MEDIUM,HIGH,HIGH
54.95865491350285,-1.340273087710759,-5.254013573079028,527.9796671338717,18.864205727047704,MEDIUM,LOW,MEDIUM,LOW,MEDIUM,HIGH,HIGH
100.0,2.4367845508022907,-9.463028543135879,1.7262733149495915,60.0,CRITICAL,LOW,MEDIUM,CRITICAL,CRITICAL,CRITICAL,CRITICAL
39.97947798035454,-3.254170290822141,-0.7591469836192511,173.29567109172604,11.002982695810303,LOW,LOW,LOW,LOW,LOW,LOW,LOW
35.91497427362231,1.0027543114901982,-9.765154332651491,358.64152792694085,11.707998382750342,LOW,LOW,MEDIUM,LOW,LOW,MEDIUM,MEDIUM
38.53267400373953,-0.010106643391149072,1.9633665019717748,327.29081678380885,10.18013745824759,LOW,LOW,LOW,LOW,LOW,LOW,LOW
32.44996832365429,3.1470884833342296,-2.854338368448832,92.69725394148765,4.9281875570950255,LOW,LOW,LOW,MEDIUM,LOW,MEDIUM,MEDIUM
51.56247444612683,-1.56232925059428,-2.729538341886262,82.56689616994875,14.933357979969564,MEDIUM,LOW,LOW,MEDIUM,LOW,HIGH,HIGH
24.542052754992923,-8.305468121268078,-1.0987632296693195,284.4006194410053,9.747812305442299,LOW,MEDIUM,LOW,LOW,LOW,MEDIUM,MEDIUM
72.5796722006338,-1.410279681020459,3.6308440192294014,3.4930375827858793,21.85865590907101,HIGH,LOW,LOW,CRITICAL,MEDIUM,CRITICAL,CRITICAL
21.379059399868606,-4.474203838167422,2.873918954722582,294.95249660126643,4.002635149748862,LOW,LOW,LOW,LOW,LOW,LOW,LOW
23.914077833729326,-2.3179611750165474,-1.1136279531510915,287.85701136821194,4.02059100858907,LOW,LOW,LOW,LOW,LOW,LOW,LOW
51.007282878621716,-2.412239317591831,2.555466784115397,286.6848556744395,5.822326334690685,MEDIUM,LOW,LOW,LOW,LOW,MEDIUM,MEDIUM
72.5100062742061,7.159537262203418,1.9461332111174585,325.32941322553353,9.33176911500597,HIGH,MEDIUM,LOW,LOW,LOW,HIGH,HIGH
49.75278508099934,-3.649754416329068,-0.38861681853023666,241.50871721953243,18.835351203832605,LOW,LOW,LOW,LOW,MEDIUM,LOW,MEDIUM
56.992782736103955,-0.12584889798145832,1.2011475663500206,299.05720501320576,2.6064837768676736,MEDIUM,LOW,LOW,LOW,LOW,MEDIUM,MEDIUM
70.70466513230718,-12.180729673125697,-18.74033408159394,168.27097352009804,12.482396109574552,HIGH,HIGH,CRITICAL,LOW,LOW,CRITICAL,CRITICAL
69.26939526571358,0.8888764535938073,1.5473672781338732,411.9077795725364,2.5494605934300347,MEDIUM,LOW,LOW,LOW,LOW,MEDIUM,MEDIUM
60.320448523495074,3.6448524151815063,-2.200373167424306,437.4856884116755,2.4045417307161987,MEDIUM,LOW,LOW,LOW,LOW,MEDIUM,MEDIUM
51.756212419735576,-2.6043210898493054,1.1262988645303955,448.3028134470634,2.6491285528769346,MEDIUM,LOW,LOW,LOW,LOW,MEDIUM,MEDIUM
31.480504385695287,3.8862068438738455,-4.126793279073326,440.7819514332778,11.401661535301063,LOW,LOW,LOW,LOW,LOW,LOW,LOW
45.82463807343428,1.9516323594315004,-3.070910855252788,17.172766612861142,9.250924050696248,LOW,LOW,LOW,CRITICAL,LOW,CRITICAL,CRITICAL
49.27103335604004,-1.0242151615810071,-0.40016415092240065,542.6633303654769,4.275784525111008,LOW,LOW,LOW,LOW,LOW,LOW,LOW
81.06936738108705,2.3926725358110246,3.8062597002324163,335.50466303844235,12.953769129586322,HIGH,LOW,LOW,LOW,LOW,HIGH,HIGH
18.501532387196264,-1.629087224781697,1.037323885387537,444.8249974271591,4.505802633174871,LOW,LOW,LOW,LOW,LOW,LOW,LOW
49.74670137873323,0.3384801935741951,-5.452384614321275,367.96646038789555,14.823141923406936,LOW,LOW,MEDIUM,LOW,LOW,MEDIUM,MEDIUM
37.01269355850309,3.6273550734798032,2.9232193197526826,621.4096418846766,7.371532679397185,LOW,LOW,LOW,LOW,LOW,LOW,LOW
74.61978543332714,0.6841762756966009,-2.1080679495332277,210.90701546899575,18.40926983901587,HIGH,LOW,LOW,LOW,MEDIUM,HIGH,HIGH
97.98049558811368,-1.2280310904176628,17.338026149120545,213.13435721621036,11.094472928800723,CRITICAL,LOW,CRITICAL,LOW,LOW,CRITICAL,CRITICAL
61.8626517766853,2.889632026953077,1.2284183057002074,360.9022952684073,1.875256022551719,MEDIUM,LOW,LOW,LOW,LOW,MEDIUM,MEDIUM
92.210314903338,-15.873468712555349,2.7241888434708716,231.07293772790888,14.086041373305493,CRITICAL,CRITICAL,LOW,LOW,LOW,CRITICAL,CRITICAL
55.512436497375035,-3.1915472859835616,3.087212001096717,321.5213340528125,2.996535834435857,MEDIUM,LOW,LOW,LOW,LOW,MEDIUM,MEDIUM
76.146419197684,-16.739022033787535,-11.445388559050615,77.97417185488793,1.5796039378680016,HIGH,CRITICAL,HIGH,MEDIUM,LOW,CRITICAL,CRITICAL
9.909490202802491,-0.3470792373340493,5.653259333613937,427.28733357312603,10.215797748755417,LOW,LOW,MEDIUM,LOW,LOW,MEDIUM,MEDIUM
38.93325476296334,1.073847599466928,0.1030214036930513,265.22010426446394,9.262569719964755,LOW,LOW,LOW,LOW,LOW,LOW,LOW
56.598918321302165,-4.317061908423362,-5.895032031275906,119.7217574212497,6.895013307714752,MEDIUM,LOW,MEDIUM,LOW,LOW,HIGH,HIGH
86.33493703414064,-1.2659374094541143,1.2614531583652873,103.38063107736662,33.69652924318594,CRITICAL,LOW,LOW,LOW,HIGH,CRITICAL,CRITICAL
49.01431578843997,-0.739123330571173,-3.7127448030541528,457.1429055299296,12.470938336214346,LOW,LOW,LOW,LOW,LOW,LOW,LOW
46.70403038966826,-9.446153559975723,-4.42124445804548,444.6565124401635,5.60096844528031,LOW,MEDIUM,LOW,LOW,LOW,MEDIUM,MEDIUM
38.95991160086697,-0.3328863176121173,-5.205301136099387,310.84409989280005,5.609351984567702,LOW,LOW,MEDIUM,LOW,LOW,MEDIUM,MEDIUM
56.32334631318618,-15.958630991921611,-3.999877167507038,116.73558675734694,23.016072121974922,MEDIUM,CRITICAL,LOW,LOW,MEDIUM,CRITICAL,CRITICAL
32.87416744156098,0.4125927128857054,0.9353432114227765,194.69325574292932,12.458017507954116,LOW,LOW,LOW,LOW,LOW,LOW,LOW
100.0,9.624389570292394,7.81737661045328,33.13716165780912,5.647800400489491,CRITICAL,MEDIUM,MEDIUM,HIGH,LOW,CRITICAL,CRITICAL
16.034077619489814,3.5598003843043466,5.8155379541925445,721.1482920806505,2.6483731814723086,LOW,LOW,MEDIUM,LOW,LOW,MEDIUM,MEDIUM
46.7598524525141,-2.3109485369368166,3.900458084482828,291.9725271874924,3.744190489193686,LOW,LOW,LOW,LOW,LOW,LOW,LOW
49.2578593474329,2.057247673006312,2.6932891021231553,638.8141303199245,6.125956187533674,LOW,LOW,LOW,LOW,LOW,LOW,LOW
85.15410467520356,4.916381998664239,-1.3592970393378634,196.1428696712732,39.39735898536061,CRITICAL,LOW,LOW,LOW,HIGH,CRITICAL,CRITICAL
46.69487651366993,-3.728524860454127,-3.861968763992142,426.047231948169,3.0968717960971115,LOW,LOW,LOW,LOW,LOW,LOW,LOW
73.87984097449501,6.173999225872199,7.907614476184483,47.52840299421081,30.773108876837632,HIGH,MEDIUM,MEDIUM,HIGH,HIGH,CRITICAL,CRITICAL
60.26689480806134,0.3202318500442903,5.298279272772157,609.2841930922298,2.6274751338289803,MEDIUM,LOW,MEDIUM,LOW,LOW,HIGH,HIGH
23.042721237734376,4.824458356778131,6.5775211428049785,0.0,10.629857834871368,LOW,LOW,MEDIUM,CRITICAL,LOW,CRITICAL,CRITICAL
54.26431221511053,4.745113084927572,-8.126309297244473,372.7129683056475,7.686452628201908,MEDIUM,LOW,MEDIUM,LOW,LOW,HIGH,HIGH
47.002267431217675,-2.0655899386430816,-4.042400162604225,549.7240834701709,6.442840592737213,LOW,LOW,LOW,LOW,LOW,LOW,LOW
95.71265894400112,9.374098027071183,-5.821731185137707,301.7881654773969,28.46964600258696,CRITICAL,MEDIUM,MEDIUM,LOW,MEDIUM,CRITICAL,CRITICAL
73.6223530931688,18.38262141786736,-4.379592981577788,35.00235707895613,36.57099488290423,HIGH,CRITICAL,LOW,HIGH,HIGH,CRITICAL,CRITICAL
52.32967023154158,9.159370566964915,12.846402882694637,53.06852345169223,18.851710447981564,MEDIUM,MEDIUM,HIGH,MEDIUM,MEDIUM,HIGH,HIGH
58.34623564221102,8.0494857888245,0.4948490064640471,671.9641399249605,2.638497109027382,MEDIUM,MEDIUM,LOW,LOW,LOW,HIGH,HIGH
23.92254210090326,-1.2628222089078391,0.3732397522438674,262.3948372106875,6.2873590209561705,LOW,LOW,LOW,LOW,LOW,LOW,LOW
24.1954432810381,5.348332710227177,0.31966041803152223,333.11794609009723,5.716896816239512,LOW,MEDIUM,LOW,LOW,LOW,MEDIUM,MEDIUM
68.49137161444688,-7.079187894498604,7.380451533132533,33.87545045557712,22.383377587252447,MEDIUM,MEDIUM,MEDIUM,HIGH,MEDIUM,HIGH,HIGH
57.975517209481396,-0.8713032593269479,0.46264407044167977,215.25862038310208,3.102158234549672,MEDIUM,LOW,LOW,LOW,LOW,MEDIUM,MEDIUM
67.4893163771353,4.619185311734136,-6.612168860015699,486.68125270438094,11.346910372612765,MEDIUM,LOW,MEDIUM,LOW,LOW,HIGH,HIGH
51.70290174594013,0.9306403678976778,0.9022480684096706,433.74287909860885,10.841435923288621,MEDIUM,LOW,LOW,LOW,LOW,MEDIUM,MEDIUM
77.93959579343935,-0.16154655912143917,-4.255116765801752,397.57576438343415,2.2880347089290147,HIGH,LOW,LOW,LOW,LOW,HIGH,HIGH
65.21398061024409,0.42057910329798887,-15.557260507019937,5.36820775376654,10.303237937007005,MEDIUM,LOW,CRITICAL,CRITICAL,LOW,CRITICAL,CRITICAL
29.331003159323725,1.9593630589515687,-0.3290003466132956,67.84093309561293,4.394944271788831,LOW,LOW,LOW,MEDIUM,LOW,MEDIUM,MEDIUM
21.17602284837708,-7.475645625882617,4.515876805608341,332.4120398242473,5.8405519584727585,LOW,MEDIUM,LOW,LOW,LOW,MEDIUM,MEDIUM
42.17391275773876,-5.715966950051075,-1.4955066641730301,110.7856958389636,3.598252866660726,LOW,MEDIUM,LOW,LOW,LOW,MEDIUM,MEDIUM
38.51575006305054,0.22061822936634504,-0.31404681904702386,391.5383369596293,14.654721635109611,LOW,LOW,LOW,LOW,LOW,LOW,LOW
53.89535215819621,2.7616976625692993,2.0664801871775658,235.15132951822747,11.469558981286836,MEDIUM,LOW,LOW,LOW,LOW,MEDIUM,MEDIUM
52.21583586212691,-0.105184803462564,-5.537742415625346,271.86671208330677,30.073924984616824,MEDIUM,LOW,MEDIUM,LOW,HIGH,HIGH,HIGH
78.6500465304899,-27.123665459725785,18.626840326972115,74.39394510519843,21.663200607415543,HIGH,CRITICAL,CRITICAL,MEDIUM,MEDIUM,CRITICAL,CRITICAL
86.36191279772378,-10.448523973586484,14.26774226001284,169.39460840838177,19.339868380368035,CRITICAL,HIGH,HIGH,LOW,MEDIUM,CRITICAL,CRITICAL
38.50016670965049,0.984720935353249,-2.5781132425427264,522.546257364961,5.683586696880424,LOW,LOW,LOW,LOW,LOW,LOW,LOW
60.67066862646901,-3.871760857091932,4.864508990686406,440.6145638388781,2.66370136553477,MEDIUM,LOW,LOW,LOW,LOW,MEDIUM,MEDIUM
83.07931496414709,-10.93728013637283,-27.585171581142603,254.54796135898786,46.12560662620254,HIGH,HIGH,CRITICAL,LOW,CRITICAL,CRITICAL,CRITICAL
21.270185329446935,-0.41116999894944695,-3.5855218040089523,65.07175198293808,22.690811412124788,LOW,LOW,LOW,MEDIUM,MEDIUM,MEDIUM,HIGH
58.59323803808402,-2.3767690821554277,-0.6363466574744535,487.3098755014072,6.417130522173046,MEDIUM,LOW,LOW,LOW,LOW,MEDIUM,MEDIUM
48.06219906762083,-0.9285674129124643,-1.5942208866050591,361.06394082593414,22.019826585570662,LOW,LOW,LOW,LOW,MEDIUM,LOW,MEDIUM
58.91573878125127,0.8001366485206878,1.0731728758261425,248.42421905476934,10.798201782716745,MEDIUM,LOW,LOW,LOW,LOW,MEDIUM,MEDIUM
57.79750229526283,2.1764306140674865,-5.518729036504697,958.8037177223295,9.237568304700925,MEDIUM,LOW,MEDIUM,LOW,LOW,HIGH,HIGH
53.86164667828834,12.31784293539646,-18.977705136506177,111.4817960458901,7.365813344154448,MEDIUM,HIGH,CRITICAL,LOW,LOW,CRITICAL,CRITICAL
36.06792917007574,-2.3417650503963725,-0.7235618197043415,306.39677136892885,20.531026832033756,LOW,LOW,LOW,LOW,MEDIUM,LOW,MEDIUM
55.28866679503452,-2.640197962021487,-0.14636570053513503,462.77814836242635,8.992318561687645,MEDIUM,LOW,LOW,LOW,LOW,MEDIUM,MEDIUM
34.685629214079775,-4.210035643224157,0.3458363601697683,285.16008116491355,20.431094920428343,LOW,LOW,LOW,LOW,MEDIUM,LOW,MEDIUM
56.11733736127373,2.301099733449087,3.0638916326182453,279.946145399115,3.063389694700235,MEDIUM,LOW,LOW,LOW,LOW,MEDIUM,MEDIUM
29.658326385183717,-0.04467446911812445,0.142407871620137,340.6044490166851,5.607865082686119,LOW,LOW,LOW,LOW,LOW,LOW,LOW
69.13091419586364,20.770760411314665,19.065724965689398,65.26691261979387,47.71348522098859,MEDIUM,CRITICAL,CRITICAL,MEDIUM,CRITICAL,CRITICAL,CRITICAL
86.20470002210811,28.111833490582182,-3.4813843799929014,19.68220287174094,11.576598594271006,CRITICAL,CRITICAL,LOW,CRITICAL,LOW,CRITICAL,CRITICAL
46.82701983470054,1.1993218565109731,0.8033593547244278,347.76235660727605,8.169535256978456,LOW,LOW,LOW,LOW,LOW,LOW,LOW
100.0,-14.200440533708962,9.729112317068044,75.55722562295938,4.432625509106677,CRITICAL,HIGH,MEDIUM,MEDIUM,LOW,CRITICAL,CRITICAL
100.0,-10.26176680563122,-11.112864332285735,1.0308095715330383,25.487630208692337,CRITICAL,HIGH,HIGH,CRITICAL,MEDIUM,CRITICAL,CRITICAL
84.9072536099387,24.856186735492216,8.140188361577014,400.9776410528136,52.114732799286884,HIGH,CRITICAL,MEDIUM,LOW,CRITICAL,CRITICAL,CRITICAL
32.83600163041768,-2.964820138552672,-1.6344328555360639,295.33515270086275,2.934149597677736,LOW,LOW,LOW,LOW,LOW,LOW,LOW
58.917205178580545,-1.8296751380640899,-4.442284860695205,599.9189626079163,22.056265240614902,MEDIUM,LOW,LOW,LOW,MEDIUM,MEDIUM,HIGH
49.687872237348905,4.413990005089303,3.468612516162392,367.4480526315331,9.328234621435808,LOW,LOW,LOW,LOW,LOW,LOW,LOW
49.96613836485735,-3.8505185118932514,3.9263293303890188,581.3167082745441,2.491202382707515,LOW,LOW,LOW,LOW,LOW,LOW,LOW
32.71128730906997,4.6957129894192375,6.33895857218048,358.18397472197483,3.938923614738906,LOW,LOW,MEDIUM,LOW,LOW,MEDIUM,MEDIUM
52.69229345487338,6.083998596557502,2.295095089712079,283.38764259684046,2.7464624343350246,MEDIUM,MEDIUM,LOW,LOW,LOW,HIGH,HIGH
73.75559583201505,9.360939987155122,-2.0698426100872256,26.522926106382467,17.552600333279635,HIGH,MEDIUM,LOW,HIGH,MEDIUM,CRITICAL,CRITICAL
100.0,-2.7468232411071454,16.380699858146688,436.4500980796368,57.10875976129104,CRITICAL,LOW,CRITICAL,LOW,CRITICAL,CRITICAL,CRITICAL
71.69551878912313,5.158017318086766,1.2297417843963852,71.05150275196583,5.545413287718021,HIGH,MEDIUM,LOW,MEDIUM,LOW,HIGH,HIGH
38.626296920871056,7.56632135357436,-0.9462917547784742,701.1672194722624,4.810355850962092,LOW,MEDIUM,LOW,LOW,LOW,MEDIUM,MEDIUM
73.683006309134,2.4507908680963455,2.36430494168046,330.1226862675624,1.474488487123523,HIGH,LOW,LOW,LOW,LOW,HIGH,HIGH
39.90904776950073,-0.9870501554403533,6.480446420025748,503.96321726019556,20.05636944524284,LOW,LOW,MEDIUM,LOW,MEDIUM,MEDIUM,HIGH
49.70434065726404,-9.131495460478439,4.842787360172215,389.0937153104871,2.696616702955245,LOW,MEDIUM,LOW,LOW,LOW,MEDIUM,MEDIUM
8.905827929547325,3.533973708420778,-5.08922005304793,504.65109692131773,14.258891325485495,LOW,LOW,MEDIUM,LOW,LOW,MEDIUM,MEDIUM
49.94838896071813,3.949977726047523,1.7652534788178253,510.8294173802352,1.7330273046013396,LOW,LOW,LOW,LOW,LOW,LOW,LOW
28.413295709104453,1.6340642599510726,-3.8459567962458583,169.2940368137304,9.72926596034908,LOW,LOW,LOW,LOW,LOW,LOW,LOW
76.3942046663305,-10.292905781977272,-12.333123011308796,3.672819004182589,43.26843656707838,HIGH,HIGH,HIGH,CRITICAL,HIGH,CRITICAL,CRITICAL
39.80735325608686,-3.141662511734565,-3.5346695023954737,234.97063058412354,2.229742431100478,LOW,LOW,LOW,LOW,LOW,LOW,LOW
62.737148496745284,2.429250322673178,-6.190124101955742,445.46816453080186,10.97389072233736,MEDIUM,LOW,MEDIUM,LOW,LOW,HIGH,HIGH
51.34392912766928,0.06116798118322873,-0.09927848898451273,158.0952676164481,3.1793010861597097,MEDIUM,LOW,LOW,LOW,LOW,MEDIUM,MEDIUM
51.862030291320124,-2.6351107696089535,-1.5007402485813137,531.1231202165083,3.004543183221944,MEDIUM,LOW,LOW,LOW,LOW,MEDIUM,MEDIUM
43.292582783064006,5.009119782063569,-3.418037910919742,39.03901322545961,8.271573717835594,LOW,MEDIUM,LOW,HIGH,LOW,HIGH,HIGH
72.83968382709624,0.7894383406356936,6.169380731471397,207.27126552411642,7.397877406971574,HIGH,LOW,MEDIUM,LOW,LOW,HIGH,HIGH
49.980886814236335,0.9422088451523623,-8.62145068423167,427.0305393059351,8.402815759630279,LOW,LOW,MEDIUM,LOW,LOW,MEDIUM,MEDIUM
38.888682026931946,0.634212869128443,-1.70161643819716,294.50056040887426,7.2788386784356724,LOW,LOW,LOW,LOW,LOW,LOW,LOW
39.43706958292486,0.6772548954154293,-1.6156043335448276,491.01761359589847,8.456610906141155,LOW,LOW,LOW,LOW,LOW,LOW,LOW
40.80134140244278,-3.2109494728274175,-6.611907575805009,601.9859828637692,3.1983925317096578,LOW,LOW,MEDIUM,LOW,LOW,MEDIUM,MEDIUM
62.20468951171431,2.369269208509846,-4.569130034905771,681.8096895329345,3.0283421858218897,MEDIUM,LOW,LOW,LOW,LOW,MEDIUM,MEDIUM
70.16866276665068,-10.990710380877776,9.695643190985509,198.5455239255634,13.904506887879474,HIGH,HIGH,MEDIUM,LOW,LOW,CRITICAL,CRITICAL
83.01798852909205,6.15853867112495,-5.1335679078333385,334.4880217789629,3.2106229763572585,HIGH,MEDIUM,MEDIUM,LOW,LOW,HIGH,HIGH
50.72589970181829,7.054150009769414,-2.380210825163594,357.75507359638164,4.068351102536381,MEDIUM,MEDIUM,LOW,LOW,LOW,HIGH,HIGH
49.42047541238442,0.33421434097606323,-5.395819217370529,468.8530005822842,2.8385888946690425,LOW,LOW,MEDIUM,LOW,LOW,MEDIUM,MEDIUM
83.45104466141721,-6.295577726162473,-16.31614905223308,1.1887715507414363,8.203269250105418,HIGH,MEDIUM,CRITICAL,CRITICAL,LOW,CRITICAL,CRITICAL
51.6786898895045,26.292588496291337,3.453725963116438,33.23035954804753,14.168617710660286,MEDIUM,CRITICAL,LOW,HIGH,LOW,CRITICAL,CRITICAL
30.602105922701035,-3.4244313615756865,-2.437197578025514,586.9259389259274,7.153507001885334,LOW,LOW,LOW,LOW,LOW,LOW,LOW
23.288003740890765,5.722741266077002,1.794780800874221,156.83562319883723,5.228181542805519,LOW,MEDIUM,LOW,LOW,LOW,MEDIUM,MEDIUM
52.83539533031097,-13.533661524950373,-10.877953428917591,324.357738447509,21.77033683653544,MEDIUM,HIGH,HIGH,LOW,MEDIUM,CRITICAL,CRITICAL
47.86592725921955,-0.5946185145253698,-0.1568552556973174,160.86982486502217,9.255426897603567,LOW,LOW,LOW,LOW,LOW,LOW,LOW
64.20777955255494,0.8378955913721091,-0.7549913300534907,684.6406648354097,8.91315064485537,MEDIUM,LOW,LOW,LOW,LOW,MEDIUM,MEDIUM
51.318333591528564,0.11472278279547066,4.852955346657279,137.22882670223797,10.97045060588693,MEDIUM,LOW,LOW,LOW,LOW,MEDIUM,MEDIUM
82.74557216111911,-6.619569891806081,-7.4760157907162865,242.10951089065577,37.01013172181249,HIGH,MEDIUM,MEDIUM,LOW,HIGH,HIGH,CRITICAL
64.70842345756203,-6.748176380828967,-6.714761592836224,61.589953666771045,4.498448503568486,MEDIUM,MEDIUM,MEDIUM,MEDIUM,LOW,HIGH,HIGH
56.835862021248026,2.6327107940364596,10.767178695257968,540.2676070152907,18.78612413537007,MEDIUM,LOW,HIGH,LOW,MEDIUM,HIGH,HIGH
41.52690865323778,-0.07635500094376618,5.834171062641935,545.8589526680773,26.640905732646125,LOW,LOW,MEDIUM,LOW,MEDIUM,MEDIUM,HIGH
48.32463139459326,1.7108109410343058,-3.651225884950662,300.5972467296108,1.2833912127162648,LOW,LOW,LOW,LOW,LOW,LOW,LOW
81.95663547494895,-2.2824045539532616,-2.3063637019432384,650.890104678866,2.1804071493396338,HIGH,LOW,LOW,LOW,LOW,HIGH,HIGH
95.458905957597,18.71215692781097,-20.720475701345542,111.38433445917029,38.225985718339324,CRITICAL,CRITICAL,CRITICAL,LOW,HIGH,CRITICAL,CRITICAL
50.514833201831614,-3.1236605883922492,1.0708548393110968,750.7594407207835,18.03764607479936,MEDIUM,LOW,LOW,LOW,MEDIUM,MEDIUM,HIGH
62.37224333489317,-1.5334752969122558,-0.8480515693381673,145.13288388505273,7.377122192629301,MEDIUM,LOW,LOW,LOW,LOW,MEDIUM,MEDIUM
56.40114168582621,-1.9014846043206615,2.09816669832654,476.0098826397478,3.6161099758961903,MEDIUM,LOW,LOW,LOW,LOW,MEDIUM,MEDIUM
42.4200752185216,-1.7046876302627425,4.668988373782799,285.2092403336156,12.841001036124267,LOW,LOW,LOW,LOW,LOW,LOW,LOW
42.947352377128524,2.664467350540212,4.495465982767707,232.21337264461252,6.387812099354278,LOW,LOW,LOW,LOW,LOW,LOW,LOW
24.13791498337194,-5.160003192947334,-1.4916456163784049,696.5231990360468,4.332185592862382,LOW,MEDIUM,LOW,LOW,LOW,MEDIUM,MEDIUM
66.71182248519307,2.5136926009761833,-0.21542736473806756,245.9535785045753,11.536562847704385,MEDIUM,LOW,LOW,LOW,LOW,MEDIUM,MEDIUM
32.16047322054219,-3.54299224750367,-7.615215469925065,622.3032923866507,8.686755340133924,LOW,LOW,MEDIUM,LOW,LOW,MEDIUM,MEDIUM
34.70582391572847,0.6534965392459511,9.922662231449106,212.9733365961513,7.266060267528275,LOW,LOW,MEDIUM,LOW,LOW,MEDIUM,MEDIUM
15.991277824838502,-5.97659918057024,6.617967718219622,620.3489387837241,12.905174451318846,LOW,MEDIUM,MEDIUM,LOW,LOW,HIGH,HIGH
28.273844423852797,3.22822053919621,3.456594663584867,286.1300332959951,15.379591107941973,LOW,LOW,LOW,LOW,MEDIUM,LOW,MEDIUM
65.81607300464948,9.010955905463584,-16.565184986917753,245.15578596717228,19.18676867364324,MEDIUM,MEDIUM,CRITICAL,LOW,MEDIUM,CRITICAL,CRITICAL
87.14408764093793,-14.143163006729857,17.36023403384762,42.34940539784836,8.658614862709772,CRITICAL,HIGH,CRITICAL,HIGH,LOW,CRITICAL,CRITICAL
77.9506671618007,3.1638244414602656,2.3724892885055446,203.42198869108174,33.18873521685717,HIGH,LOW,LOW,LOW,HIGH,HIGH,CRITICAL
51.96929940517703,-5.057821035703375,1.0791962982319505,248.50341754904002,2.458477425068618,MEDIUM,MEDIUM,LOW,LOW,LOW,HIGH,HIGH
69.7828819318086,9.375169345353761,12.089310254872146,106.44412661504681,27.003104350989602,MEDIUM,MEDIUM,HIGH,LOW,MEDIUM,HIGH,HIGH
52.75659565514114,-7.749701511479299,7.857128489483864,343.0764097094042,10.810951133320728,MEDIUM,MEDIUM,MEDIUM,LOW,LOW,HIGH,HIGH
66.81685435062506,-5.417171705307749,3.2544661458058193,608.5823033108308,0.7862012515330864,MEDIUM,MEDIUM,LOW,LOW,LOW,HIGH,HIGH
47.08425859582641,0.8979470357610524,2.3350005746520393,368.90914080784137,11.379854801941622,LOW,LOW,LOW,LOW,LOW,LOW,LOW
37.446932050263015,1.7366449551156207,-2.587358708341709,0.0,3.0388386719592013,LOW,LOW,LOW,CRITICAL,LOW,CRITICAL,CRITICAL
23.28589961587293,-2.3409007293654427,-4.2977285143500055,250.9122924814696,10.899087169427732,LOW,LOW,LOW,LOW,LOW,LOW,LOW
46.41053098072654,-2.865834065445123,3.969418924987154,404.36707815604893,4.387139639431877,LOW,LOW,LOW,LOW,LOW,LOW,LOW
57.75349577755529,-1.1091503390146091,0.4200288595685421,342.0591186190775,2.402846182961526,MEDIUM,LOW,LOW,LOW,LOW,MEDIUM,MEDIUM
49.823169589769975,5.334267288793381,-3.007574519613291,760.059552209392,11.248581373048612,LOW,MEDIUM,LOW,LOW,LOW,MEDIUM,MEDIUM
22.20882185949289,0.3562935131189305,-9.3009300957912,310.83789503586974,8.682317499615912,LOW,LOW,MEDIUM,LOW,LOW,MEDIUM,MEDIUM
64.82164110353013,-3.951068347097869,3.3789644444936697,593.3676263597248,7.628811699651884,MEDIUM,LOW,LOW,LOW,LOW,MEDIUM,MEDIUM
59.51417049183298,-4.049787991945793,4.747264093688202,217.40620360405248,2.2732462648294853,MEDIUM,LOW,LOW,LOW,LOW,MEDIUM,MEDIUM
80.89624518332278,-20.859106097936,-1.111425902245681,70.40045138114108,40.64177668412639,HIGH,CRITICAL,LOW,MEDIUM,HIGH,CRITICAL,CRITICAL
41.61703240382861,-18.27646831182443,9.691930652136598,6.113252356479762,17.425536922758415,LOW,CRITICAL,MEDIUM,CRITICAL,MEDIUM,CRITICAL,CRITICAL
72.33109298307814,1.7297724416972509,2.122382659557298,156.23323101891816,5.23984807294683,HIGH,LOW,LOW,LOW,LOW,HIGH,HIGH
34.010457269285816,1.3111006796229074,-2.862748165714172,466.39549821195453,2.4621838466203574,LOW,LOW,LOW,LOW,LOW,LOW,LOW
32.5789921016102,1.3229201403898503,-7.6507136058626255,588.1416683674472,1.9467853184697854,LOW,LOW,MEDIUM,LOW,LOW,MEDIUM,MEDIUM
54.83173831610766,-8.407318275726691,4.772822923988041,64.62740522204768,42.99698386427813,MEDIUM,MEDIUM,LOW,MEDIUM,HIGH,HIGH,HIGH
19.71076198396124,2.528578833750314,-4.522394252881667,567.9652485167006,1.9255551805826445,LOW,LOW,LOW,LOW,LOW,LOW,LOW
60.526832486573596,4.940222942030335,7.548423931812982,364.6210263372378,2.7507223407091645,MEDIUM,LOW,MEDIUM,LOW,LOW,HIGH,HIGH
43.454881863470376,-3.5443067278307296,5.6496581248733255,260.7907566800487,25.97638896331737,LOW,LOW,MEDIUM,LOW,MEDIUM,MEDIUM,HIGH
42.879851917879435,-4.730080088910528,-0.4788229321627973,376.63920971720506,10.945037689338676,LOW,LOW,LOW,LOW,LOW,LOW,LOW
46.15737038447506,6.897181789733835,-1.913705599578802,410.74982238842523,17.373684611100746,LOW,MEDIUM,LOW,LOW,MEDIUM,MEDIUM,HIGH
98.15341593939519,0.7962073040007001,0.020969523290207955,92.88738573444351,32.42652303129948,CRITICAL,LOW,LOW,MEDIUM,HIGH,CRITICAL,CRITICAL
53.89271397389993,2.066447434307199,2.7841696443859445,527.4117644005875,18.343684922682733,MEDIUM,LOW,LOW,LOW,MEDIUM,MEDIUM,HIGH
41.451238739942255,1.7015023250260362,-5.812378418247464,461.3519913377173,12.840528441514476,LOW,LOW,MEDIUM,LOW,LOW,MEDIUM,MEDIUM
88.44712050163221,12.823937884139765,-4.673022399389055,507.5517222253822,52.05068367190654,CRITICAL,HIGH,LOW,LOW,CRITICAL,CRITICAL,CRITICAL
87.52236079937025,1.764920049766967,13.21289264271723,39.85509639489202,60.0,CRITICAL,LOW,HIGH,HIGH,CRITICAL,CRITICAL,CRITICAL
85.27957963253827,1.7067793692174968,0.7634787145262715,329.2305665008103,17.35448252981984,CRITICAL,LOW,LOW,LOW,MEDIUM,CRITICAL,CRITICAL
84.1687096321543,4.307177967862606,-5.53303794209232,603.4391945800666,24.39500653092709,HIGH,LOW,MEDIUM,LOW,MEDIUM,HIGH,HIGH
36.3787052518888,-3.3381622097308163,5.877377173264836,372.1098175273406,1.7586272608309397,LOW,LOW,MEDIUM,LOW,LOW,MEDIUM,MEDIUM
69.31086651052591,-12.039641817760588,21.943945536352867,13.395535976891182,9.471055498401228,MEDIUM,HIGH,CRITICAL,CRITICAL,LOW,CRITICAL,CRITICAL
54.526965584703476,1.7129397920654075,-0.7690432489033455,273.28239795336725,1.599680182934545,MEDIUM,LOW,LOW,LOW,LOW,MEDIUM,MEDIUM
94.67801214727571,-19.187857278857898,-8.413074016513374,98.76450483546789,17.162719224204604,CRITICAL,CRITICAL,MEDIUM,MEDIUM,MEDIUM,CRITICAL,CRITICAL
77.15048974113627,-3.2231435878955725,-5.579955594322605,672.036016927951,1.633363651826126,HIGH,LOW,MEDIUM,LOW,LOW,HIGH,HIGH
55.245940670985675,4.363916212059481,-0.6915100908771504,577.2909849564597,1.6639752485819745,MEDIUM,LOW,LOW,LOW,LOW,MEDIUM,MEDIUM
56.44295341779677,-5.086760566077216,-0.9110451548494819,633.8734680188895,12.02042686884839,MEDIUM,MEDIUM,LOW,LOW,LOW,HIGH,HIGH
41.0776130313597,3.837727638837026,4.45410838016979,424.4555049939448,8.483046244629232,LOW,LOW,LOW,LOW,LOW,LOW,LOW
30.018046874914912,-5.4081457082713165,-1.506418975766123,334.2676922555879,15.833302233234631,LOW,MEDIUM,LOW,LOW,MEDIUM,MEDIUM,HIGH
58.836416259274664,6.8310792952633745,1.6181951553045835,540.7691042030848,3.2917654368982157,MEDIUM,MEDIUM,LOW,LOW,LOW,HIGH,HIGH
44.799803028450285,-7.99314670615095,2.9206286561257686,495.7182367101404,4.901491749182627,LOW,MEDIUM,LOW,LOW,LOW,MEDIUM,MEDIUM
68.3173275889077,40.0,-14.505269506843792,56.06070632582419,11.659535628218014,MEDIUM,CRITICAL,HIGH,MEDIUM,LOW,CRITICAL,CRITICAL
72.82896164364546,2.9456551802263076,-5.527923594852767,79.26819346275681,13.02672029302816,HIGH,LOW,MEDIUM,MEDIUM,LOW,HIGH,HIGH
28.696765401084676,-1.7858189086116465,-9.49291893140256,264.4233759576499,6.1786479322272765,LOW,LOW,MEDIUM,LOW,LOW,MEDIUM,MEDIUM
25.583685426199583,5.360533488558437,3.8276462837638605,757.7267365271017,11.556347573570884,LOW,MEDIUM,LOW,LOW,LOW,MEDIUM,MEDIUM
54.45458874686139,4.022926612242952,-0.33451873935568915,320.47542039317517,10.723732773411644,MEDIUM,LOW,LOW,LOW,LOW,MEDIUM,MEDIUM
17.479674743216318,-2.495263094409041,-1.8245397064434685,529.5068473436553,19.414207944980856,LOW,LOW,LOW,LOW,MEDIUM,LOW,MEDIUM
82.10638735668843,0.3417293863231853,3.5897417157762868,317.16525728326826,2.5305839452245587,HIGH,LOW,LOW,LOW,LOW,HIGH,HIGH
58.490445978434096,-11.213587021629593,2.273026386217613,145.24686249194036,23.819419671524944,MEDIUM,HIGH,LOW,LOW,MEDIUM,HIGH,HIGH
30.70049294348349,5.153202418384284,1.1782115212359978,543.0190221339407,8.012835537144229,LOW,MEDIUM,LOW,LOW,LOW,MEDIUM,MEDIUM
57.25809776246322,-5.6142333778930515,6.875686294892049,159.99380132977342,14.053702258867645,MEDIUM,MEDIUM,MEDIUM,LOW,LOW,HIGH,HIGH
56.203649808844844,4.015953353368892,-4.550511965361782,746.8649048091314,16.314449922263638,MEDIUM,LOW,LOW,LOW,MEDIUM,MEDIUM,HIGH
47.9006812701194,-0.43417332609038983,-2.0590501116728173,36.196051156788805,5.57022323051835,LOW,LOW,LOW,HIGH,LOW,HIGH,HIGH
40.861524086116845,3.2576966209708087,0.4170758285722638,135.01036063379598,2.269929419104889,LOW,LOW,LOW,LOW,LOW,LOW,LOW
87.71531895575804,-3.4520347837008867,-2.220130529982648,76.22599534570925,2.1720461534608435,CRITICAL,LOW,LOW,MEDIUM,LOW,CRITICAL,CRITICAL
47.433712322591276,5.252822048830531,4.133741290164293,73.1668147465429,45.10383951366245,LOW,MEDIUM,LOW,MEDIUM,CRITICAL,HIGH,CRITICAL
35.357882996431385,2.3917944559709525,-3.1339613667001984,189.26170692555863,6.930412046221627,LOW,LOW,LOW,LOW,LOW,LOW,LOW
26.61204343044257,0.029865282374878212,0.18422417129521892,89.02222783802904,9.629268260487796,LOW,LOW,LOW,MEDIUM,LOW,MEDIUM,MEDIUM
50.048880583530924,-1.9284100718756962,4.698724530112128,208.31361280461735,11.149369241778084,MEDIUM,LOW,LOW,LOW,LOW,MEDIUM,MEDIUM
46.7099038408754,0.3331114680010789,-3.4090647639213563,423.0834811423634,5.025883151781679,LOW,LOW,LOW,LOW,LOW,LOW,LOW
46.45926997689388,-3.491133711414699,4.5768191916165435,538.018384065773,5.117623397208274,LOW,LOW,LOW,LOW,LOW,LOW,LOW
43.13567310775507,-4.359387942472905,2.6108924223833005,247.73145289933186,11.834982810494017,LOW,LOW,LOW,LOW,LOW,LOW,LOW
71.67116815127461,0.25378691466134823,5.04151407256017,212.96107727699686,2.073554328486714,HIGH,LOW,MEDIUM,LOW,LOW,HIGH,HIGH
41.48610814198332,-3.2728467878414143,6.030697338451089,365.1094185260675,13.877579545814996,LOW,LOW,MEDIUM,LOW,LOW,MEDIUM,MEDIUM
31.761944112792637,-1.4463895267060738,6.2125248141574225,669.1061103417962,4.371390512973539,LOW,LOW,MEDIUM,LOW,LOW,MEDIUM,MEDIUM
53.6667994594776,-1.1541364367379046,-2.27131504567502,439.1522999697312,6.878385456031937,MEDIUM,LOW,LOW,LOW,LOW,MEDIUM,MEDIUM
34.93497382033293,4.351166845748436,-1.7443208683808782,235.30187152537732,11.00579464798744,LOW,LOW,LOW,LOW,LOW,LOW,LOW
21.859770150412064,5.169280540421029,-3.9502263883689963,154.1153413635008,11.28130697958866,LOW,MEDIUM,LOW,LOW,LOW,MEDIUM,MEDIUM
86.52276196242855,-11.367626098196357,-15.009980477812855,60.77937742074509,6.670818293942596,CRITICAL,HIGH,CRITICAL,MEDIUM,LOW,CRITICAL,CRITICAL
36.01167308203727,-0.528328606155567,4.322484835816672,490.173161364719,10.32199278750134,LOW,LOW,LOW,LOW,LOW,LOW,LOW
54.56829086139607,-0.002492707599486892,-5.589253188755981,420.0701716739128,12.718446758175464,MEDIUM,LOW,MEDIUM,LOW,LOW,HIGH,HIGH
48.70870599568957,2.4456538756603963,-0.41682765446011416,496.11325647808843,6.967735698556362,LOW,LOW,LOW,LOW,LOW,LOW,LOW
88.02983435880981,-13.281327133807599,-5.563534079709482,0.8443981167403941,31.79177296611575,CRITICAL,HIGH,MEDIUM,CRITICAL,HIGH,CRITICAL,CRITICAL
40.023399093828836,2.664025656423731,0.8352694264217109,574.6624081590176,7.623956597046768,LOW,LOW,LOW,LOW,LOW,LOW,LOW
58.42852824995299,5.0141362311182,-1.7632381253943095,129.90801425520596,4.224410215551152,MEDIUM,MEDIUM,LOW,LOW,LOW,HIGH,HIGH
40.7755422604088,0.07115496142365736,0.5894974771194723,249.1489940890075,7.672468624215554,LOW,LOW,LOW,LOW,LOW,LOW,LOW
50.16993456965974,0.03756243207439713,-1.3996313218968444,498.4442630379561,30.171981267922902,MEDIUM,LOW,LOW,LOW,HIGH,MEDIUM,HIGH
100.0,14.296247763509488,7.940396844586349,2.5288090312717983,36.37214488309528,CRITICAL,HIGH,MEDIUM,CRITICAL,HIGH,CRITICAL,CRITICAL
44.29064031437198,-3.290638024754912,0.6280992689391568,24.165412034485932,3.4467022785844588,LOW,LOW,LOW,HIGH,LOW,HIGH,HIGH
80.90796597565777,-9.800284101098072,19.172391911530987,23.008228363574844,5.036269353175934,HIGH,MEDIUM,CRITICAL,HIGH,LOW,CRITICAL,CRITICAL
65.83201229127269,2.8866138515830673,3.0642843758020533,6.56634797279221,25.219626382445995,MEDIUM,LOW,LOW,CRITICAL,MEDIUM,CRITICAL,CRITICAL
72.0470401844014,0.44287622650480885,2.3443247611065936,81.06944366191944,20.71418473931699,HIGH,LOW,LOW,MEDIUM,MEDIUM,HIGH,HIGH
48.0198895143242,-1.530609393246068,-4.209767706457689,377.7252075318447,17.34383938244911,LOW,LOW,LOW,LOW,MEDIUM,LOW,MEDIUM
51.657918460956196,-3.2878164226463924,-3.451422086005929,521.1518478812425,4.556025945088595,MEDIUM,LOW,LOW,LOW,LOW,MEDIUM,MEDIUM
37.2225399506348,-1.972209985881338,-6.265061468382958,442.17346744900874,9.810953807206278,LOW,LOW,MEDIUM,LOW,LOW,MEDIUM,MEDIUM
82.67596889269697,18.732922977706387,10.433116538034803,125.81732571995391,12.011957772456137,HIGH,CRITICAL,HIGH,LOW,LOW,CRITICAL,CRITICAL
52.981859870249366,-1.353691832533114,3.962418519455502,137.6225285411131,1.9046824488708893,MEDIUM,LOW,LOW,LOW,LOW,MEDIUM,MEDIUM
61.27409661281221,-7.952527256766668,1.3724426537254644,496.1030110559396,5.695316030373359,MEDIUM,MEDIUM,LOW,LOW,LOW,HIGH,HIGH
34.97448562903132,-0.07409416120921353,0.5661268490083584,694.9705772092994,8.898710799217987,LOW,LOW,LOW,LOW,LOW,LOW,LOW
45.7567116416169,3.0081366367874685,1.048079904958649,325.7473286165637,5.650959263518916,LOW,LOW,LOW,LOW,LOW,LOW,LOW
100.0,-9.13673268814406,5.6289119024758065,200.1225219873258,22.842267396419736,CRITICAL,MEDIUM,MEDIUM,LOW,MEDIUM,CRITICAL,CRITICAL
53.071988240301515,-1.3705668076643047,3.9394385538834777,672.8944199148096,3.593664220928194,MEDIUM,LOW,LOW,LOW,LOW,MEDIUM,MEDIUM
78.36865476379201,-3.439146929757475,16.609681488557563,16.83144444718365,26.409271881647104,HIGH,LOW,CRITICAL,CRITICAL,MEDIUM,CRITICAL,CRITICAL
54.90326707703742,-1.9732415318236336,-1.7911648362958974,261.7012078270691,10.326006410228555,MEDIUM,LOW,LOW,LOW,LOW,MEDIUM,MEDIUM
47.36322707563758,17.833274973933435,-27.004673919094316,18.210885936436032,13.6382666367395,LOW,CRITICAL,CRITICAL,CRITICAL,LOW,CRITICAL,CRITICAL
38.9446032080155,-6.429083582425215,2.689018596012377,243.22307733450916,11.238843737774298,LOW,MEDIUM,LOW,LOW,LOW,MEDIUM,MEDIUM
56.30849455910454,-0.7656184651360651,-1.270677655178609,369.7706472567334,6.349768021045427,MEDIUM,LOW,LOW,LOW,LOW,MEDIUM,MEDIUM
38.98761816443656,-13.973764211293838,-17.965111183580785,39.94898903452445,15.972076253150757,LOW,HIGH,CRITICAL,HIGH,MEDIUM,CRITICAL,CRITICAL
34.11564872044287,3.051441937722111,-0.06677295813834286,325.6119905567308,3.0697459738601243,LOW,LOW,LOW,LOW,LOW,LOW,LOW
86.68092749174347,17.427051405394344,-3.1385658462412778,238.1985826971195,60.0,CRITICAL,CRITICAL,LOW,LOW,CRITICAL,CRITICAL,CRITICAL
73.97261602090168,0.5572336369437407,-5.494106486310142,366.3626942973736,4.218174198920587,HIGH,LOW,MEDIUM,LOW,LOW,HIGH,HIGH
40.88351959541322,-3.696525847680534,1.0600326121292845,498.4097100833396,9.12114838223538,LOW,LOW,LOW,LOW,LOW,LOW,LOW
49.772459152095344,-0.9001290758463564,-2.599201301058512,406.89407458765055,23.295704751177272,LOW,LOW,LOW,LOW,MEDIUM,LOW,MEDIUM
31.479720860645646,4.495227043220391,7.937660472949551,238.15047017664716,15.519498082336407,LOW,LOW,MEDIUM,LOW,MEDIUM,MEDIUM,HIGH
34.979341382272324,3.0632552556815695,1.183380220895265,323.29173347040154,4.999841975640962,LOW,LOW,LOW,LOW,LOW,LOW,LOW
42.13247207149146,-2.513202176666019,10.571641930497217,536.8714058049623,15.765067460016333,LOW,LOW,HIGH,LOW,MEDIUM,HIGH,HIGH
78.03322717023259,-0.9662164018143223,0.6200874685610086,464.3569827929382,3.475340612841898,HIGH,LOW,LOW,LOW,LOW,HIGH,HIGH
14.109685803372349,-0.31111852403826273,-8.684497510225793,367.79183151011114,13.815974537477517,LOW,LOW,MEDIUM,LOW,LOW,MEDIUM,MEDIUM
80.02947962286538,26.098101549967822,21.280157673249064,68.60935379381317,24.950265602413157,HIGH,CRITICAL,CRITICAL,MEDIUM,MEDIUM,CRITICAL,CRITICAL
92.08497112842647,5.056687336856291,-7.442609582420457,53.874749097449396,40.90185969120636,CRITICAL,MEDIUM,MEDIUM,MEDIUM,HIGH,CRITICAL,CRITICAL
67.07176953851996,-7.168233099131518,0.47023877779896195,644.2337302837257,10.14490538093199,MEDIUM,MEDIUM,LOW,LOW,LOW,HIGH,HIGH
80.65836438766152,1.2741944477677625,0.5581498763321542,338.65416367364736,1.8389363844300963,HIGH,LOW,LOW,LOW,LOW,HIGH,HIGH
46.28738760019512,-8.768655696002547,2.9279697264382625,707.4403188871521,18.822844161415205,LOW,MEDIUM,LOW,LOW,MEDIUM,MEDIUM,HIGH
53.08300236253844,0.4851908368889401,-2.2519308555077338,457.07138382180653,6.239022435428101,MEDIUM,LOW,LOW,LOW,LOW,MEDIUM,MEDIUM
53.59649326778731,-6.004261735692297,6.733292984811567,65.32495821612032,12.448026130008865,MEDIUM,MEDIUM,MEDIUM,MEDIUM,LOW,HIGH,HIGH
100.0,35.28151072351035,-22.912115417427614,24.661600056797024,5.118240948727083,CRITICAL,CRITICAL,CRITICAL,HIGH,LOW,CRITICAL,CRITICAL
46.46143194293267,-7.821141137645608,4.876126687327032,427.53644092565526,5.0394740249352274,LOW,MEDIUM,LOW,LOW,LOW,MEDIUM,MEDIUM
97.85916280119184,-16.915608382694344,11.02818795023708,5.807781032679063,21.90987959387897,CRITICAL,CRITICAL,HIGH,CRITICAL,MEDIUM,CRITICAL,CRITICAL
39.32813129445609,-4.59700207676113,2.426363446171446,183.99958615990067,10.936910365268588,LOW,LOW,LOW,LOW,LOW,LOW,LOW
100.0,17.300652347146787,7.486647975066879,27.36564283205192,8.811439408742242,CRITICAL,CRITICAL,MEDIUM,HIGH,LOW,CRITICAL,CRITICAL
41.49775646138079,4.218376257151276,4.445407467973245,167.20540376742142,16.33949839319072,LOW,LOW,LOW,LOW,MEDIUM,LOW,MEDIUM
52.878014490235195,-0.6263942636674528,4.3539874301164465,52.099928049167865,9.793453490258521,MEDIUM,LOW,LOW,MEDIUM,LOW,HIGH,HIGH
48.395628042601004,-3.86984448640672,-7.71597621206332,556.2849885756634,1.9107450719044914,LOW,LOW,MEDIUM,LOW,LOW,MEDIUM,MEDIUM
47.54100120890323,-4.15899243572553,4.481801966042129,346.61245789495877,7.539319150835116,LOW,LOW,LOW,LOW,LOW,LOW,LOW
59.10599353419196,0.794292046696987,-3.612193506943646,483.85197471927734,13.387319826655705,MEDIUM,LOW,LOW,LOW,LOW,MEDIUM,MEDIUM
73.17881917900634,-1.8501124618880675,6.282571894455662,163.9671000269496,35.46827287735245,HIGH,LOW,MEDIUM,LOW,HIGH,HIGH,CRITICAL
45.943498761099605,4.480757841627388,2.634103849722333,28.076489049173283,1.6918115887699938,LOW,LOW,LOW,HIGH,LOW,HIGH,HIGH
62.733528285324915,0.5025649445900782,-0.7325443980689764,349.5976729799359,4.639134802359758,MEDIUM,LOW,LOW,LOW,LOW,MEDIUM,MEDIUM
45.55901414384023,-3.4749169311669146,1.479978028910082,455.5721994140282,4.361154850250552,LOW,LOW,LOW,LOW,LOW,LOW,LOW
31.169679325411998,5.527317452171342,1.7412815214120179,267.5666188955667,5.479184822812153,LOW,MEDIUM,LOW,LOW,LOW,MEDIUM,MEDIUM
52.24580357477168,-3.4124838763032748,6.305832008622535,439.01083335543245,5.781264618499769,MEDIUM,LOW,MEDIUM,LOW,LOW,HIGH,HIGH
46.6402052703317,0.5824645550607089,-3.0250139245079897,373.6091962176536,14.593803919200113,LOW,LOW,LOW,LOW,LOW,LOW,LOW
52.31411051341683,-3.7479434940339362,-0.5875524156079641,436.1974946094415,3.3939652570518692,MEDIUM,LOW,LOW,LOW,LOW,MEDIUM,MEDIUM
64.40140312444424,2.130825617408298,-1.9798516340731283,192.76364739556954,3.4593235170888152,MEDIUM,LOW,LOW,LOW,LOW,MEDIUM,MEDIUM
18.000351443714177,-5.675167981154467,-5.5416781344048225,255.16203992728686,14.415817904417192,LOW,MEDIUM,MEDIUM,LOW,LOW,HIGH,HIGH
100.0,-9.198611761820752,-1.480417264522818,42.50224654626113,15.731532460445086,CRITICAL,MEDIUM,LOW,HIGH,MEDIUM,CRITICAL,CRITICAL
51.58004867388309,13.382337859529997,1.2105487753631492,24.486510387338924,60.0,MEDIUM,HIGH,LOW,HIGH,CRITICAL,CRITICAL,CRITICAL
68.00639652532993,4.231908128272539,1.539060087084088,149.5355272841111,23.7873316740244,MEDIUM,LOW,LOW,LOW,MEDIUM,MEDIUM,HIGH
43.91845260344478,-4.04169754569449,-1.3789238984854082,208.63592158286247,7.258046218018394,LOW,LOW,LOW,LOW,LOW,LOW,LOW
0.0,-3.526840768600528,-2.1109422834714033,141.98388032725137,11.397245697026525,LOW,LOW,LOW,LOW,LOW,LOW,LOW
33.338283640068276,-5.895647985312635,3.123230240347683,445.34403946702696,28.148537928526803,LOW,MEDIUM,LOW,LOW,MEDIUM,MEDIUM,HIGH
32.16159294403243,7.0277162327976335,2.2583676048322796,492.2473973086256,15.660406004219693,LOW,MEDIUM,LOW,LOW,MEDIUM,MEDIUM,HIGH
46.690190193736036,-3.0328629522343213,0.22376087198832173,0.0,14.131120707754171,LOW,LOW,LOW,CRITICAL,LOW,CRITICAL,CRITICAL
64.79338202340321,5.361756543860366,4.792666672492316,558.758953227985,6.835344368488439,MEDIUM,MEDIUM,LOW,LOW,LOW,HIGH,HIGH
43.39976423260466,5.7786476065514965,-2.0187790928889453,310.97190642311324,5.849932939400452,LOW,MEDIUM,LOW,LOW,LOW,MEDIUM,MEDIUM
18.829874638151914,0.02234648346939315,-1.8150244704460359,333.90136533619966,15.861522019938274,LOW,LOW,LOW,LOW,MEDIUM,LOW,MEDIUM
79.0489947096664,-15.22573178575173,-4.369250506661777,11.244939427917728,25.801460906519363,HIGH,CRITICAL,LOW,CRITICAL,MEDIUM,CRITICAL,CRITICAL
76.51006714822964,-0.553977743813152,3.5090225692213624,228.15066997095528,17.578009626551438,HIGH,LOW,LOW,LOW,MEDIUM,HIGH,HIGH
41.557509243276,-5.872729964347909,-4.142253406173699,134.329407017526,17.614038088900354,LOW,MEDIUM,LOW,LOW,MEDIUM,MEDIUM,HIGH
59.77933849666534,-2.785401804430702,1.4396022307130056,2.6882558824990577,2.206262204225618,MEDIUM,LOW,LOW,CRITICAL,LOW,CRITICAL,CRITICAL
83.43665341048937,7.159151039074738,-19.044035900377864,79.47731961363351,38.59279256541869,HIGH,MEDIUM,CRITICAL,MEDIUM,HIGH,CRITICAL,CRITICAL
55.346149708768856,-1.367393124720981,-6.461371142960715,90.02208433342004,17.486620584084662,MEDIUM,LOW,MEDIUM,MEDIUM,MEDIUM,HIGH,HIGH
45.8216665048106,0.43045985954303717,-2.7349247841868363,168.36041215420593,10.26641719354652,LOW,LOW,LOW,LOW,LOW,LOW,LOW
60.03288980704882,-2.1334358288814217,0.8669603514599002,103.4402319333592,11.348659366845716,MEDIUM,LOW,LOW,LOW,LOW,MEDIUM,MEDIUM
52.33042718621218,3.5576542416559342,-2.207765065695734,506.8126751462883,15.523479554577627,MEDIUM,LOW,LOW,LOW,MEDIUM,MEDIUM,HIGH
45.95068303297986,-0.5926816190169194,0.6820131126633833,576.1597352833488,15.958282968546216,LOW,LOW,LOW,LOW,MEDIUM,LOW,MEDIUM
27.27208983796715,1.5085993545011505,0.5922085503415944,278.56237168996074,6.661570410574559,LOW,LOW,LOW,LOW,LOW,LOW,LOW
52.410025009545265,-3.3998664666972047,-1.5278251501133122,485.1458429932893,4.722074584096913,MEDIUM,LOW,LOW,LOW,LOW,MEDIUM,MEDIUM
59.63249338893461,0.8111274735230768,-2.247591320822252,332.28011454742,27.828876800526267,MEDIUM,LOW,LOW,LOW,MEDIUM,MEDIUM,HIGH
47.65801610953594,1.2826521910505608,-0.24159169996295385,447.592215338296,8.645389638856004,LOW,LOW,LOW,LOW,LOW,LOW,LOW
50.206140302107876,-13.476725886506092,8.794677732358963,45.89258139545929,18.86592621339483,MEDIUM,HIGH,MEDIUM,HIGH,MEDIUM,CRITICAL,CRITICAL
61.59609474586733,-0.9563228224852136,-7.819673958252493,390.57066476202874,0.4801191482435475,MEDIUM,LOW,MEDIUM,LOW,LOW,HIGH,HIGH
23.20918646201389,-3.52059610661357,-2.3620039238554495,554.9649394076607,1.4820163916704967,LOW,LOW,LOW,LOW,LOW,LOW,LOW
34.827831804121566,-8.92307061258959,-1.4436734920370287,147.5484095550403,3.173888036269062,LOW,MEDIUM,LOW,LOW,LOW,MEDIUM,MEDIUM
55.65513722028727,4.600124594160024,-1.7846913604820809,430.32016746409226,8.088035527650309,MEDIUM,LOW,LOW,LOW,LOW,MEDIUM,MEDIUM
84.6636989275172,-34.34977800310595,-13.379874028764167,13.332276542253126,22.372621548975257,HIGH,CRITICAL,HIGH,CRITICAL,MEDIUM,CRITICAL,CRITICAL
41.33550892103977,-1.3091006157567862,-3.931026771363336,96.99486504606084,27.44732878590873,LOW,LOW,LOW,MEDIUM,MEDIUM,MEDIUM,HIGH
45.40666429708368,-2.395607742577671,4.3218646402849386,614.4820529264954,3.255586675462789,LOW,LOW,LOW,LOW,LOW,LOW,LOW
59.07421347689561,2.941443306568106,-3.2340487709986836,553.8664356059369,13.009712798914626,MEDIUM,LOW,LOW,LOW,LOW,MEDIUM,MEDIUM
55.362623547860025,6.3619829639015,0.900361316683304,254.3080229740091,15.55780732534209,MEDIUM,MEDIUM,LOW,LOW,MEDIUM,HIGH,HIGH
64.74307336336109,9.427899699286785,-10.277713069530868,9.766697916235065,31.61565746549276,MEDIUM,MEDIUM,HIGH,CRITICAL,HIGH,CRITICAL,CRITICAL
45.38799765432449,5.220326368553665,0.3294818026153474,365.57857657123577,9.51126829802728,LOW,MEDIUM,LOW,LOW,LOW,MEDIUM,MEDIUM
51.88782784337413,-2.1837808522576427,-3.6069401322026358,495.200628342781,3.2722478207460055,MEDIUM,LOW,LOW,LOW,LOW,MEDIUM,MEDIUM
47.40349241334415,-0.5374383089758122,2.763079958341147,418.19517489362045,5.713852487596313,LOW,LOW,LOW,LOW,LOW,LOW,LOW
29.47153735770282,-3.0888346518703598,-0.9121268651616055,0.0,16.564205620185156,LOW,LOW,LOW,CRITICAL,MEDIUM,CRITICAL,CRITICAL
93.79191344395234,13.003068376435474,-0.6565016550476921,346.28216680142236,46.142657016589474,CRITICAL,HIGH,LOW,LOW,CRITICAL,CRITICAL,CRITICAL
38.7777268322245,26.281087696731177,8.30999657165502,90.19740199317533,23.215391810474127,LOW,CRITICAL,MEDIUM,MEDIUM,MEDIUM,CRITICAL,CRITICAL
31.629604788719053,-1.7522694645218573,2.437403582312165,463.7742890356545,12.170899120961646,LOW,LOW,LOW,LOW,LOW,LOW,LOW
34.07254898450309,0.018169519119944147,-3.977769685308641,352.0746036983341,13.049489197458248,LOW,LOW,LOW,LOW,LOW,LOW,LOW
74.98724441100624,9.387839876697367,14.630761651104464,248.0053028804743,7.256417701248338,HIGH,MEDIUM,HIGH,LOW,LOW,CRITICAL,CRITICAL
54.87578925535923,-4.385660128416536,37.90730141506396,288.60461916512514,18.04134188233173,MEDIUM,LOW,CRITICAL,LOW,MEDIUM,CRITICAL,CRITICAL
59.65393354220211,0.6791404658190234,4.6573899801610255,135.08518705533442,3.603839293196862,MEDIUM,LOW,LOW,LOW,LOW,MEDIUM,MEDIUM
62.43730425869459,-8.943039855789078,0.18170714784711153,559.3906356335041,7.375959421531364,MEDIUM,MEDIUM,LOW,LOW,LOW,HIGH,HIGH
38.44400269959578,4.89568080646767,10.207360378289422,279.3297082248037,10.640267030282754,LOW,LOW,HIGH,LOW,LOW,HIGH,HIGH
82.17139483470203,-17.510252037614563,4.450534841468052,170.60304940334152,47.397518310402695,HIGH,CRITICAL,LOW,LOW,CRITICAL,CRITICAL,CRITICAL
48.02499371230164,0.7973154227792518,-3.0788889234875425,471.0941349716364,7.1804922806018805,LOW,LOW,LOW,LOW,LOW,LOW,LOW
47.63160516870504,-0.5195784438048313,1.7946588201760618,197.9000163635075,11.571150965227126,LOW,LOW,LOW,LOW,LOW,LOW,LOW
43.349627488936264,5.267223797471211,-0.7854434433506507,14.137138012327831,7.93739335011002,LOW,MEDIUM,LOW,CRITICAL,LOW,CRITICAL,CRITICAL
15.60061721944709,-3.3978800568419807,-0.782005903729974,329.674441008559,11.616314948849793,LOW,LOW,LOW,LOW,LOW,LOW,LOW
23.1271127352452,-1.096516788360034,-1.744083592722946,263.46382878913397,25.292677390923593,LOW,LOW,LOW,LOW,MEDIUM,LOW,MEDIUM
27.013870235436777,5.5817020248002605,-4.7422204685528815,422.68553462572845,5.059312193668507,LOW,MEDIUM,LOW,LOW,LOW,MEDIUM,MEDIUM
43.380011227115205,-8.202124902265217,5.224394851062964,722.6824967637328,6.3142592756210245,LOW,MEDIUM,MEDIUM,LOW,LOW,HIGH,HIGH
31.53071922200094,0.9770306699017209,4.007505537092219,178.17268837413167,8.463455194541275,LOW,LOW,LOW,LOW,LOW,LOW,LOW
43.801333534927515,-6.6981955569812195,-1.1645035147729115,658.6895397588642,6.358565203141618,LOW,MEDIUM,LOW,LOW,LOW,MEDIUM,MEDIUM
29.399482081916922,-2.713935283911465,2.043776364901901,698.6738126567882,6.324285691921869,LOW,LOW,LOW,LOW,LOW,LOW,LOW
46.738001691016315,-3.1042295473712653,0.47814052121961165,240.71359242909338,3.5376107989855035,LOW,LOW,LOW,LOW,LOW,LOW,LOW
95.9526191504695,-0.7325632684817468,9.318582563143988,567.055895687633,29.654906018993046,CRITICAL,LOW,MEDIUM,LOW,MEDIUM,CRITICAL,CRITICAL
60.6089701477975,-9.442911883972753,-4.836570885644022,270.44834037722023,36.55585407872907,MEDIUM,MEDIUM,LOW,LOW,HIGH,HIGH,HIGH
42.742705257748405,-1.5374746985131729,-2.8233652381667813,549.7511255782165,9.392048133969224,LOW,LOW,LOW,LOW,LOW,LOW,LOW
42.47674841845113,1.0912669291113648,4.347075858148779,510.6193376114906,4.978367161150868,LOW,LOW,LOW,LOW,LOW,LOW,LOW
43.044096716942455,-3.6781367379511836,3.2178823319165066,685.7718563046889,11.662299813185799,LOW,LOW,LOW,LOW,LOW,LOW,LOW
28.819960859041625,-1.0993336261930275,-0.8891466947596113,605.3273058686251,5.97994729270377,LOW,LOW,LOW,LOW,LOW,LOW,LOW
63.8016423461642,2.1283295706625567,-2.8706326222504934,12.980721169818729,20.319769510443273,MEDIUM,LOW,LOW,CRITICAL,MEDIUM,CRITICAL,CRITICAL
21.537248964916696,1.1918462246578256,-5.8991841071270725,194.19869124864576,7.408321716152556,LOW,LOW,MEDIUM,LOW,LOW,MEDIUM,MEDIUM
8.259491313803085,-6.316123562224343,-5.873706405603703,387.2636916903492,4.193822201839873,LOW,MEDIUM,MEDIUM,LOW,LOW,HIGH,HIGH
62.94790180024326,-1.4577074064442515,-2.3845031161873442,275.4430997915782,2.4616212270196063,MEDIUM,LOW,LOW,LOW,LOW,MEDIUM,MEDIUM
25.66887156570483,-4.961690069857007,-7.093967415354476,170.98826926873795,13.512809625265152,LOW,LOW,MEDIUM,LOW,LOW,MEDIUM,MEDIUM
0.8755729235435572,-2.3482277539240273,-6.361658147043286,360.7072891994893,7.044416916472852,LOW,LOW,MEDIUM,LOW,LOW,MEDIUM,MEDIUM
45.83828456538082,1.18725690766026,-0.12805430038539992,94.68722202603026,18.367323587978852,LOW,LOW,LOW,MEDIUM,MEDIUM,MEDIUM,HIGH
23.161558176900204,-0.29861628788569555,4.075698356542775,676.4611550831366,5.984562849025369,LOW,LOW,LOW,LOW,LOW,LOW,LOW
43.05585082074472,4.586267345212157,1.1456624178433543,495.04108944047624,2.027875980234541,LOW,LOW,LOW,LOW,LOW,LOW,LOW
92.47087517913067,-18.07204849166915,-6.301736664218614,160.37220618587412,38.97840101583001,CRITICAL,CRITICAL,MEDIUM,LOW,HIGH,CRITICAL,CRITICAL
90.2719136361732,-4.775449390833879,26.39028178073629,68.44478138233045,23.745054038172746,CRITICAL,LOW,CRITICAL,MEDIUM,MEDIUM,CRITICAL,CRITICAL
37.96243114501007,3.1809966694691116,-1.8047412607925222,547.8145992474448,11.258498941022118,LOW,LOW,LOW,LOW,LOW,LOW,LOW
29.998643077949094,-3.260553127879839,-0.600287496753163,284.0894339270698,7.8021541608549505,LOW,LOW,LOW,LOW,LOW,LOW,LOW
42.71665117980264,8.203761519192396,-1.4419409068288183,1.802044228905757,15.364591177176592,LOW,MEDIUM,LOW,CRITICAL,MEDIUM,CRITICAL,CRITICAL
60.11933852703012,3.876144132703296,-1.7731931046415674,486.9088113786266,5.976931438284055,MEDIUM,LOW,LOW,LOW,LOW,MEDIUM,MEDIUM
30.921181903752235,-9.599394853822748,8.198029272734146,175.63989001279143,8.454892974139888,LOW,MEDIUM,MEDIUM,LOW,LOW,HIGH,HIGH
72.14073607813195,-16.846715810203193,21.441485825276068,70.33976611874547,11.569479583617257,HIGH,CRITICAL,CRITICAL,MEDIUM,LOW,CRITICAL,CRITICAL
56.16949569898496,0.7925424327571993,7.530381212222338,332.91435690244595,1.3195669390092752,MEDIUM,LOW,MEDIUM,LOW,LOW,HIGH,HIGH
100.0,20.23094260423276,5.846992305181742,58.015747611419286,26.51269111321045,CRITICAL,CRITICAL,MEDIUM,MEDIUM,MEDIUM,CRITICAL,CRITICAL
40.572471030513356,-2.8776549980047545,-1.4009733396314574,583.860396382333,4.517396048858606,LOW,LOW,LOW,LOW,LOW,LOW,LOW
39.885912291648516,-1.4515647948734893,2.3446063613026737,97.94288649758074,12.49695177983359,LOW,LOW,LOW,MEDIUM,LOW,MEDIUM,MEDIUM
45.833882198276214,-1.3798482699746606,-1.2533636373885357,230.3262823215509,2.572503454629407,LOW,LOW,LOW,LOW,LOW,LOW,LOW
54.13714386315866,-3.909790666540077,-4.899851026121116,222.64389496116502,3.438949380339787,MEDIUM,LOW,LOW,LOW,LOW,MEDIUM,MEDIUM
56.31553088898315,-1.722037158369434,2.9869689712435012,417.48992154074506,6.7051512313354955,MEDIUM,LOW,LOW,LOW,LOW,MEDIUM,MEDIUM
30.7305180525522,-3.7996985751850176,-4.3406652844155715,67.61570568476343,1.2059273546555873,LOW,LOW,LOW,MEDIUM,LOW,MEDIUM,MEDIUM
43.07831857323795,-0.5369095357357643,4.382417348914993,697.9749598731752,8.344467391536337,LOW,LOW,LOW,LOW,LOW,LOW,LOW
72.17395196777548,-15.550096026056167,-22.29253141718063,38.96437348187415,3.162448212184566,HIGH,CRITICAL,CRITICAL,HIGH,LOW,CRITICAL,CRITICAL
61.18244930610168,-1.1399737670035046,2.4059093102665523,167.440728132887,18.556280421991517,MEDIUM,LOW,LOW,LOW,MEDIUM,MEDIUM,HIGH
88.93836651036382,-11.344778008329833,0.18834735930988467,67.9949438276116,40.02829009651502,CRITICAL,HIGH,LOW,MEDIUM,HIGH,CRITICAL,CRITICAL
81.91627385288442,-12.653903444611245,20.2004801160904,3.0565183524703134,19.311862562563864,HIGH,HIGH,CRITICAL,CRITICAL,MEDIUM,CRITICAL,CRITICAL
96.58648197144761,2.7943149231646527,9.131214928963491,218.27891658309287,27.305568876285125,CRITICAL,LOW,MEDIUM,LOW,MEDIUM,CRITICAL,CRITICAL
50.179742918630716,-3.8439162433889345,-3.9568455352375214,376.78881122569413,14.31499700022063,MEDIUM,LOW,LOW,LOW,LOW,MEDIUM,MEDIUM
69.59130822759606,0.04041820422371935,4.496529544928342,518.6240869437613,3.147151426398687,MEDIUM,LOW,LOW,LOW,LOW,MEDIUM,MEDIUM
93.16788789060676,9.177475670881032,-11.82600220296408,199.60116933144192,9.899062749091884,CRITICAL,MEDIUM,HIGH,LOW,LOW,CRITICAL,CRITICAL
47.15126329429043,-6.311732278273111,-4.188685661265091,474.4728540557595,5.418291224902095,LOW,MEDIUM,LOW,LOW,LOW,MEDIUM,MEDIUM
46.76935954804932,-3.5456594866937157,1.759142052553769,422.2508113009051,5.692519901156396,LOW,LOW,LOW,LOW,LOW,LOW,LOW
22.795988146518276,-0.02214543666507769,3.4773164161848467,16.138438737049622,6.950287554485476,LOW,LOW,LOW,CRITICAL,LOW,CRITICAL,CRITICAL
26.76323338825158,-3.874678006733063,-0.2290062709847463,340.44212607103293,9.625188080441077,LOW,LOW,LOW,LOW,LOW,LOW,LOW
32.892122039461285,1.3130681818286007,-4.169240930748997,145.29598480136707,20.807465930908386,LOW,LOW,LOW,LOW,MEDIUM,LOW,MEDIUM
72.12994542490198,1.7961579433415042,1.4598695210338049,374.55739476188575,8.459275129895016,HIGH,LOW,LOW,LOW,LOW,HIGH,HIGH
50.3406066598213,-5.655325166841398,-3.7125275753991396,629.1979638554484,1.642421606885243,MEDIUM,MEDIUM,LOW,LOW,LOW,HIGH,HIGH
100.0,6.6789428119315275,8.528362007865631,53.808839582078036,17.472941468100483,CRITICAL,MEDIUM,MEDIUM,MEDIUM,MEDIUM,CRITICAL,CRITICAL
56.99855387251727,-4.517952571369508,1.9226420136604019,431.7722095958186,6.000673872320416,MEDIUM,LOW,LOW,LOW,LOW,MEDIUM,MEDIUM
73.53818382447957,-18.206714694475693,2.8711701073267024,41.5184978034149,11.691419189038836,HIGH,CRITICAL,LOW,HIGH,LOW,CRITICAL,CRITICAL
18.866115457799694,5.603659104677185,0.733472013327454,355.2442802756132,16.15681935477123,LOW,MEDIUM,LOW,LOW,MEDIUM,MEDIUM,HIGH
90.68837704136682,-17.408311226942693,-11.814092264708368,15.777577900417569,9.06643168992692,CRITICAL,CRITICAL,HIGH,CRITICAL,LOW,CRITICAL,CRITICAL
23.033219173127772,1.5745004367431772,2.3374433264823558,572.7389394616425,12.283872562946353,LOW,LOW,LOW,LOW,LOW,LOW,LOW
37.59669735290153,-4.297793386949916,11.574917936039846,320.1628529389122,8.618993365199586,LOW,LOW,HIGH,LOW,LOW,HIGH,HIGH
51.6428024075773,1.4751852318331995,2.3956508761823008,382.53390108707947,1.5630438256982015,MEDIUM,LOW,LOW,LOW,LOW,MEDIUM,MEDIUM
84.12519963726288,12.334486550943,1.4522697045270125,7.512011809073373,48.98227058069082,HIGH,HIGH,LOW,CRITICAL,CRITICAL,CRITICAL,CRITICAL
53.00756549622061,-1.2043980858780774,-3.4477847456852198,196.94197433273868,4.111499558684811,MEDIUM,LOW,LOW,LOW,LOW,MEDIUM,MEDIUM
80.27490339873195,-13.668924514815664,13.537640965463215,76.00436285190037,40.99395926234586,HIGH,HIGH,HIGH,MEDIUM,HIGH,CRITICAL,CRITICAL
91.87405527272767,-3.8632681192561282,-8.69386633659851,11.271332420521397,44.32994162142981,CRITICAL,LOW,MEDIUM,CRITICAL,HIGH,CRITICAL,CRITICAL
38.73386449437631,-2.9457119350610714,8.08869943531442,350.7377187410944,8.330772893262504,LOW,LOW,MEDIUM,LOW,LOW,MEDIUM,MEDIUM
55.81828571792911,4.451346974197824,-4.515363656060682,551.2803775245964,6.2153527284272245,MEDIUM,LOW,LOW,LOW,LOW,MEDIUM,MEDIUM
30.057633891856433,-16.451863065203586,-3.5232859079715135,122.39247495264804,10.109786662829453,LOW,CRITICAL,LOW,LOW,LOW,CRITICAL,CRITICAL
44.76062055203252,-8.75348916867383,5.345136254001538,392.97109910409375,11.161739754010256,LOW,MEDIUM,MEDIUM,LOW,LOW,HIGH,HIGH
87.53942713027907,-19.45826025926111,1.737886257592562,350.23115599276736,17.452815869586523,CRITICAL,CRITICAL,LOW,LOW,MEDIUM,CRITICAL,CRITICAL
66.93107822503151,0.697582549511599,-2.676215738864116,503.4502296719072,11.300442500912506,MEDIUM,LOW,LOW,LOW,LOW,MEDIUM,MEDIUM
32.6759749103928,0.7759653157963408,-4.78371983518943,257.2633467156244,12.836405458638193,LOW,LOW,LOW,LOW,LOW,LOW,LOW
81.02640524050994,18.24705264101521,-4.332921183007773,45.74990319103719,23.406285805322547,HIGH,CRITICAL,LOW,HIGH,MEDIUM,CRITICAL,CRITICAL
39.98335662003265,-4.243357235806884,5.287894710087387,199.1587363565277,13.203867336299739,LOW,LOW,MEDIUM,LOW,LOW,MEDIUM,MEDIUM
78.36305227556659,0.7732549791826113,-8.43146110096761,0.10276664791415582,22.12397525063675,HIGH,LOW,MEDIUM,CRITICAL,MEDIUM,CRITICAL,CRITICAL
67.29245467447737,-5.354090088204068,-5.888438825309225,296.45878082160834,7.080011432377958,MEDIUM,MEDIUM,MEDIUM,LOW,LOW,HIGH,HIGH
27.079023993634628,0.06895014001228339,-2.901388516825782,511.39044616852675,6.11315381283266,LOW,LOW,LOW,LOW,LOW,LOW,LOW
40.12892467918586,-4.756034720938658,-4.420604930544153,432.0939855449857,10.025331642505657,LOW,LOW,LOW,LOW,LOW,LOW,LOW
49.781118692358795,-3.5737522493841998,3.0199277764429864,446.7806611709128,8.464678226806644,LOW,LOW,LOW,LOW,LOW,LOW,LOW
38.53024724127762,-0.0822642358409581,-3.2113529348906713,437.9837554525479,3.839076285649507,LOW,LOW,LOW,LOW,LOW,LOW,LOW
39.2872234308532,4.256333090902146,7.623618218117779,293.08264365269105,12.368214865814618,LOW,LOW,MEDIUM,LOW,LOW,MEDIUM,MEDIUM
11.057850559638116,1.601528933628477,-4.3603627843267025,591.0210796258117,5.847205080008752,LOW,LOW,LOW,LOW,LOW,LOW,LOW
44.56460390759119,-4.012832079454609,-2.075241128699522,395.78848633274475,4.109096325986962,LOW,LOW,LOW,LOW,LOW,LOW,LOW
87.0814558510896,1.5085350468916832,7.985772619098889,55.174215696312764,18.684552451503407,CRITICAL,LOW,MEDIUM,MEDIUM,MEDIUM,CRITICAL,CRITICAL
85.63914972706554,-0.9024734861145858,2.2800077651716135,781.478647796126,18.31348331772968,CRITICAL,LOW,LOW,LOW,MEDIUM,CRITICAL,CRITICAL
13.661497892349317,-1.1496360393028304,-0.42135249116610507,507.5411532493515,28.905776547257858,LOW,LOW,LOW,LOW,MEDIUM,LOW,MEDIUM
50.74323183893347,0.2692902782883879,6.056311179046701,562.4882663445221,12.287817004952693,MEDIUM,LOW,MEDIUM,LOW,LOW,HIGH,HIGH
63.30449674507629,-1.6892842324408133,3.2731470350460357,128.45661087384312,5.741958410992384,MEDIUM,LOW,LOW,LOW,LOW,MEDIUM,MEDIUM
35.44884565591788,-5.8232731406023674,4.1420752138439365,269.9766825133265,1.7748016964691995,LOW,MEDIUM,LOW,LOW,LOW,MEDIUM,MEDIUM
59.91252069451979,-3.878229373264888,1.5913776620828353,296.9382494153456,13.542302506669127,MEDIUM,LOW,LOW,LOW,LOW,MEDIUM,MEDIUM
41.538514423250845,0.0359388984791163,-1.037506026428167,162.68636065605787,7.751920039981197,LOW,LOW,LOW,LOW,LOW,LOW,LOW
91.98489226212692,-4.315403845314359,-0.22009419167339606,354.04080554697697,7.319185766697407,CRITICAL,LOW,LOW,LOW,LOW,CRITICAL,CRITICAL
18.919324192042104,-0.25963074084125687,-0.2931526333439247,150.92410783129125,20.63210119416794,LOW,LOW,LOW,LOW,MEDIUM,LOW,MEDIUM
76.07038669275858,-31.025689057326428,-25.852604476088686,34.93912100793619,11.511323158814362,HIGH,CRITICAL,CRITICAL,HIGH,LOW,CRITICAL,CRITICAL
34.526848764944575,5.86290565195774,-0.16236734504759298,582.6332421640797,5.265631287914486,LOW,MEDIUM,LOW,LOW,LOW,MEDIUM,MEDIUM
54.09127774320497,0.9863983276370549,-6.477969409268772,211.93358558112175,4.915252646127785,MEDIUM,LOW,MEDIUM,LOW,LOW,HIGH,HIGH
48.93125122050224,3.1092515491434076,0.8596731485655813,714.7152758949142,8.451710520574835,LOW,LOW,LOW,LOW,LOW,LOW,LOW
59.87740071507181,-3.3615730565553696,-8.276278815299701,384.0080138565681,10.92839513465486,MEDIUM,LOW,MEDIUM,LOW,LOW,HIGH,HIGH
60.725760117777185,15.040730287478398,-10.454279445416013,52.44949780126424,32.23618936741155,MEDIUM,CRITICAL,HIGH,MEDIUM,HIGH,CRITICAL,CRITICAL
62.33991680508473,1.5904673362127697,3.4077751135850534,199.3839756015345,8.709031565495625,MEDIUM,LOW,LOW,LOW,LOW,MEDIUM,MEDIUM
23.878780349632446,-4.36109465711001,0.6757726985617387,602.864819348394,2.290729849696396,LOW,LOW,LOW,LOW,LOW,LOW,LOW
54.823726480312885,11.845134787805405,-5.51176070623536,115.78685614485823,3.1457462866145165,MEDIUM,HIGH,MEDIUM,LOW,LOW,HIGH,HIGH
46.81867042943859,-2.9177244135992906,-2.8388465066749267,117.05921455016009,21.291058820123684,LOW,LOW,LOW,LOW,MEDIUM,LOW,MEDIUM
40.43335393741018,4.040062868885263,-3.602558991912482,220.34960285823843,11.449514374623702,LOW,LOW,LOW,LOW,LOW,LOW,LOW
57.020914856750736,-4.400691643619744,1.291267352507007,402.78392845621437,2.27025569934146,MEDIUM,LOW,LOW,LOW,LOW,MEDIUM,MEDIUM
48.171884175776206,3.1081570654732227,-11.263241977909177,341.5216925791617,3.27573231045847,LOW,LOW,HIGH,LOW,LOW,HIGH,HIGH
67.52043757230349,4.779454684465748,5.086836370883067,447.6313492351807,4.579128571040396,MEDIUM,LOW,MEDIUM,LOW,LOW,HIGH,HIGH
31.077215559328433,-0.398901390743063,-2.3134535479496803,757.9681378967044,20.32122856838639,LOW,LOW,LOW,LOW,MEDIUM,LOW,MEDIUM
60.94571225974246,3.315347540808154,-2.0265513702835385,245.94363141638317,8.842013206124795,MEDIUM,LOW,LOW,LOW,LOW,MEDIUM,MEDIUM
17.915500625661828,-1.35348873113714,-3.4800460792709593,238.4382955317064,12.530160493576446,LOW,LOW,LOW,LOW,LOW,LOW,LOW
66.88966220030639,4.454966928932484,2.608410474268794,423.2251137735603,21.324070238801177,MEDIUM,LOW,LOW,LOW,MEDIUM,MEDIUM,HIGH
60.50980215633509,-5.776520040870826,8.605321138402932,112.41414318651512,14.748656310605552,MEDIUM,MEDIUM,MEDIUM,LOW,LOW,HIGH,HIGH
70.33639696616083,4.290186047778594,5.1602601435067115,267.75522199355106,1.7397028068391243,HIGH,LOW,MEDIUM,LOW,LOW,HIGH,HIGH
88.08283128325563,20.08223237488285,-3.0454329089900147,64.06448757970006,14.57630385233941,CRITICAL,CRITICAL,LOW,MEDIUM,LOW,CRITICAL,CRITICAL
44.01346914664111,6.775828905761342,-1.41433925211284,232.27503031792412,13.462836287369056,LOW,MEDIUM,LOW,LOW,LOW,MEDIUM,MEDIUM
34.32215768431326,8.044750732843355,-1.6530107758149784,501.0125968077854,13.301174931441349,LOW,MEDIUM,LOW,LOW,LOW,MEDIUM,MEDIUM
43.90118829371488,2.438223875983212,-4.449328694675948,0.0,16.85904686570655,LOW,LOW,LOW,CRITICAL,MEDIUM,CRITICAL,CRITICAL
55.1124069337187,-8.512253197394037,-2.7281878912551636,480.79907038143824,2.994348681227501,MEDIUM,MEDIUM,LOW,LOW,LOW,HIGH,HIGH
21.25562884177871,-3.0678464271281647,1.158860092944542,133.25280633393,4.017614780239926,LOW,LOW,LOW,LOW,LOW,LOW,LOW
11.82648634328155,-2.9795089749495802,4.307412795800898,128.17123937311584,3.543934722605475,LOW,LOW,LOW,LOW,LOW,LOW,LOW
74.13569515723002,-9.538978468675943,-1.80247659914596,369.2432472724259,3.568918846958974,HIGH,MEDIUM,LOW,LOW,LOW,HIGH,HIGH
78.81837127127608,15.572915083925057,-4.344928110706958,285.6479073873073,9.017753867875339,HIGH,CRITICAL,LOW,LOW,LOW,CRITICAL,CRITICAL
9.73164087977521,-4.873428621526006,-0.9800120206323361,215.31871866240476,12.440841063873512,LOW,LOW,LOW,LOW,LOW,LOW,LOW
73.2651912524498,2.763289258749478,7.566747596714022,501.34028702152654,6.955015530058296,HIGH,LOW,MEDIUM,LOW,LOW,HIGH,HIGH
29.709577695215028,1.2386522398623272,-0.5654327084638053,370.26570678327096,3.558926421156223,LOW,LOW,LOW,LOW,LOW,LOW,LOW
44.24319766174024,-5.657012464114567,1.9270508362945806,195.94948965082494,11.291096835654642,LOW,MEDIUM,LOW,LOW,LOW,MEDIUM,MEDIUM
58.22484690768691,-0.29894986342538266,-6.849387359735159,456.9888267393005,6.5328086999622625,MEDIUM,LOW,MEDIUM,LOW,LOW,HIGH,HIGH
27.84322869295643,-0.43502436903432995,-1.7367904717753226,144.55394480926418,13.600051054747762,LOW,LOW,LOW,LOW,LOW,LOW,LOW
100.0,9.694709292105024,8.400075718464223,67.53111331910937,8.57535029877124,CRITICAL,MEDIUM,MEDIUM,MEDIUM,LOW,CRITICAL,CRITICAL
89.08671228033405,24.11000516198667,-14.50169394301945,64.22086509829286,58.355524897275366,CRITICAL,CRITICAL,HIGH,MEDIUM,CRITICAL,CRITICAL,CRITICAL
43.40354235627918,-2.5298456297018372,-7.0719457503991165,507.4168416980309,1.9474661942183067,LOW,LOW,MEDIUM,LOW,LOW,MEDIUM,MEDIUM
59.86606974896137,2.9627360156943867,1.3695003585100298,196.47672791463762,8.648737666959876,MEDIUM,LOW,LOW,LOW,LOW,MEDIUM,MEDIUM
89.26977258559876,25.09251152242077,-2.1128137416895973,165.64304863321425,4.948105609687863,CRITICAL,CRITICAL,LOW,LOW,LOW,CRITICAL,CRITICAL
47.59255990151375,0.08339840100955775,-0.07716223031462527,298.44728443696215,3.0037457716604807,LOW,LOW,LOW,LOW,LOW,LOW,LOW
43.97973768141326,4.457423112761845,-2.362098279357693,278.0110291212319,24.26950061443041,LOW,LOW,LOW,LOW,MEDIUM,LOW,MEDIUM
40.547664162482455,1.1974758441207176,-3.8641398583118183,328.4302754269762,1.3564327536907936,LOW,LOW,LOW,LOW,LOW,LOW,LOW
51.66559446626696,7.770230356141569,-5.271080178184973,505.69679331192026,13.951764154906632,MEDIUM,MEDIUM,MEDIUM,LOW,LOW,HIGH,HIGH
35.4267784083109,7.434209646501348,4.625436482238508,435.8859809104465,19.7674835824174,LOW,MEDIUM,LOW,LOW,MEDIUM,MEDIUM,HIGH
52.701542795220035,-3.645894600494893,0.6560139745582302,264.25857217750746,2.1227185659390186,MEDIUM,LOW,LOW,LOW,LOW,MEDIUM,MEDIUM
37.36283175844649,-3.176018618737594,4.901505298701456,527.5748365854427,3.114434097897201,LOW,LOW,LOW,LOW,LOW,LOW,LOW
58.306539930695294,5.471321708706241,2.151548438362395,275.334627109243,8.050996982268844,MEDIUM,MEDIUM,LOW,LOW,LOW,HIGH,HIGH
69.89845651391073,4.94492010245361,1.0419728674306317,464.88348788607533,10.28796913370871,MEDIUM,LOW,LOW,LOW,LOW,MEDIUM,MEDIUM
60.12067939099276,1.417505788595266,-1.2720796240224623,76.27465027211537,12.722444141563996,MEDIUM,LOW,LOW,MEDIUM,LOW,HIGH,HIGH
48.19287472839156,-2.6875849809660157,-2.9090022229292063,134.52601701701778,2.9499982381618355,LOW,LOW,LOW,LOW,LOW,LOW,LOW
49.49461781165707,3.3742016366755743,2.1995715456664935,279.66684061548074,2.071348730035375,LOW,LOW,LOW,LOW,LOW,LOW,LOW
53.80528859692785,2.7195244923510344,3.3003913048963054,151.20033161861056,8.871649985520591,MEDIUM,LOW,LOW,LOW,LOW,MEDIUM,MEDIUM
60.61280310094737,-2.950243896631249,-5.192768060212092,496.2178144062763,5.138599355228672,MEDIUM,LOW,MEDIUM,LOW,LOW,HIGH,HIGH
40.252184789944735,1.4738079998620457,-4.308320787399971,623.8166509972712,23.77183145438634,LOW,LOW,LOW,LOW,MEDIUM,LOW,MEDIUM
83.39288267591827,-20.051998287063586,-2.2502964348041967,142.0190754882393,60.0,HIGH,CRITICAL,LOW,LOW,CRITICAL,CRITICAL,CRITICAL
75.9906447425498,-37.493993401944046,7.685826764027554,184.1500444505541,46.16096272901795,HIGH,CRITICAL,MEDIUM,LOW,CRITICAL,CRITICAL,CRITICAL
19.9825872837437,-5.542257055597477,0.8194572323427503,435.8806510071557,18.99675039659119,LOW,MEDIUM,LOW,LOW,MEDIUM,MEDIUM,HIGH
54.58386700122841,-1.908727510719568,-3.5985254284347863,288.2649382016912,7.5859344362295165,MEDIUM,LOW,LOW,LOW,LOW,MEDIUM,MEDIUM
35.17960389381383,1.9951082070106885,-4.5987261062316955,425.0383121606569,11.269718160614646,LOW,LOW,LOW,LOW,LOW,LOW,LOW
61.2564496539146,-4.2099624838857705,-1.5146501649973396,356.109592879865,17.95263308348583,MEDIUM,LOW,LOW,LOW,MEDIUM,MEDIUM,HIGH
76.04691081067527,-2.4195913794698245,-14.616742145273388,16.182087306256967,31.07176629565631,HIGH,LOW,HIGH,CRITICAL,HIGH,CRITICAL,CRITICAL
46.41664988247983,0.8848501196689822,-6.957022583670087,500.6641411467677,6.528859538679832,LOW,LOW,MEDIUM,LOW,LOW,MEDIUM,MEDIUM
64.28857380997934,7.117794369080455,-6.801977754505566,355.44406898143677,9.113148984504633,MEDIUM,MEDIUM,MEDIUM,LOW,LOW,HIGH,HIGH
22.387049607128297,0.44004506435956253,-3.0791141285450907,552.200081499947,9.077451425873008,LOW,LOW,LOW,LOW,LOW,LOW,LOW
51.19329965072023,3.352895825559751,0.5091915349037349,257.4915378266503,4.9970502540646535,MEDIUM,LOW,LOW,LOW,LOW,MEDIUM,MEDIUM
48.305935606889484,3.6662608910979415,0.19879037201070632,174.53609910918868,5.568279615716466,LOW,LOW,LOW,LOW,LOW,LOW,LOW
56.75522923554551,0.030154521830402698,2.6192528174592895,167.4229315884582,8.236297087227356,MEDIUM,LOW,LOW,LOW,LOW,MEDIUM,MEDIUM
34.51105188924125,-0.18170365914618,-0.516903318839423,502.39311707542555,3.9153792563981127,LOW,LOW,LOW,LOW,LOW,LOW,LOW
64.72307280913213,-17.801563503895125,1.577729069960026,43.75899809316321,22.099038983664432,MEDIUM,CRITICAL,LOW,HIGH,MEDIUM,CRITICAL,CRITICAL
92.57208754793828,9.389880715588472,7.010762482484773,72.6014163138409,8.496411287517185,CRITICAL,MEDIUM,MEDIUM,MEDIUM,LOW,CRITICAL,CRITICAL
52.755428447863075,-4.65724709758884,3.79092045093643,259.7968681461209,6.218745953147412,MEDIUM,LOW,LOW,LOW,LOW,MEDIUM,MEDIUM
19.788310859110755,0.7430054714307472,-2.8980867246182087,459.6700140736565,2.9254115399813307,LOW,LOW,LOW,LOW,LOW,LOW,LOW
54.76228495114423,-0.2590658278388269,-1.6268280614648485,402.00112584177083,13.516472852997865,MEDIUM,LOW,LOW,LOW,LOW,MEDIUM,MEDIUM
45.07293382400387,-0.0617883694296843,5.016141797260565,403.1150322044539,13.083315107421045,LOW,LOW,MEDIUM,LOW,LOW,MEDIUM,MEDIUM
23.535885170674355,6.137468056793144,-10.96566824331669,737.1843871134495,5.727559778008353,LOW,MEDIUM,HIGH,LOW,LOW,HIGH,HIGH
42.156483950227496,9.576079259913138,-0.0788371535916541,233.6935711604926,4.408217864504743,LOW,MEDIUM,LOW,LOW,LOW,MEDIUM,MEDIUM
56.88207639543242,-0.630290404892159,-0.8866938885004025,305.1956388620718,0.2675895211980034,MEDIUM,LOW,LOW,LOW,LOW,MEDIUM,MEDIUM
37.099510005980974,0.700403020127158,1.9581802485862345,197.79190515332405,4.516204731557888,LOW,LOW,LOW,LOW,LOW,LOW,LOW
78.09018692506523,-4.212690377951023,3.5179660451428405,211.5234618461712,8.186937050994093,HIGH,LOW,LOW,LOW,LOW,HIGH,HIGH
31.467285549477364,2.1561429818359907,-1.9389295127719033,630.6905252759208,17.64446250378837,LOW,LOW,LOW,LOW,MEDIUM,LOW,MEDIUM
49.02520001155553,2.2670987249488492,-5.433716980428914,239.46482327794448,10.951722736728009,LOW,LOW,MEDIUM,LOW,LOW,MEDIUM,MEDIUM
43.73658356379626,3.041434213034298,0.6819326767849667,421.5963307357591,14.532108627266568,LOW,LOW,LOW,LOW,LOW,LOW,LOW
44.39883095547656,2.5793331283675727,21.187112325906007,23.354787585524,33.307238251872135,LOW,LOW,CRITICAL,HIGH,HIGH,CRITICAL,CRITICAL
71.5359307972929,5.506872378409154,-3.3743600915822687,264.54261647332214,17.856261266133615,HIGH,MEDIUM,LOW,LOW,MEDIUM,HIGH,HIGH
71.94221067475137,-3.934122802085797,-5.25663020336835,431.63558598905763,7.274975979874108,HIGH,LOW,MEDIUM,LOW,LOW,HIGH,HIGH
75.34281288376962,16.600409196419783,-17.26364419482899,127.67077984749781,23.592001178615646,HIGH,CRITICAL,CRITICAL,LOW,MEDIUM,CRITICAL,CRITICAL
64.74374648160509,21.265903228480163,-7.169460849734724,30.70068286377639,35.11583946210616,MEDIUM,CRITICAL,MEDIUM,HIGH,HIGH,CRITICAL,CRITICAL
33.142071464190366,1.2923816852715724,-1.7621410499396484,225.84207953453512,20.35439750488753,LOW,LOW,LOW,LOW,MEDIUM,LOW,MEDIUM
84.85554409487808,-5.938981433497311,2.431743805179657,66.1080513796332,34.90088818127962,HIGH,MEDIUM,LOW,MEDIUM,HIGH,HIGH,CRITICAL
45.50105802312505,-3.9269681330672004,-0.5394808299617355,133.9551203893826,11.417949263790653,LOW,LOW,LOW,LOW,LOW,LOW,LOW
51.46593194094679,-3.1024732354557374,0.5327430899800285,281.88772496682355,23.879330450172674,MEDIUM,LOW,LOW,LOW,MEDIUM,MEDIUM,HIGH
59.254734867279666,0.7746822875236438,5.270549106512746,344.8158524540213,13.68962968700669,MEDIUM,LOW,MEDIUM,LOW,LOW,HIGH,HIGH
24.037659894588092,-7.994486101015755,6.673244478258059,436.1308053471547,11.147316758826847,LOW,MEDIUM,MEDIUM,LOW,LOW,HIGH,HIGH
67.34471763437372,1.5902452134871377,-0.929140687073826,565.7671562813806,4.604676236770648,MEDIUM,LOW,LOW,LOW,LOW,MEDIUM,MEDIUM
34.61039662348676,-4.80549497405916,-4.841394603988428,556.8952537289637,3.6933996906522775,LOW,LOW,LOW,LOW,LOW,LOW,LOW
36.71973773517283,-1.8763093411501737,5.736811695011979,428.00492436371,6.812895803925758,LOW,LOW,MEDIUM,LOW,LOW,MEDIUM,MEDIUM
41.9663213422437,1.721770815236276,-6.451350104030542,71.84536262574056,31.199553912443342,LOW,LOW,MEDIUM,MEDIUM,HIGH,HIGH,HIGH
63.4917640820502,-0.0690669851557338,5.8367053907043305,234.051610720238,13.048783081367661,MEDIUM,LOW,MEDIUM,LOW,LOW,HIGH,HIGH
52.888707019317025,-0.6706197404699993,3.1706602673603386,404.4180945376292,7.6031472655931935,MEDIUM,LOW,LOW,LOW,LOW,MEDIUM,MEDIUM
33.853737417205934,2.4106030369410156,-0.20660959403955861,331.69086406963237,0.8198403748770801,LOW,LOW,LOW,LOW,LOW,LOW,LOW
27.36179693093111,1.9945573020667782,2.5486389742039792,273.25883282024284,11.185507798459309,LOW,LOW,LOW,LOW,LOW,LOW,LOW
85.63920485403109,24.12849434955082,-3.6650502358025925,48.97245226495171,18.517996395992597,CRITICAL,CRITICAL,LOW,HIGH,MEDIUM,CRITICAL,CRITICAL
59.820125641932584,-21.714896560256935,-10.028653872353857,91.41945979684384,49.23303415487918,MEDIUM,CRITICAL,HIGH,MEDIUM,CRITICAL,CRITICAL,CRITICAL
30.961991973803098,4.442249101325069,4.836810192305528,324.85755009886225,10.718833506463119,LOW,LOW,LOW,LOW,LOW,LOW,LOW
36.8863183348529,-3.019986072505798,5.011243781534605,351.26255309254987,3.5565982828422413,LOW,LOW,MEDIUM,LOW,LOW,MEDIUM,MEDIUM
37.63845263995441,-1.5378070311848653,2.9921632210794935,414.97528776938503,6.051994361236761,LOW,LOW,LOW,LOW,LOW,LOW,LOW
56.49910366746316,0.7413724134676541,-0.6093501861608015,350.47210711671795,7.0608944278435795,MEDIUM,LOW,LOW,LOW,LOW,MEDIUM,MEDIUM
41.86303342902534,-0.32978682106818313,4.979350597252972,444.1173235738455,1.6963281893553601,LOW,LOW,LOW,LOW,LOW,LOW,LOW
56.51499835275425,-2.4431155905667836,-0.4670358213388634,0.0,14.941834157011261,MEDIUM,LOW,LOW,CRITICAL,LOW,CRITICAL,CRITICAL
55.64510610377103,5.947269851880832,4.539295623974996,215.54974863330156,1.5896343552916217,MEDIUM,MEDIUM,LOW,LOW,LOW,HIGH,HIGH
42.431831822314294,-1.4536079329176972,3.4218474567659922,0.0,24.741383329258852,LOW,LOW,LOW,CRITICAL,MEDIUM,CRITICAL,CRITICAL
72.97433284449731,-3.2862543241223596,9.511474719593457,74.52233206094398,16.480787223184354,HIGH,LOW,MEDIUM,MEDIUM,MEDIUM,HIGH,HIGH
57.71641817015518,-3.242398278080975,0.3350919957335816,8.718940020580458,9.341087204408549,MEDIUM,LOW,LOW,CRITICAL,LOW,CRITICAL,CRITICAL
54.28053932860695,4.45205777574254,8.48057253665138,84.6712894862729,13.030532827931218,MEDIUM,LOW,MEDIUM,MEDIUM,LOW,HIGH,HIGH
89.99708466757635,-14.119192518259458,-15.87545930736572,20.769141536978157,24.788120640953615,CRITICAL,HIGH,CRITICAL,HIGH,MEDIUM,CRITICAL,CRITICAL
65.40168015760219,5.840693879861943,2.6385183492550683,260.2150179565171,0.5086968156712336,MEDIUM,MEDIUM,LOW,LOW,LOW,HIGH,HIGH
19.42066598078872,4.612133662051792,-7.650992823405552,54.294095458408556,15.71413533637161,LOW,LOW,MEDIUM,MEDIUM,MEDIUM,HIGH,HIGH
73.80092519349836,0.12424936706438743,-0.4961701020295087,405.69163966688444,10.30057852469039,HIGH,LOW,LOW,LOW,LOW,HIGH,HIGH
39.401727309350036,-1.9418144855427715,-6.267191829939934,391.9295189816396,6.79071175807116,LOW,LOW,MEDIUM,LOW,LOW,MEDIUM,MEDIUM
38.43230731330979,-2.0404128793886716,-1.440120065147291,391.1414149005276,5.767389253443165,LOW,LOW,LOW,LOW,LOW,LOW,LOW
40.09325765564075,-1.729918292985516,-3.4145921864568134,518.6276078433664,7.522627822368553,LOW,LOW,LOW,LOW,LOW,LOW,LOW
50.518514689908976,-1.6826102688580844,3.3443379907552204,172.6615632687675,2.1870502204276314,MEDIUM,LOW,LOW,LOW,LOW,MEDIUM,MEDIUM
38.84456520377474,-4.53756214148484,-4.864266075705627,211.55030053482992,23.044334906847297,LOW,LOW,LOW,LOW,MEDIUM,LOW,MEDIUM
54.87056086788644,4.3391080879284,-2.1148760042574106,180.97894038693855,6.843996792369462,MEDIUM,LOW,LOW,LOW,LOW,MEDIUM,MEDIUM
78.1759552559432,4.112646957064765,0.3782038208903095,475.87577723294476,7.424973191006671,HIGH,LOW,LOW,LOW,LOW,HIGH,HIGH
17.460024540374363,4.1765600276381605,-4.54281031855163,700.0400819154502,2.5531004199528913,LOW,LOW,LOW,LOW,LOW,LOW,LOW
89.62217310812444,-26.489588802681983,8.738204557074354,77.61884908459578,38.64928030377116,CRITICAL,CRITICAL,MEDIUM,MEDIUM,HIGH,CRITICAL,CRITICAL
23.638895359993718,-7.88002142578413,5.305272867438314,168.7311714297784,3.79624461217466,LOW,MEDIUM,MEDIUM,LOW,LOW,HIGH,HIGH
59.84406814136018,4.0310057309873555,3.6344417555759367,508.28809532168236,2.9273462322049997,MEDIUM,LOW,LOW,LOW,LOW,MEDIUM,MEDIUM
37.446628118809414,1.4072783595174478,1.2553721276182694,691.6194507831528,5.258524293991301,LOW,LOW,LOW,LOW,LOW,LOW,LOW
42.2375172329253,3.5397539247750474,9.505023213039165,344.0896548830415,2.4758185954729193,LOW,LOW,MEDIUM,LOW,LOW,MEDIUM,MEDIUM
61.090905451490414,-2.904569745389273,0.7073504611412474,254.79699661095162,3.263290478516274,MEDIUM,LOW,LOW,LOW,LOW,MEDIUM,MEDIUM
59.57228997402152,3.9450325527695735,1.5575757070401444,90.66798710605491,9.557818590201467,MEDIUM,LOW,LOW,MEDIUM,LOW,HIGH,HIGH
68.88710094254687,-3.538803235210597,13.355464058528039,115.55699283191692,23.79410948184354,MEDIUM,LOW,HIGH,LOW,MEDIUM,HIGH,HIGH
84.86945401612365,-4.64706466322095,12.250870602298633,63.70988306717754,16.835469288333613,HIGH,LOW,HIGH,MEDIUM,MEDIUM,CRITICAL,CRITICAL
51.80214606966102,-6.426502874851253,-3.540409434881544,128.4940807680759,13.203137064218248,MEDIUM,MEDIUM,LOW,LOW,LOW,HIGH,HIGH
70.09293955518743,2.4943588167689428,-1.021204136104907,403.0708062506602,4.817278005979409,HIGH,LOW,LOW,LOW,LOW,HIGH,HIGH
35.2117064407109,-0.8795158590332972,-1.3630745976962333,363.5661032072473,35.35203805339157,LOW,LOW,LOW,LOW,HIGH,LOW,HIGH
45.4621667279597,-4.591353768669465,-5.133442090679105,395.0972143081151,8.177404945876965,LOW,LOW,MEDIUM,LOW,LOW,MEDIUM,MEDIUM
54.95380438798643,-2.7187653170345123,-5.066770946332687,458.9359280543278,4.138677764782205,MEDIUM,LOW,MEDIUM,LOW,LOW,HIGH,HIGH
51.3813845885834,-3.7800273166867866,-7.155531382163764,754.5937233529579,4.442921039993011,MEDIUM,LOW,MEDIUM,LOW,LOW,HIGH,HIGH
55.603382596801616,0.6623620193498791,-2.4403129760558837,85.19250284449188,7.651138340339225,MEDIUM,LOW,LOW,MEDIUM,LOW,HIGH,HIGH
69.73178948594929,-0.5542296657239193,-1.4453415467661817,345.6137883507483,12.893608347369831,MEDIUM,LOW,LOW,LOW,LOW,MEDIUM,MEDIUM
30.996371224494162,0.11241561560841272,1.3297476446197634,159.85900401580793,12.95751057800554,LOW,LOW,LOW,LOW,LOW,LOW,LOW
60.27944165140163,-0.4669431607354294,-18.16620027121749,0.08821158579394567,12.247849278918785,MEDIUM,LOW,CRITICAL,CRITICAL,LOW,CRITICAL,CRITICAL
35.62331073193438,-1.8713809337270868,4.377699462569267,173.64789304564695,6.338368071371513,LOW,LOW,LOW,LOW,LOW,LOW,LOW
31.283753968316848,0.6291962886407618,-2.527726873417767,222.26296306817227,4.313035451561966,LOW,LOW,LOW,LOW,LOW,LOW,LOW
43.90938655895568,4.263110784607446,1.6626937201157739,210.13343266324952,5.189828467201613,LOW,LOW,LOW,LOW,LOW,LOW,LOW
88.36323722119553,28.6339188473247,7.326771580671034,132.99380436710052,15.127108766358024,CRITICAL,CRITICAL,MEDIUM,LOW,MEDIUM,CRITICAL,CRITICAL
32.77519673534835,3.2389467460882844,-3.0396559755704557,412.84850908171046,2.6060167800820597,LOW,LOW,LOW,LOW,LOW,LOW,LOW
56.698280314981226,2.170918684894345,-3.146718221767648,436.9117816312523,9.829874239017297,MEDIUM,LOW,LOW,LOW,LOW,MEDIUM,MEDIUM
47.32171806014657,-4.008553512359407,-4.0320882466667065,285.4610900650859,5.1802344705537715,LOW,LOW,LOW,LOW,LOW,LOW,LOW
29.919053042934383,-0.18993265847381002,0.679036259148889,308.2851008292336,9.115533800212502,LOW,LOW,LOW,LOW,LOW,LOW,LOW
100.0,33.97894353776878,-9.364782940852177,143.49354950150843,45.18889970215529,CRITICAL,CRITICAL,MEDIUM,LOW,CRITICAL,CRITICAL,CRITICAL
50.0434962960058,0.3990486750695958,-9.997078158474327,191.85092478319703,7.458295309484404,MEDIUM,LOW,MEDIUM,LOW,LOW,HIGH,HIGH
47.979993790559675,-3.6403761563921493,3.096824359446304,485.41604635493513,8.562363690969944,LOW,LOW,LOW,LOW,LOW,LOW,LOW
77.40713502702371,17.331349440846775,4.625635549341848,58.451920476319394,26.98956993201729,HIGH,CRITICAL,LOW,MEDIUM,MEDIUM,CRITICAL,CRITICAL
75.8130275038656,-2.3966476701837287,5.057904838188271,240.0486399158691,5.776408099400855,HIGH,LOW,MEDIUM,LOW,LOW,HIGH,HIGH
52.73380268030278,3.6429694145908726,1.1822349020951803,300.466181841214,4.985100718111855,MEDIUM,LOW,LOW,LOW,LOW,MEDIUM,MEDIUM
31.711925784142483,-2.1292725658494667,-0.917125528229645,536.7095685151677,7.87502821344472,LOW,LOW,LOW,LOW,LOW,LOW,LOW
83.72274784515453,2.5984862800063793,0.20715909185595455,83.28040087881216,34.88779835789236,HIGH,LOW,LOW,MEDIUM,HIGH,HIGH,CRITICAL
28.971178955348023,-4.767391080875137,-3.8287804882227205,43.66135798707245,7.908218859311972,LOW,LOW,LOW,HIGH,LOW,HIGH,HIGH
46.185546669207476,-4.879258716677371,-0.6075889001910175,338.5262028798429,22.383470109058493,LOW,LOW,LOW,LOW,MEDIUM,LOW,MEDIUM
40.52826513557309,6.420388914883242,2.452199083862253,338.63574869169355,4.527912395974502,LOW,MEDIUM,LOW,LOW,LOW,MEDIUM,MEDIUM
69.40679136585582,0.8203350094703218,2.6341642648298267,566.2812716275997,11.615150802728225,MEDIUM,LOW,LOW,LOW,LOW,MEDIUM,MEDIUM
53.651887318889344,0.1149201195514052,-5.563482363617122,181.11328933431565,1.8002696661966333,MEDIUM,LOW,MEDIUM,LOW,LOW,HIGH,HIGH
52.39386454536006,1.0635156219524173,-4.589592463313388,90.25859099083681,24.666788960512633,MEDIUM,LOW,LOW,MEDIUM,MEDIUM,HIGH,HIGH
61.02270436476255,-16.366331649071146,-19.845772527860802,152.7095374653126,21.50749257574926,MEDIUM,CRITICAL,CRITICAL,LOW,MEDIUM,CRITICAL,CRITICAL
37.88285743884286,-1.0876148012623663,1.4227089804990216,330.4725988689531,13.418386301353252,LOW,LOW,LOW,LOW,LOW,LOW,LOW
51.4554729425177,-0.22556822626566053,0.5144361446475396,0.0,3.211209300769329,MEDIUM,LOW,LOW,CRITICAL,LOW,CRITICAL,CRITICAL
50.36337968595391,-7.66636667487639,-0.04526633354321946,368.0471529551958,8.270469643804873,MEDIUM,MEDIUM,LOW,LOW,LOW,HIGH,HIGH
90.20689924076994,-3.020683364625335,-2.1370898733764077,260.33104110035487,20.683299670095707,CRITICAL,LOW,LOW,LOW,MEDIUM,CRITICAL,CRITICAL
90.75437791638093,27.453476727904,1.809586687609198,115.84908539265149,17.786462961952125,CRITICAL,CRITICAL,LOW,LOW,MEDIUM,CRITICAL,CRITICAL
31.75113690911926,-1.8118283581523011,2.7016930873650478,326.2342381253505,2.9395777121426576,LOW,LOW,LOW,LOW,LOW,LOW,LOW
53.11042241843092,-1.9556976399184436,3.4376392674798733,479.8747576032163,7.832111053535198,MEDIUM,LOW,LOW,LOW,LOW,MEDIUM,MEDIUM
28.57143861132041,-1.988258426512746,0.2957294007036271,84.48394013552662,5.053795714111643,LOW,LOW,LOW,MEDIUM,LOW,MEDIUM,MEDIUM
46.317451958891084,-0.8410727347545126,4.991455991206292,499.1441907055931,4.063929779868866,LOW,LOW,LOW,LOW,LOW,LOW,LOW
39.93142010456656,-10.842266486317083,14.766498004791218,375.62539248636733,7.88678178672796,LOW,HIGH,HIGH,LOW,LOW,CRITICAL,CRITICAL
21.87885042004452,-3.546659246061963,1.9351706425280306,578.201107025256,9.082718482264324,LOW,LOW,LOW,LOW,LOW,LOW,LOW
29.91960103655912,-1.4031128912948725,-6.4076960473095355,410.4244053056484,7.889321522345293,LOW,LOW,MEDIUM,LOW,LOW,MEDIUM,MEDIUM
89.90504803390127,-22.058074488519836,7.403626073478992,226.4968449181335,6.832749248926823,CRITICAL,CRITICAL,MEDIUM,LOW,LOW,CRITICAL,CRITICAL
39.93100026596589,6.759679338027286,7.671545302374016,392.69150000353795,11.124345287473927,LOW,MEDIUM,MEDIUM,LOW,LOW,HIGH,HIGH
94.09275959369735,7.487971156959683,7.406203363242352,186.49857251621108,14.83185321516445,CRITICAL,MEDIUM,MEDIUM,LOW,LOW,CRITICAL,CRITICAL
19.689657372334317,4.7597717165891265,-0.5152640932023431,231.2774830014409,2.174189432321874,LOW,LOW,LOW,LOW,LOW,LOW,LOW
53.74662401119782,0.30876813424015226,1.8401100044144099,289.4462235271058,2.9055969615330923,MEDIUM,LOW,LOW,LOW,LOW,MEDIUM,MEDIUM
32.65693390290537,-0.7173564777334788,-2.6587542921623046,167.5742635938424,5.024003283141097,LOW,LOW,LOW,LOW,LOW,LOW,LOW
47.853473013850476,-0.18017413733243534,10.075800827552854,372.81291811835723,5.269064614935357,LOW,LOW,HIGH,LOW,LOW,HIGH,HIGH
46.516976780422645,1.3862922711692758,2.4917145054881225,418.65684433429226,13.422125101785966,LOW,LOW,LOW,LOW,LOW,LOW,LOW
68.98383171288114,0.9723131801518575,-3.944084096684282,292.4881231160824,0.5358664069875085,MEDIUM,LOW,LOW,LOW,LOW,MEDIUM,MEDIUM
47.0609806012932,3.2954148262441696,1.2390494096193736,682.051981827603,11.404541064545771,LOW,LOW,LOW,LOW,LOW,LOW,LOW
16.976192529817446,2.01972381844724,-6.022260740378421,170.30021541695518,13.513869029384175,LOW,LOW,MEDIUM,LOW,LOW,MEDIUM,MEDIUM
47.37070682777426,3.046234928470452,6.066087289471213,186.54562008452257,14.219823689674575,LOW,LOW,MEDIUM,LOW,LOW,MEDIUM,MEDIUM
62.57101860318927,-1.2646463065616118,-2.444905080581563,462.5834372082191,11.462082577080938,MEDIUM,LOW,LOW,LOW,LOW,MEDIUM,MEDIUM
32.29771728363993,6.32953611356631,1.4339204156446366,274.1656082506863,11.378265907201943,LOW,MEDIUM,LOW,LOW,LOW,MEDIUM,MEDIUM
46.692110818821945,0.3981663275829922,-2.3040467449535247,294.3171490397148,0.300010869924169,LOW,LOW,LOW,LOW,LOW,LOW,LOW
28.540906048125134,0.5738314443312017,-1.5272561334762205,628.9197914655169,25.110339876915404,LOW,LOW,LOW,LOW,MEDIUM,LOW,MEDIUM
61.475734940959754,-2.080860103579016,2.704992708938462,343.91785479557115,17.161278469008117,MEDIUM,LOW,LOW,LOW,MEDIUM,MEDIUM,HIGH
51.91588668596478,-6.27324794497628,-7.481159163545907,266.14448883235826,31.29604252848434,MEDIUM,MEDIUM,MEDIUM,LOW,HIGH,HIGH,HIGH
31.040256531633958,-1.0021610387774373,-3.7822237397030607,223.95556584417002,3.8814406489946007,LOW,LOW,LOW,LOW,LOW,LOW,LOW
64.03568567030815,3.081668987196837,2.132959476621716,389.959927033276,5.005874746229056,MEDIUM,LOW,LOW,LOW,LOW,MEDIUM,MEDIUM
59.62898717789799,-7.503419974901082,-4.8159265498080615,66.69015811634596,24.258945512845322,MEDIUM,MEDIUM,LOW,MEDIUM,MEDIUM,HIGH,HIGH
42.08342809146532,-3.522349936076669,-1.0027887518263368,347.6962394232049,9.865587225638212,LOW,LOW,LOW,LOW,LOW,LOW,LOW
9.713438315557832,0.9542506917177696,3.0487263327957046,106.80088324151572,2.140711120325593,LOW,LOW,LOW,LOW,LOW,LOW,LOW
19.525502524343167,-3.9156377866242207,0.9228440291065876,475.1122091683627,3.0668767937683237,LOW,LOW,LOW,LOW,LOW,LOW,LOW
79.90213224236929,-16.58528951488646,-8.406561789990018,97.11147518859815,11.1982996043951,HIGH,CRITICAL,MEDIUM,MEDIUM,LOW,CRITICAL,CRITICAL
43.10265814616171,6.828884739815436,5.808174380796736,308.4720390544814,5.117594176992566,LOW,MEDIUM,MEDIUM,LOW,LOW,HIGH,HIGH
39.56454066153977,6.4983399175234196,-2.800281006445005,199.65552880621448,2.31076425965465,LOW,MEDIUM,LOW,LOW,LOW,MEDIUM,MEDIUM
72.15067655496676,-6.236385284326114,-0.3187652039155614,261.9727703107092,14.82344973232231,HIGH,MEDIUM,LOW,LOW,LOW,HIGH,HIGH
50.30348796562752,-4.400250352964799,-1.7688571441006995,152.20883572209746,11.176476762596067,MEDIUM,LOW,LOW,LOW,LOW,MEDIUM,MEDIUM
42.437429615752805,0.6004718694392902,-1.3385886345357942,268.9163900228862,1.261183961409754,LOW,LOW,LOW,LOW,LOW,LOW,LOW
50.05862192254812,0.24252550328188696,-7.693478124475959,655.0061810799835,7.030916652007796,MEDIUM,LOW,MEDIUM,LOW,LOW,HIGH,HIGH
20.84936100936105,-0.23282421253232127,8.043763538240215,371.4381023295873,3.3633102817373377,LOW,LOW,MEDIUM,LOW,LOW,MEDIUM,MEDIUM
73.56537972409195,-12.533526032563708,-5.286591694707629,236.64864403805527,16.495711925526432,HIGH,HIGH,MEDIUM,LOW,MEDIUM,CRITICAL,CRITICAL
53.82375317162123,-1.3358723267726882,16.20544825954194,19.98360556145044,14.352415266640289,MEDIUM,LOW,CRITICAL,CRITICAL,LOW,CRITICAL,CRITICAL
20.976112282125495,-3.5336432328122416,-1.4525112309162846,414.31140441062394,7.066395993410516,LOW,LOW,LOW,LOW,LOW,LOW,LOW
57.73461668227356,-5.486362414693316,8.97041966214573,2.5482426544712076,27.35261726337406,MEDIUM,MEDIUM,MEDIUM,CRITICAL,MEDIUM,CRITICAL,CRITICAL
60.028032114328546,-0.9132514588769955,6.410228762726576,412.65437906572856,4.7533207982898045,MEDIUM,LOW,MEDIUM,LOW,LOW,HIGH,HIGH
46.39427714535554,-0.17346439819334505,-1.066276045485383,404.8486553150506,5.7894886402508146,LOW,LOW,LOW,LOW,LOW,LOW,LOW
38.84756665753205,10.93556171009054,-0.6888309726211547,47.889072414232395,17.406485726590407,LOW,HIGH,LOW,HIGH,MEDIUM,CRITICAL,CRITICAL
85.92829146929418,14.19219058992642,10.447488730232175,81.8647369070432,24.772205259277452,CRITICAL,HIGH,HIGH,MEDIUM,MEDIUM,CRITICAL,CRITICAL
48.53939543740333,-36.763923102975184,-19.446651366599973,11.746184932019718,11.806125160336942,LOW,CRITICAL,CRITICAL,CRITICAL,LOW,CRITICAL,CRITICAL
31.78636523705103,2.737095897806025,-3.360835897992705,252.60320885753185,15.178773957084372,LOW,LOW,LOW,LOW,MEDIUM,LOW,MEDIUM
81.82419428044871,14.735033116097304,12.445696318969507,42.249857273360085,10.0031828011909,HIGH,HIGH,HIGH,HIGH,LOW,CRITICAL,CRITICAL
41.95673374484941,1.948105770434612,-8.315220052166605,726.7142463353832,18.65747564048989,LOW,LOW,MEDIUM,LOW,MEDIUM,MEDIUM,HIGH
86.6460715024906,-3.7803061841639085,-5.011679738302676,113.8410963523778,19.11724867910802,CRITICAL,LOW,MEDIUM,LOW,MEDIUM,CRITICAL,CRITICAL
91.38690929659768,-6.447079052892826,-17.097839781822245,41.06633070199317,15.05565013672338,CRITICAL,MEDIUM,CRITICAL,HIGH,MEDIUM,CRITICAL,CRITICAL
52.70333419078168,-1.997450566975916,-3.981217532197333,348.76145684145655,4.371132094338851,MEDIUM,LOW,LOW,LOW,LOW,MEDIUM,MEDIUM
26.737157513848228,2.387923722506826,-0.6113309994812781,120.92829542309005,4.834844560000021,LOW,LOW,LOW,LOW,LOW,LOW,LOW
43.74014665016543,1.907110765754915,2.579211276786041,100.34621439706737,5.754464493126454,LOW,LOW,LOW,LOW,LOW,LOW,LOW
63.411060260218825,0.42824235821774775,-9.212745794376328,351.1354039130654,21.808489967189328,MEDIUM,LOW,MEDIUM,LOW,MEDIUM,HIGH,HIGH
51.903838339765976,-2.3088860357079226,-2.2643747011910147,423.68255544479484,10.240008530923877,MEDIUM,LOW,LOW,LOW,LOW,MEDIUM,MEDIUM
53.96980599887782,5.959705414401115,1.9397765538993252,384.2266385825384,1.1483823406404678,MEDIUM,MEDIUM,LOW,LOW,LOW,HIGH,HIGH
72.98615821675473,11.894146144613034,4.999454232849063,29.531261799471924,13.289052029674542,HIGH,HIGH,LOW,HIGH,LOW,CRITICAL,CRITICAL
53.70094571055942,-9.208854718220977,0.6295177774282458,191.0537742990739,8.550658013383766,MEDIUM,MEDIUM,LOW,LOW,LOW,HIGH,HIGH
50.16746679755053,3.4264033861146017,-3.4403222144538375,0.0,5.362433735389019,MEDIUM,LOW,LOW,CRITICAL,LOW,CRITICAL,CRITICAL
84.97282027511557,-1.6179917852924195,-0.6210388715125568,302.5933198144853,5.009958133238967,HIGH,LOW,LOW,LOW,LOW,HIGH,HIGH
41.846887657662975,-7.495687622429589,-18.844189578537666,336.15175170401,16.050392712898322,LOW,MEDIUM,CRITICAL,LOW,MEDIUM,CRITICAL,CRITICAL
31.485121536436154,1.5236353345664118,0.676958253705567,582.4707930141279,7.010725534776842,LOW,LOW,LOW,LOW,LOW,LOW,LOW
81.09278043787693,17.734843248364058,-9.87784907387894,107.61852287859067,33.8018840686112,HIGH,CRITICAL,MEDIUM,LOW,HIGH,CRITICAL,CRITICAL
46.96842184694299,1.0898971843859289,-2.0412001396932116,548.8309817792388,1.9738350180567854,LOW,LOW,LOW,LOW,LOW,LOW,LOW
54.22036889568169,12.075931017463322,6.589278058497577,88.02989406874872,17.012037103890624,MEDIUM,HIGH,MEDIUM,MEDIUM,MEDIUM,HIGH,HIGH
30.94660457307519,-0.47335606509763833,-3.7954352284124506,265.66717123060755,12.474144539817472,LOW,LOW,LOW,LOW,LOW,LOW,LOW
59.839110678513244,3.7274874871115715,1.2093547566156002,369.49411448649516,26.236510864653543,MEDIUM,LOW,LOW,LOW,MEDIUM,MEDIUM,HIGH
42.14715302401003,3.8148450216382903,1.5427566594459958,437.1833062651014,4.7851675663972655,LOW,LOW,LOW,LOW,LOW,LOW,LOW
45.02477575698654,1.0532479927508376,1.6899393489331656,0.0,9.57385027709168,LOW,LOW,LOW,CRITICAL,LOW,CRITICAL,CRITICAL
37.25782695962615,0.25406223090759694,3.0681231779382823,170.15121017864436,9.836815368653234,LOW,LOW,LOW,LOW,LOW,LOW,LOW
67.02740106543192,-3.3625022601339922,-0.7900592960680557,87.3270407356156,10.35071516702659,MEDIUM,LOW,LOW,MEDIUM,LOW,HIGH,HIGH
32.7150213978972,3.6933477668099437,7.507597101506724,169.87577905853266,3.7130306292069566,LOW,LOW,MEDIUM,LOW,LOW,MEDIUM,MEDIUM
67.08235867664125,-21.638341055350878,-3.4789723556895,14.806854638392613,55.22512288223315,MEDIUM,CRITICAL,LOW,CRITICAL,CRITICAL,CRITICAL,CRITICAL
53.650144673089514,-3.125940844741532,2.3196375783918732,569.3942898822281,3.4618184954939117,MEDIUM,LOW,LOW,LOW,LOW,MEDIUM,MEDIUM
36.0033844622773,-1.4569652916171054,-1.281960260154632,71.49968120992837,3.963083290363561,LOW,LOW,LOW,MEDIUM,LOW,MEDIUM,MEDIUM
56.59899322145401,-0.30540663276307817,-3.525119525340025,258.74648833477056,4.412833869086562,MEDIUM,LOW,LOW,LOW,LOW,MEDIUM,MEDIUM
56.85579144232668,3.386509444804075,-3.8781548489439004,311.0869764451291,7.604983173149019,MEDIUM,LOW,LOW,LOW,LOW,MEDIUM,MEDIUM
42.33428783169871,1.2284548490995428,3.5866053249559036,43.18396134272531,9.46602481957376,LOW,LOW,LOW,HIGH,LOW,HIGH,HIGH
97.64729594853053,-11.415180057080997,-10.759566729268794,7.82054512577433,60.0,CRITICAL,HIGH,HIGH,CRITICAL,CRITICAL,CRITICAL,CRITICAL
26.187200485219773,-0.05848137095581936,-3.512719938334115,602.2445574829546,7.945193022016152,LOW,LOW,LOW,LOW,LOW,LOW,LOW
41.99604211197205,-1.852203826926998,3.8300459532926614,302.01768146533027,3.150071249007544,LOW,LOW,LOW,LOW,LOW,LOW,LOW
88.07178278571565,4.478095119132568,11.976738185716375,451.1927442953284,16.7841268887624,CRITICAL,LOW,HIGH,LOW,MEDIUM,CRITICAL,CRITICAL
31.276400925891558,-1.3743895397134938,2.1350320449900497,180.62498194645923,5.23520783834913,LOW,LOW,LOW,LOW,LOW,LOW,LOW
38.771844348196716,-16.84576305501665,-2.803163227907791,226.87366054310937,18.779868449198364,LOW,CRITICAL,LOW,LOW,MEDIUM,CRITICAL,CRITICAL
41.34686624444024,-1.531024446270245,-5.903414890945645,192.5812656531708,17.090664507423764,LOW,LOW,MEDIUM,LOW,MEDIUM,MEDIUM,HIGH
93.65210628335518,-7.434453034553801,9.09524424049959,116.14294182878373,22.15498234292502,CRITICAL,MEDIUM,MEDIUM,LOW,MEDIUM,CRITICAL,CRITICAL
28.195992740295594,-1.3671325530741802,-5.255203484296688,364.78067674410744,15.187575391460822,LOW,LOW,MEDIUM,LOW,MEDIUM,MEDIUM,HIGH
33.348217013752325,-4.346914207494688,4.072525936738865,373.1226408331667,12.235983679064883,LOW,LOW,LOW,LOW,LOW,LOW,LOW
27.15666131184165,-1.858090505886618,22.951422701738338,21.43835307427178,42.038729994701605,LOW,LOW,CRITICAL,HIGH,HIGH,CRITICAL,CRITICAL
78.99342429629577,5.031438552570175,2.644452002563402,528.6273454387614,2.3990571806164316,HIGH,MEDIUM,LOW,LOW,LOW,HIGH,HIGH
49.40521784939426,0.7324055675315173,-6.272474359523169,285.7475235992615,1.573373645063977,LOW,LOW,MEDIUM,LOW,LOW,MEDIUM,MEDIUM
36.176288980248515,-1.472356246988302,0.4842374498946516,472.9245460233064,3.159617699001239,LOW,LOW,LOW,LOW,LOW,LOW,LOW
48.20922974236328,-2.2813620497359413,6.352397329441673,244.9536859238876,2.382066354924974,LOW,LOW,MEDIUM,LOW,LOW,MEDIUM,MEDIUM
55.44724451875175,2.734671444914233,0.669141809817996,454.74189923299303,9.099878654590762,MEDIUM,LOW,LOW,LOW,LOW,MEDIUM,MEDIUM
37.414277076600385,2.104980176958396,0.07023135033312768,265.07410612345643,5.942919497496712,LOW,LOW,LOW,LOW,LOW,LOW,LOW
43.53147246113373,2.7596980238512514,1.1433106943613442,215.71870963473665,4.357221259022745,LOW,LOW,LOW,LOW,LOW,LOW,LOW
35.701145072781294,9.538579913487489,-4.517033459284777,280.91349572292273,3.3547857765811524,LOW,MEDIUM,LOW,LOW,LOW,MEDIUM,MEDIUM
72.89633992883994,-1.8178149680531663,-5.915039536673905,10.55137152178002,12.717625330258596,HIGH,LOW,MEDIUM,CRITICAL,LOW,CRITICAL,CRITICAL
60.82691724554737,3.388236818454065,0.2563196535494714,311.2669814285278,9.67246930076432,MEDIUM,LOW,LOW,LOW,LOW,MEDIUM,MEDIUM
21.53879716632523,-0.012169949731229701,7.629057697359916,21.020456795140255,1.8658014895430828,LOW,LOW,MEDIUM,HIGH,LOW,HIGH,HIGH
56.287884947412664,0.04848489236846648,-0.3434015401416076,317.49104290537866,3.46086666445258,MEDIUM,LOW,LOW,LOW,LOW,MEDIUM,MEDIUM
60.35641215205956,2.7188271865283475,-5.956977004395635,450.6020942735192,7.783089903541582,MEDIUM,LOW,MEDIUM,LOW,LOW,HIGH,HIGH
46.36641014870594,-5.512519719821485,3.466733246941897,56.87470564505836,16.238767519954585,LOW,MEDIUM,LOW,MEDIUM,MEDIUM,HIGH,HIGH
56.42442696219581,0.3177803970911198,-5.1246253711947904,445.06618454672076,2.969057927494845,MEDIUM,LOW,MEDIUM,LOW,LOW,HIGH,HIGH
61.0319333273646,-0.13092335138158256,-0.02903457060578,356.1298568885721,10.750997841800649,MEDIUM,LOW,LOW,LOW,LOW,MEDIUM,MEDIUM
58.007866886419734,-3.405887515013469,-7.567242146832803,651.5364363357999,7.294485852261907,MEDIUM,LOW,MEDIUM,LOW,LOW,HIGH,HIGH
52.370278412453196,1.1580216392810028,1.7381637185412897,517.5898590113644,7.86344178429089,MEDIUM,LOW,LOW,LOW,LOW,MEDIUM,MEDIUM
15.131295299540676,4.495042521276858,-6.088017192023894,531.6935883260301,9.962158768878657,LOW,LOW,MEDIUM,LOW,LOW,MEDIUM,MEDIUM
43.56118985889183,-3.7008892263793136,-6.544073309439944,369.4738181386204,3.146524403744513,LOW,LOW,MEDIUM,LOW,LOW,MEDIUM,MEDIUM
31.93495232216349,1.0707496093091526,0.38391665294572597,324.3871802582591,2.7829623927389164,LOW,LOW,LOW,LOW,LOW,LOW,LOW
51.688469772099786,1.6591211553527938,6.275779820733026,104.8544410818825,10.025905450647555,MEDIUM,LOW,MEDIUM,LOW,LOW,HIGH,HIGH
51.02112938976843,1.1279120062578607,2.052621104873987,636.2835690121525,6.318535690933427,MEDIUM,LOW,LOW,LOW,LOW,MEDIUM,MEDIUM
100.0,1.2258536265703555,12.310378886822189,90.21864444869686,15.638781588974922,CRITICAL,LOW,HIGH,MEDIUM,MEDIUM,CRITICAL,CRITICAL
46.26324883419664,-0.5908526974001116,1.2205194151909387,461.7203147704388,39.51683583350004,LOW,LOW,LOW,LOW,HIGH,LOW,HIGH
47.10041733338831,2.1084783662314175,-2.304758828424787,108.7002269826803,2.9035389791973243,LOW,LOW,LOW,LOW,LOW,LOW,LOW
60.83450635259737,-2.0656339505121863,-2.9325276988993023,333.6747704678941,6.5841241349103345,MEDIUM,LOW,LOW,LOW,LOW,MEDIUM,MEDIUM
66.009848618523,2.7204027333717193,4.991283092600948,610.8811561629508,9.615851394408551,MEDIUM,LOW,LOW,LOW,LOW,MEDIUM,MEDIUM
33.87793195136158,-4.216599025454839,-5.7361834426124085,295.5185160238156,14.385928683907402,LOW,LOW,MEDIUM,LOW,LOW,MEDIUM,MEDIUM
48.84250825291968,5.597909332609234,-1.0056496784509785,221.06963356022843,18.767339954771426,LOW,MEDIUM,LOW,LOW,MEDIUM,MEDIUM,HIGH
58.59418550541811,11.522158996939815,-9.728859936257722,439.6553910972288,17.865452377572133,MEDIUM,HIGH,MEDIUM,LOW,MEDIUM,HIGH,HIGH
43.8338902075305,-5.10962155451967,-1.4432687285345596,514.6105791233298,12.696586107547096,LOW,MEDIUM,LOW,LOW,LOW,MEDIUM,MEDIUM
95.03426391541443,-3.388418128233562,3.703212666106416,38.4529397812244,13.01870304279088,CRITICAL,LOW,LOW,HIGH,LOW,CRITICAL,CRITICAL
40.109560251637966,0.9628334348344271,0.6553832318992566,467.44903092116664,11.031189213107295,LOW,LOW,LOW,LOW,LOW,LOW,LOW
44.871406614193496,4.033477735338446,2.066341431916669,553.3340365943154,22.099116021384052,LOW,LOW,LOW,LOW,MEDIUM,LOW,MEDIUM
53.649743699686056,-0.8693985461315981,0.9718804016753368,278.9012683550961,4.20046094024099,MEDIUM,LOW,LOW,LOW,LOW,MEDIUM,MEDIUM
69.22158953343339,-0.6068930116160789,11.448311572491257,225.2392231706689,8.955021302028936,MEDIUM,LOW,HIGH,LOW,LOW,HIGH,HIGH
39.722260946273714,-4.331986031221289,-4.863091523027906,461.49645744834174,4.467424776223032,LOW,LOW,LOW,LOW,LOW,LOW,LOW
24.121718681587186,2.326707540861496,0.5155996536653558,184.80979558492461,3.518570235247992,LOW,LOW,LOW,LOW,LOW,LOW,LOW
14.49822858077399,4.975841472078513,5.341807527182097,491.1170792179976,4.243880345205345,LOW,LOW,MEDIUM,LOW,LOW,MEDIUM,MEDIUM
64.667597808906,12.807347508895797,-5.952882829908988,194.52929068994194,16.746255889977814,MEDIUM,HIGH,MEDIUM,LOW,MEDIUM,HIGH,HIGH
69.80974918036203,-9.202974783258382,16.791256502799648,213.06403885478687,37.766324795133514,MEDIUM,MEDIUM,CRITICAL,LOW,HIGH,CRITICAL,CRITICAL
20.593924271318112,-4.913835114204129,1.8982190494318503,482.39658004541997,9.158679794645233,LOW,LOW,LOW,LOW,LOW,LOW,LOW
16.75957987382522,0.42305769448184144,4.379785395949613,639.3845648099044,28.395613504181135,LOW,LOW,LOW,LOW,MEDIUM,LOW,MEDIUM
49.98736471184066,-4.133941869024305,3.807288212206468,336.8272935426195,12.378665058896123,LOW,LOW,LOW,LOW,LOW,LOW,LOW
45.460295293214024,-7.223387553774558,4.160681665706122,584.4741839982369,4.298530893266805,LOW,MEDIUM,LOW,LOW,LOW,MEDIUM,MEDIUM
70.39116925201623,-4.897640870840287,-1.611495341609494,83.74125419991633,4.478977326038661,HIGH,LOW,LOW,MEDIUM,LOW,HIGH,HIGH
61.84272142574042,0.6298090854995785,-0.021099985529265754,409.0304703333982,6.702345895548727,MEDIUM,LOW,LOW,LOW,LOW,MEDIUM,MEDIUM
53.17628634616815,-3.1802083592378847,6.37191345952743,351.3112950034652,5.159494096231115,MEDIUM,LOW,MEDIUM,LOW,LOW,HIGH,HIGH
53.802738521934174,4.070425938487508,1.211453467140013,238.928637527204,6.76584213002222,MEDIUM,LOW,LOW,LOW,LOW,MEDIUM,MEDIUM
61.01739247792378,-15.357768210862059,-8.900327986669366,27.323212850227836,42.588215181676475,MEDIUM,CRITICAL,MEDIUM,HIGH,HIGH,CRITICAL,CRITICAL
18.804136196775968,-4.449172623185643,-3.1069448329885945,295.4121720961385,16.974763910565926,LOW,LOW,LOW,LOW,MEDIUM,LOW,MEDIUM
65.141096539806,-16.375400652324277,3.5952131225606694,7.226037912536907,16.929421564912204,MEDIUM,CRITICAL,LOW,CRITICAL,MEDIUM,CRITICAL,CRITICAL
56.783230037046025,1.4851675252728267,2.699745329094919,492.02561713943953,16.327292374480805,MEDIUM,LOW,LOW,LOW,MEDIUM,MEDIUM,HIGH
55.554199261152675,-2.4421390702912995,6.777301801076653,199.63484960882428,8.24092114575162,MEDIUM,LOW,MEDIUM,LOW,LOW,HIGH,HIGH
26.25334025370738,-6.425743425874532,0.9063784981772386,705.3410270887885,4.44401542148057,LOW,MEDIUM,LOW,LOW,LOW,MEDIUM,MEDIUM
61.31115830455049,-1.3912206585593438,4.535389467523993,357.07033617107044,8.04016273844644,MEDIUM,LOW,LOW,LOW,LOW,MEDIUM,MEDIUM
76.71079988027908,-4.431314971749629,-1.5797608057961128,427.7732228847403,6.028829877531596,HIGH,LOW,LOW,LOW,LOW,HIGH,HIGH
25.264636643047904,-4.132340201821961,4.522699191418044,662.1919148306522,7.9010817794593935,LOW,LOW,LOW,LOW,LOW,LOW,LOW
47.15822643931685,0.6195815457300775,2.8567896215055306,388.52683004983265,8.74456735563128,LOW,LOW,LOW,LOW,LOW,LOW,LOW
47.033119704786635,-2.796851389976472,-3.7810683178931295,0.0,17.63210372135756,LOW,LOW,LOW,CRITICAL,MEDIUM,CRITICAL,CRITICAL
42.80089417166512,-5.643892541140674,-0.7023609467782492,491.63984247997826,2.154557115341083,LOW,MEDIUM,LOW,LOW,LOW,MEDIUM,MEDIUM
46.833728297940056,-5.44518373447882,-5.191364399629331,116.05786058053413,24.66747167549228,LOW,MEDIUM,MEDIUM,LOW,MEDIUM,HIGH,HIGH
67.39083943037444,-0.5598562817320701,1.7542563023830526,689.980361077695,3.9164969816226907,MEDIUM,LOW,LOW,LOW,LOW,MEDIUM,MEDIUM
49.753754804825974,2.9654955699093324,1.8068158135837675,149.0408843299544,9.261828252873917,LOW,LOW,LOW,LOW,LOW,LOW,LOW
57.80735363003481,1.2017931357039895,-2.8880447503185285,719.7752808805457,4.186216092063045,MEDIUM,LOW,LOW,LOW,LOW,MEDIUM,MEDIUM
19.93780857862096,7.172210740866431,-4.566196269697638,384.1408779180805,1.2306240093924257,LOW,MEDIUM,LOW,LOW,LOW,MEDIUM,MEDIUM
50.700339893609204,7.40317709825074,3.2035229014716062,99.98234182117714,40.97314092803877,MEDIUM,MEDIUM,LOW,MEDIUM,HIGH,HIGH,HIGH
34.73734704301029,2.4539797428612853,-3.040123633926246,313.79617157964736,6.02881725862048,LOW,LOW,LOW,LOW,LOW,LOW,LOW
55.561628144496645,2.6165535038052323,2.8932703155560784,276.5973721380932,13.14233700958159,MEDIUM,LOW,LOW,LOW,LOW,MEDIUM,MEDIUM
52.8000342101279,-3.7312472256412126,0.7603432935727552,531.3353620300591,16.376458296281335,MEDIUM,LOW,LOW,LOW,MEDIUM,MEDIUM,HIGH
50.35961514053172,6.680087953280898,-8.11820876480188,513.9200758015595,5.8629997557731395,MEDIUM,MEDIUM,MEDIUM,LOW,LOW,HIGH,HIGH
39.69718507678244,2.3268904961900705,0.8468984228970429,581.9644644482627,10.255304136277871,LOW,LOW,LOW,LOW,LOW,LOW,LOW
47.6701578888886,4.431361200107757,-1.1601541755567293,0.0,8.523065453424332,LOW,LOW,LOW,CRITICAL,LOW,CRITICAL,CRITICAL
47.7093865410762,-2.3412792913272,9.878001578711446,209.1675033627487,14.509666759726006,LOW,LOW,MEDIUM,LOW,LOW,MEDIUM,MEDIUM
73.69861800786794,9.825508423929456,3.611359258309911,226.19848099736984,13.04046295071904,HIGH,MEDIUM,LOW,LOW,LOW,HIGH,HIGH
55.24693867590034,-2.2110800529065178,-2.4699855026559114,41.03285109218048,5.028334387123098,MEDIUM,LOW,LOW,HIGH,LOW,HIGH,HIGH
18.96316604342225,-2.0307696982093084,-7.296656659565532,604.6434832441646,19.05807854815508,LOW,LOW,MEDIUM,LOW,MEDIUM,MEDIUM,HIGH
48.243021127919825,-0.40005702554762584,-5.28946102422033,259.1719781032204,21.964657815749668,LOW,LOW,MEDIUM,LOW,MEDIUM,MEDIUM,HIGH
81.32254733320084,11.228419093793406,-6.623668653221731,70.72888916267887,33.61679434350056,HIGH,HIGH,MEDIUM,MEDIUM,HIGH,CRITICAL,CRITICAL
42.78190278330356,-6.252757383152641,4.579092248577144,297.6172003087057,7.82170252331626,LOW,MEDIUM,LOW,LOW,LOW,MEDIUM,MEDIUM
31.48606172300693,-1.537966197966618,-9.285613052200889,213.63403867489174,2.4871546089626753,LOW,LOW,MEDIUM,LOW,LOW,MEDIUM,MEDIUM
40.80125936098854,0.22391313815908084,5.829942108941033,205.8115251064992,10.787299408862786,LOW,LOW,MEDIUM,LOW,LOW,MEDIUM,MEDIUM
65.77084998477763,0.008231822166293817,9.982156242995275,25.71500563522666,33.30386294379432,MEDIUM,LOW,MEDIUM,HIGH,HIGH,HIGH,CRITICAL
51.16101373906216,0.1510433782049627,-10.558330841008019,83.12277307302807,3.980344120575971,MEDIUM,LOW,HIGH,MEDIUM,LOW,HIGH,HIGH
12.707236472366855,-4.4104567031515565,0.31633299864089365,280.5906609102625,5.530715293356465,LOW,LOW,LOW,LOW,LOW,LOW,LOW
29.205216832283885,14.52170144985961,-7.358185540821954,83.95766265273099,41.091184596477916,LOW,HIGH,MEDIUM,MEDIUM,HIGH,HIGH,CRITICAL
90.3869750547965,14.984913315006208,2.795864009777091,141.89343666537823,24.47734309749149,CRITICAL,HIGH,LOW,LOW,MEDIUM,CRITICAL,CRITICAL
25.632291987430303,-5.088329417215368,-8.436236412083518,487.9714401511364,5.188597722969943,LOW,MEDIUM,MEDIUM,LOW,LOW,HIGH,HIGH
57.30295868064453,-1.6165120032655105,0.4930090422158599,565.535661101885,4.837188993795076,MEDIUM,LOW,LOW,LOW,LOW,MEDIUM,MEDIUM
82.6611520582151,4.464814566974192,-0.10782546942961523,576.7113967921024,23.364023737997268,HIGH,LOW,LOW,LOW,MEDIUM,HIGH,HIGH
49.93732591841465,11.068800633834917,14.152051900523134,136.93263171218334,18.484483141298096,LOW,HIGH,HIGH,LOW,MEDIUM,CRITICAL,CRITICAL
75.4930596627415,0.5902167730865067,0.21618697715866858,246.12788876390383,8.255509166253972,HIGH,LOW,LOW,LOW,LOW,HIGH,HIGH
60.20715974470012,-19.63942801200222,18.216240408560942,69.90228372141361,18.541632024167185,MEDIUM,CRITICAL,CRITICAL,MEDIUM,MEDIUM,CRITICAL,CRITICAL
50.63740656760954,-7.466270731321582,-3.329584833333049,192.26797377903276,3.694413271564667,MEDIUM,MEDIUM,LOW,LOW,LOW,HIGH,HIGH
63.19163792555355,4.957634289141019,-5.592686005007511,268.3023709795402,21.548889536353197,MEDIUM,LOW,MEDIUM,LOW,MEDIUM,HIGH,HIGH
49.82943130700919,-3.7355605360481325,8.118219153684526,370.3181774574651,3.6519881503732377,LOW,LOW,MEDIUM,LOW,LOW,MEDIUM,MEDIUM
28.155845349959254,-2.0537619717322624,1.859371871022211,251.04655319146704,8.167976131360758,LOW,LOW,LOW,LOW,LOW,LOW,LOW
69.32290055744903,-11.1479312053964,12.307515333699246,25.577967731567846,15.213115355031476,MEDIUM,HIGH,HIGH,HIGH,MEDIUM,CRITICAL,CRITICAL
100.0,12.464320223479591,9.488169099335511,149.6361794763564,5.751412494644703,CRITICAL,HIGH,MEDIUM,LOW,LOW,CRITICAL,CRITICAL
53.9232453224103,1.1761896737042141,-12.783138051129464,362.10388847340676,10.34105710309689,MEDIUM,LOW,HIGH,LOW,LOW,HIGH,HIGH
70.21178479296306,2.877082566305554,3.9325609111783493,491.0734664294802,6.521822604456765,HIGH,LOW,LOW,LOW,LOW,HIGH,HIGH
34.62604938144154,-0.5793579581204868,-2.846579425942944,141.22249376336782,10.175227021688746,LOW,LOW,LOW,LOW,LOW,LOW,LOW
60.8493479628072,7.415153037356387,1.2351454393055834,420.38285027184514,7.900324621472203,MEDIUM,MEDIUM,LOW,LOW,LOW,HIGH,HIGH
51.562184839216876,0.5195752338055735,0.5509243707110317,350.38344905569784,24.777091024186927,MEDIUM,LOW,LOW,LOW,MEDIUM,MEDIUM,HIGH
49.57813563126776,1.664592722077165,-0.6835450471358151,378.93526996348737,3.780807250324267,LOW,LOW,LOW,LOW,LOW,LOW,LOW
18.37732896453405,-1.2741939562001081,2.3272750716528745,256.80025238669754,8.806772987450659,LOW,LOW,LOW,LOW,LOW,LOW,LOW
68.80513919814119,-0.3185788580348603,-1.2418258515282643,484.61585637067685,29.675530641779773,MEDIUM,LOW,LOW,LOW,MEDIUM,MEDIUM,HIGH
82.30241148704559,1.0346261463865984,-22.72203441320683,26.245706599483725,60.0,HIGH,LOW,CRITICAL,HIGH,CRITICAL,CRITICAL,CRITICAL
47.36621095028658,1.0200924997780882,4.027417857650538,433.74897725788725,11.019869078544106,LOW,LOW,LOW,LOW,LOW,LOW,LOW
56.62909517490455,-1.3272802099630994,-9.963006953203283,433.8111509501757,29.31795666494166,MEDIUM,LOW,MEDIUM,LOW,MEDIUM,HIGH,HIGH
39.35607887915804,1.757313768621093,-6.542745674079479,471.21184226077816,22.607008769091532,LOW,LOW,MEDIUM,LOW,MEDIUM,MEDIUM,HIGH
55.60276478516539,-2.0720027309684497,1.1416275630128678,344.69522779080023,6.954125192569189,MEDIUM,LOW,LOW,LOW,LOW,MEDIUM,MEDIUM
41.192023080733996,-6.271687420458544,1.3581483248490767,449.55840511505795,9.619574954469257,LOW,MEDIUM,LOW,LOW,LOW,MEDIUM,MEDIUM
58.309078468880784,-27.530482872273538,-4.596560132370087,26.30545976940475,6.690806134451808,MEDIUM,CRITICAL,LOW,HIGH,LOW,CRITICAL,CRITICAL
100.0,-0.08110044929315247,0.7100903351307514,30.046114202571555,7.618393394437267,CRITICAL,LOW,LOW,HIGH,LOW,CRITICAL,CRITICAL
76.57083009834255,-29.121448292624336,3.972572248643595,331.79631487668775,29.3972515137252,HIGH,CRITICAL,LOW,LOW,MEDIUM,CRITICAL,CRITICAL
65.48385730850416,7.164824976685686,14.225956931431776,119.44220160639402,44.88425368631776,MEDIUM,MEDIUM,HIGH,LOW,HIGH,HIGH,CRITICAL
64.2407093725533,8.122957879480424,2.778617857365785,686.399358121111,25.154744539064033,MEDIUM,MEDIUM,LOW,LOW,MEDIUM,HIGH,HIGH
46.85986176098712,0.9035920829948175,6.586205682492171,38.60039756295228,2.8893423700361938,LOW,LOW,MEDIUM,HIGH,LOW,HIGH,HIGH
55.10519394668913,1.5886054816039625,4.068222682338531,468.54554203819447,4.209048471680212,MEDIUM,LOW,LOW,LOW,LOW,MEDIUM,MEDIUM
45.313307444986165,-1.7903087155582127,2.7614424983116455,467.18609449075996,8.712198178864075,LOW,LOW,LOW,LOW,LOW,LOW,LOW
70.75678730991837,-0.20907800011999134,7.654850368026603,549.4387953119424,9.347306797407729,HIGH,LOW,MEDIUM,LOW,LOW,HIGH,HIGH
41.21048553008578,0.04771086259129043,-3.9436798630012193,459.1987023883629,1.545652842284928,LOW,LOW,LOW,LOW,LOW,LOW,LOW
43.553426682609455,-10.678721466656484,-2.383818708089918,101.33817171946284,5.386415685637016,LOW,HIGH,LOW,LOW,LOW,HIGH,HIGH
33.807413899923,2.1562013150482566,1.1556994457677756,347.0416354103945,3.1752018187898416,LOW,LOW,LOW,LOW,LOW,LOW,LOW
50.11698331891661,5.613459533220441,-0.5905136721934526,144.94746238596318,15.338284040258362,MEDIUM,MEDIUM,LOW,LOW,MEDIUM,HIGH,HIGH
47.369756666592515,-3.8466105710347405,4.014393567644298,333.0883400088221,13.894489266325225,LOW,LOW,LOW,LOW,LOW,LOW,LOW
57.81610170218647,-4.310475858096641,-1.6608505725281781,334.872185853056,17.952456063201097,MEDIUM,LOW,LOW,LOW,MEDIUM,MEDIUM,HIGH
12.042195884879416,-0.5945236799348264,-5.348210298827151,217.45911735065476,0.7237470092289866,LOW,LOW,MEDIUM,LOW,LOW,MEDIUM,MEDIUM
41.06530757257015,-1.1845804832154339,-0.9798143318373298,395.5144842617033,3.19322821261431,LOW,LOW,LOW,LOW,LOW,LOW,LOW
71.86284020168881,-0.8240345023778864,-0.014244743486610334,242.13389199575374,1.413690024712293,HIGH,LOW,LOW,LOW,LOW,HIGH,HIGH
55.29472207566345,-0.9062571027117328,-4.292717549491866,19.04661824406538,12.729353260428,MEDIUM,LOW,LOW,CRITICAL,LOW,CRITICAL,CRITICAL
54.77403382423283,-0.643114488692623,7.530413535977155,277.5092919538832,4.155414362449223,MEDIUM,LOW,MEDIUM,LOW,LOW,HIGH,HIGH
51.32426513438279,-10.522177127904262,15.135006976794587,131.80360869868997,4.246439911177758,MEDIUM,HIGH,CRITICAL,LOW,LOW,CRITICAL,CRITICAL
57.2438957907398,1.5928515137059358,-1.8542913846844962,233.7401502018777,0.4062903143236613,MEDIUM,LOW,LOW,LOW,LOW,MEDIUM,MEDIUM
45.55510020400971,-3.8555576202142663,-7.278484712371591,189.63684720485156,6.219832762187573,LOW,LOW,MEDIUM,LOW,LOW,MEDIUM,MEDIUM
55.95904168668636,3.585114233493114,-0.4132111345576365,442.0224318070056,3.136833061164751,MEDIUM,LOW,LOW,LOW,LOW,MEDIUM,MEDIUM
54.99387810375459,-0.8976285454446273,-0.13750507005179755,638.0268077211343,21.660984126344644,MEDIUM,LOW,LOW,LOW,MEDIUM,MEDIUM,HIGH
95.36316791445708,20.602130902056754,2.5013744042918438,7.160436180287465,4.81981056890802,CRITICAL,CRITICAL,LOW,CRITICAL,LOW,CRITICAL,CRITICAL
31.935846740028904,-2.266439711276601,-3.9204555876433944,296.5621501912724,12.428263475697383,LOW,LOW,LOW,LOW,LOW,LOW,LOW
51.8027227364606,4.3859262287971434,-7.1030331592250135,416.88150314422387,18.84815577264607,MEDIUM,LOW,MEDIUM,LOW,MEDIUM,HIGH,HIGH
70.20129974009198,2.351521213149401,-6.60253286472753,340.81601089091794,21.092660904952844,HIGH,LOW,MEDIUM,LOW,MEDIUM,HIGH,HIGH
50.914712156561954,-2.4864369058488096,-0.6584006306950358,428.06891057774544,3.872198868306876,MEDIUM,LOW,LOW,LOW,LOW,MEDIUM,MEDIUM
41.646204402888685,-2.2151023524376967,0.25276330622002796,473.5461165603012,10.999547222827228,LOW,LOW,LOW,LOW,LOW,LOW,LOW
14.258422625271393,7.906306669294468,-1.0394870576910702,523.6819764249293,16.850346833610203,LOW,MEDIUM,LOW,LOW,MEDIUM,MEDIUM,HIGH
68.46745160910821,-2.800272680077507,-10.689932414608391,291.33871842103866,17.572940498504064,MEDIUM,LOW,HIGH,LOW,MEDIUM,HIGH,HIGH
21.3239995995468,-0.9133551467733634,2.6901986982717454,232.19419898533602,5.153562839065286,LOW,LOW,LOW,LOW,LOW,LOW,LOW
40.87852061492709,-2.3195157392864902,0.6456548110177497,378.4121131947036,4.198820150062342,LOW,LOW,LOW,LOW,LOW,LOW,LOW
46.852438965001085,2.94317221591886,-6.350226990713099,281.7470625982039,5.814729497739651,LOW,LOW,MEDIUM,LOW,LOW,MEDIUM,MEDIUM
29.740276665193438,-1.6702642360564304,-5.349291282282491,368.34310719610374,4.495449831979224,LOW,LOW,MEDIUM,LOW,LOW,MEDIUM,MEDIUM
52.684130123665945,8.004090955437345,5.970604715336019,234.93569597893054,7.563132675591647,MEDIUM,MEDIUM,MEDIUM,LOW,LOW,HIGH,HIGH
38.477630683881344,5.61952032271253,-1.2352153931146805,313.15048888071965,14.57377862781878,LOW,MEDIUM,LOW,LOW,LOW,MEDIUM,MEDIUM
49.99683085413306,1.0136146608650671,-0.23869929953423552,504.9336365426492,5.884382127625225,LOW,LOW,LOW,LOW,LOW,LOW,LOW
65.87328509642424,-3.610609158901234,-1.9102272066238253,540.170285355471,8.819266856969627,MEDIUM,LOW,LOW,LOW,LOW,MEDIUM,MEDIUM
91.48683444867748,-24.49248435663549,7.538952811851062,45.66581450677983,15.604254158844025,CRITICAL,CRITICAL,MEDIUM,HIGH,MEDIUM,CRITICAL,CRITICAL
81.6794844768181,-3.5445597320563897,5.719844747158711,337.54676844809,3.4091854366868306,HIGH,LOW,MEDIUM,LOW,LOW,HIGH,HIGH
48.97671008072117,-0.9756145623524473,2.3266861718437544,321.3075738358761,11.41185629355299,LOW,LOW,LOW,LOW,LOW,LOW,LOW
45.1646303600847,4.669056786341167,-2.563390265549927,477.07923651000726,13.892783157839474,LOW,LOW,LOW,LOW,LOW,LOW,LOW
59.17048307759205,5.624277119078568,-7.505671389626072,0.0,23.430226956949323,MEDIUM,MEDIUM,MEDIUM,CRITICAL,MEDIUM,CRITICAL,CRITICAL
24.884302281222162,-0.5238479318268994,-3.7786760264630406,240.99310032308196,1.4329454267642505,LOW,LOW,LOW,LOW,LOW,LOW,LOW
49.197619573606524,-1.3741529017182592,-1.576189141588588,396.4392434224963,15.648552839262583,LOW,LOW,LOW,LOW,MEDIUM,LOW,MEDIUM
69.04446520382498,-6.97859226713978,-0.775219415154115,141.7695504099072,20.34464552618867,MEDIUM,MEDIUM,LOW,LOW,MEDIUM,HIGH,HIGH
100.0,-7.019142417917513,-22.708281894075277,178.30095506041786,18.469191852717465,CRITICAL,MEDIUM,CRITICAL,LOW,MEDIUM,CRITICAL,CRITICAL
15.291420486593898,-4.219942587747488,-2.348113625170344,376.9404039664445,15.447390691659116,LOW,LOW,LOW,LOW,MEDIUM,LOW,MEDIUM
55.41203915057647,-5.419922010761472,3.2200831790314544,0.0,3.7604976700642485,MEDIUM,MEDIUM,LOW,CRITICAL,LOW,CRITICAL,CRITICAL
19.321937850987077,8.969020480137964,-16.472149196532836,24.16118959745962,33.430666343067195,LOW,MEDIUM,CRITICAL,HIGH,HIGH,CRITICAL,CRITICAL
60.00822488552306,2.9727893796997327,-1.2358458833385624,274.0832692654943,16.18593402414821,MEDIUM,LOW,LOW,LOW,MEDIUM,MEDIUM,HIGH
79.17624910933796,-1.6673475675322207,-7.566663194335868,76.91869445231166,23.148899444949503,HIGH,LOW,MEDIUM,MEDIUM,MEDIUM,HIGH,HIGH
21.338863695459406,-10.286710298697809,-1.827712371454271,189.15548951362004,24.25136478487072,LOW,HIGH,LOW,LOW,MEDIUM,HIGH,HIGH
57.45844017368597,13.6998362030496,-0.8411345443874821,59.402462713762624,23.511860244973676,MEDIUM,HIGH,LOW,MEDIUM,MEDIUM,HIGH,HIGH
32.736913077362026,-0.2520809531938679,-3.4247254380535566,369.43656004096755,15.17807687584372,LOW,LOW,LOW,LOW,MEDIUM,LOW,MEDIUM
27.375325615915028,0.39225366589374033,-6.112039725905925,314.0560913385373,4.423847898335707,LOW,LOW,MEDIUM,LOW,LOW,MEDIUM,MEDIUM
87.41728969785376,-16.375359041373486,-0.26817540677627905,125.52512963296505,13.337969028631253,CRITICAL,CRITICAL,LOW,LOW,LOW,CRITICAL,CRITICAL
49.78901281193492,3.6187536118143635,0.6037654168109716,461.6024434378917,10.162144080649512,LOW,LOW,LOW,LOW,LOW,LOW,LOW
48.81684217030239,0.5142463824705562,4.4667585655085,137.64801772817486,29.294793702806878,LOW,LOW,LOW,LOW,MEDIUM,LOW,MEDIUM
50.956163992360025,0.17798734284814768,2.7474936758886717,493.4630068700972,1.7971277542234145,MEDIUM,LOW,LOW,LOW,LOW,MEDIUM,MEDIUM
64.21616317074742,4.059778057469278,2.258232395506696,270.78241091073727,5.925606697594104,MEDIUM,LOW,LOW,LOW,LOW,MEDIUM,MEDIUM
38.640612638346944,-7.178766635663508,-3.3686550558059474,126.87496124244208,5.821203577216288,LOW,MEDIUM,LOW,LOW,LOW,MEDIUM,MEDIUM
54.962899054103886,-5.9640094757622,4.619376404080628,416.1001624710094,17.559531271518573,MEDIUM,MEDIUM,LOW,LOW,MEDIUM,HIGH,HIGH
45.2860710113057,-0.13022437688567434,-8.604210730887548,130.89328335624603,6.366287731735614,LOW,LOW,MEDIUM,LOW,LOW,MEDIUM,MEDIUM
42.40655347288787,0.9101752833267788,4.990843053226329,417.804997181165,6.305491922312482,LOW,LOW,LOW,LOW,LOW,LOW,LOW
61.00298381462384,-0.571531891151887,4.982352947920319,189.9079182992516,2.9679595477342,MEDIUM,LOW,LOW,LOW,LOW,MEDIUM,MEDIUM
51.43158285203312,1.3230173600263335,-2.24924123023465,379.1741929254142,19.61117707540026,MEDIUM,LOW,LOW,LOW,MEDIUM,MEDIUM,HIGH
48.18254308296179,-3.4768815146073897,-6.799919226497385,336.94160925076807,15.876258064592971,LOW,LOW,MEDIUM,LOW,MEDIUM,MEDIUM,HIGH
40.15592989408989,1.0875537081793991,-1.501525824401929,671.1527537564748,22.32388441683777,LOW,LOW,LOW,LOW,MEDIUM,LOW,MEDIUM
47.551597179860146,-6.074532196012303,-2.520778576707762,299.46395455674684,3.2883093238717502,LOW,MEDIUM,LOW,LOW,LOW,MEDIUM,MEDIUM
48.72679894429147,3.407623439345827,0.744951037823488,618.6959636537644,1.420793961351343,LOW,LOW,LOW,LOW,LOW,LOW,LOW
52.433845652996624,-3.0234375470176977,-0.835147026951751,145.8345134319093,2.5103343589192435,MEDIUM,LOW,LOW,LOW,LOW,MEDIUM,MEDIUM
21.13418999064105,0.7087789472504726,0.24376039998488155,383.0595367630653,1.8553435534187581,LOW,LOW,LOW,LOW,LOW,LOW,LOW
44.8198764504474,1.1594128195073523,-5.889651342340305,587.7486350296757,8.613969251863242,LOW,LOW,MEDIUM,LOW,LOW,MEDIUM,MEDIUM
95.49887231588339,-17.993991557400243,16.8846947705654,7.903346258989832,13.852328965504777,CRITICAL,CRITICAL,CRITICAL,CRITICAL,LOW,CRITICAL,CRITICAL
58.426446941119245,-6.452678829917128,4.791916676120137,660.9738363412449,16.411694118753427,MEDIUM,MEDIUM,LOW,LOW,MEDIUM,HIGH,HIGH
39.46162675221754,1.3991710661185146,-0.4946782863308161,460.89002215361165,5.306475227355477,LOW,LOW,LOW,LOW,LOW,LOW,LOW
52.183908617536616,-7.258589562061495,3.036348665070293,420.6661244013479,1.6947729962691913,MEDIUM,MEDIUM,LOW,LOW,LOW,HIGH,HIGH
62.66034066313773,-3.4992102776619687,-8.01734879559637,136.91102067043437,14.388767840870962,MEDIUM,LOW,MEDIUM,LOW,LOW,HIGH,HIGH
74.89445694021643,14.368152193767568,9.521319545931721,94.4755157188615,19.363937049596608,HIGH,HIGH,MEDIUM,MEDIUM,MEDIUM,CRITICAL,CRITICAL
47.544969315029626,0.08889385480236803,-1.8641920800388618,484.0368108409369,9.652470946445797,LOW,LOW,LOW,LOW,LOW,LOW,LOW
41.44757935796555,0.382652250773121,-1.0378641558408377,543.4742988314505,2.2064718438851734,LOW,LOW,LOW,LOW,LOW,LOW,LOW
27.17806808794804,-0.5305195996248384,-2.894444441707961,143.78997986625285,13.77824776578773,LOW,LOW,LOW,LOW,LOW,LOW,LOW
51.55237075788582,4.151563659070969,-4.08919405613537,268.3422697815248,7.795610090328875,MEDIUM,LOW,LOW,LOW,LOW,MEDIUM,MEDIUM
35.669969711581274,-1.8752592895409803,4.049399189018288,409.36214729502507,24.40164485287557,LOW,LOW,LOW,LOW,MEDIUM,LOW,MEDIUM
43.57870280526983,4.584681803702994,-1.601712242034428,532.3915696816421,6.31851224136391,LOW,LOW,LOW,LOW,LOW,LOW,LOW
25.718401522372744,5.534658068841223,-0.3880305185833749,523.5272783754173,8.348908338337104,LOW,MEDIUM,LOW,LOW,LOW,MEDIUM,MEDIUM
66.82905215001252,-4.721905573440231,12.648428190343026,2.0074889999358794,1.869173084976624,MEDIUM,LOW,HIGH,CRITICAL,LOW,CRITICAL,CRITICAL
99.49100168734111,-7.39544812971748,6.199019634841131,64.14954675136224,38.25857629261232,CRITICAL,MEDIUM,MEDIUM,MEDIUM,HIGH,CRITICAL,CRITICAL
38.52545348871093,3.7851729873183775,2.7003273632487748,308.02363458934724,2.643695325730663,LOW,LOW,LOW,LOW,LOW,LOW,LOW
60.57220044030135,-1.35642429084035,1.9705283022078948,210.3222729642525,7.215527151169717,MEDIUM,LOW,LOW,LOW,LOW,MEDIUM,MEDIUM
47.41715281854137,6.12686802102167,-15.309674313186225,69.28381518853016,60.0,LOW,MEDIUM,CRITICAL,MEDIUM,CRITICAL,CRITICAL,CRITICAL
47.38667949240458,-2.9175109569473827,-8.959308122311874,384.36111757092095,3.6525069046666974,LOW,LOW,MEDIUM,LOW,LOW,MEDIUM,MEDIUM
46.74807641424665,-1.6215902563147775,-0.7811736312773353,292.23882171668504,2.098743629047628,LOW,LOW,LOW,LOW,LOW,LOW,LOW
66.56079622183508,-23.321162238554457,-2.342207413191536,158.33791761704325,28.277092791169895,MEDIUM,CRITICAL,LOW,LOW,MEDIUM,CRITICAL,CRITICAL
42.337372117662134,-5.209064951875959,1.2479402847324184,312.9502159582969,8.102067531531434,LOW,MEDIUM,LOW,LOW,LOW,MEDIUM,MEDIUM
36.495751751843756,0.4688611775866707,-0.874913600866212,668.4063882220662,5.938967067999073,LOW,LOW,LOW,LOW,LOW,LOW,LOW
42.33778797747878,-8.104093793906037,-3.2303797104707157,233.48717853482273,5.791067996292945,LOW,MEDIUM,LOW,LOW,LOW,MEDIUM,MEDIUM
74.39952901098083,-8.291935345039452,-2.040608565316827,4.004270569292387,32.8296658488741,HIGH,MEDIUM,LOW,CRITICAL,HIGH,CRITICAL,CRITICAL
49.097183416050974,2.3239704883845054,2.0720087032727057,54.1688687921192,10.255852002640662,LOW,LOW,LOW,MEDIUM,LOW,MEDIUM,MEDIUM
43.2850335141099,-0.05589472891918041,8.606164254780023,290.63758737581543,2.847872578021027,LOW,LOW,MEDIUM,LOW,LOW,MEDIUM,MEDIUM
51.57488144214965,-7.0545211877533704,-4.189787051322581,407.78118788089034,6.475009572152112,MEDIUM,MEDIUM,LOW,LOW,LOW,HIGH,HIGH
65.60130248195902,15.314524366688232,3.425930439436124,103.98859584026367,9.46715035461044,MEDIUM,CRITICAL,LOW,LOW,LOW,CRITICAL,CRITICAL
94.49791946592671,11.781703941328711,0.1469632916801096,156.8491657921158,52.319443574729235,CRITICAL,HIGH,LOW,LOW,CRITICAL,CRITICAL,CRITICAL
28.448928210326123,3.011870048817962,-1.7730940261022534,305.1992024620587,12.664617473165293,LOW,LOW,LOW,LOW,LOW,LOW,LOW
42.84663736977738,1.0907755955291165,-5.583578385438905,582.9001290518843,1.813273384583601,LOW,LOW,MEDIUM,LOW,LOW,MEDIUM,MEDIUM
40.68581175277511,5.23775918978383,-7.236124130730723,481.6669438157478,15.09579455531741,LOW,MEDIUM,MEDIUM,LOW,MEDIUM,HIGH,HIGH
98.46414541855981,10.540788530383152,-17.73412591357863,286.7368069074596,26.278022401689938,CRITICAL,HIGH,CRITICAL,LOW,MEDIUM,CRITICAL,CRITICAL
39.59570091286002,2.23367741469186,0.12366054614613353,557.1577829735666,9.799861774843418,LOW,LOW,LOW,LOW,LOW,LOW,LOW
89.9240931166226,-14.929327988915812,-7.352424125935741,72.74916040275066,9.947119929845318,CRITICAL,HIGH,MEDIUM,MEDIUM,LOW,CRITICAL,CRITICAL
36.06470660835327,-2.7022081624993604,3.2209250918676418,512.885626938644,13.305478582263703,LOW,LOW,LOW,LOW,LOW,LOW,LOW
67.33996754430505,12.938098336265416,-12.503076672311717,263.6810691733016,30.87507650459414,MEDIUM,HIGH,HIGH,LOW,HIGH,CRITICAL,CRITICAL
89.23841469648693,12.360447809242022,7.662593311633778,139.95242100727333,17.38933117772922,CRITICAL,HIGH,MEDIUM,LOW,MEDIUM,CRITICAL,CRITICAL
46.82794775353903,2.2442455019025247,-0.10553588551546239,628.8595868438288,5.848162182064166,LOW,LOW,LOW,LOW,LOW,LOW,LOW
66.36657780748578,-15.330977922938429,-15.781298685894704,223.16136183403214,10.932145273796184,MEDIUM,CRITICAL,CRITICAL,LOW,LOW,CRITICAL,CRITICAL
47.69862789630215,0.4151612806892822,-3.13565572843106,397.85451977815836,5.956855002429599,LOW,LOW,LOW,LOW,LOW,LOW,LOW
42.7388764705109,-1.334249908815345,-6.227043464468901,548.1729707052733,14.177028016885941,LOW,LOW,MEDIUM,LOW,LOW,MEDIUM,MEDIUM
45.43107662110203,4.089249897992748,-2.098960190024266,253.62983906159798,6.02734429110599,LOW,LOW,LOW,LOW,LOW,LOW,LOW
49.35506452862456,-5.9734287555271015,1.6168476584008835,198.9536157492457,4.603914440577845,LOW,MEDIUM,LOW,LOW,LOW,MEDIUM,MEDIUM
59.57607018782558,1.997501082099555,2.541844187687778,456.1957833427061,9.048255497064035,MEDIUM,LOW,LOW,LOW,LOW,MEDIUM,MEDIUM
36.20795604355414,-1.0302637384211746,-1.3051728976191632,354.29570328040893,1.9760927741003729,LOW,LOW,LOW,LOW,LOW,LOW,LOW
41.62492645314958,-4.57171251109695,5.369200999910332,370.6650715822013,24.691253245278865,LOW,LOW,MEDIUM,LOW,MEDIUM,MEDIUM,HIGH
40.946019234879266,0.27328165203254556,0.9105575969872703,234.71900436871155,4.626128460047092,LOW,LOW,LOW,LOW,LOW,LOW,LOW
42.63475301696955,-1.6818967460520626,-1.402291528992019,421.89315773467735,31.934128192664325,LOW,LOW,LOW,LOW,HIGH,LOW,HIGH
25.948728922310224,-9.911614036402447,-2.7500131405511143,473.1849169293045,10.722252267195158,LOW,MEDIUM,LOW,LOW,LOW,MEDIUM,MEDIUM
43.33727234477081,-3.632447860963521,-2.4287494518226254,331.4290904782032,7.155792929917444,LOW,LOW,LOW,LOW,LOW,LOW,LOW
39.01683365687326,5.323803743291288,-3.0849591969975982,459.9586309493579,12.995489774549995,LOW,MEDIUM,LOW,LOW,LOW,MEDIUM,MEDIUM
28.805980221961256,-0.9838282054695967,-7.669964539161649,367.10103786888385,3.8892605593869285,LOW,LOW,MEDIUM,LOW,LOW,MEDIUM,MEDIUM
46.27845677603349,3.3629222981250164,-0.22368834125607312,533.2817299766253,0.6110848540916922,LOW,LOW,LOW,LOW,LOW,LOW,LOW
42.91101005437582,0.2883161603694079,6.160522679441609,539.9952164227523,4.3700152225787345,LOW,LOW,MEDIUM,LOW,LOW,MEDIUM,MEDIUM
87.81289263475801,-7.36522762556093,-4.874595078970379,64.24591636239143,27.767350152434172,CRITICAL,MEDIUM,LOW,MEDIUM,MEDIUM,CRITICAL,CRITICAL
98.70056516126765,-11.607822569425299,-5.372092391476748,70.74967467633245,17.44912269082896,CRITICAL,HIGH,MEDIUM,MEDIUM,MEDIUM,CRITICAL,CRITICAL
61.98102508571763,3.0725028475135376,3.3415754639411968,435.2432367198119,9.774969610749132,MEDIUM,LOW,LOW,LOW,LOW,MEDIUM,MEDIUM
48.88659621956634,-0.952989341758354,6.320705719600602,321.17496051337235,34.95337928433841,LOW,LOW,MEDIUM,LOW,HIGH,MEDIUM,HIGH
91.91878628068524,17.138380591952632,-31.330858304823373,34.7620435610747,17.53493572146415,CRITICAL,CRITICAL,CRITICAL,HIGH,MEDIUM,CRITICAL,CRITICAL
99.4049124705589,-14.271506464930551,17.83260966995207,204.3536414788528,15.13193724517296,CRITICAL,HIGH,CRITICAL,LOW,MEDIUM,CRITICAL,CRITICAL
50.90438121962784,2.531272662947696,7.140638945373563,69.90207615188899,7.83036346018609,MEDIUM,LOW,MEDIUM,MEDIUM,LOW,HIGH,HIGH
77.62025064791537,21.210369377465998,-11.300231715535233,64.45206651339423,59.114134768621625,HIGH,CRITICAL,HIGH,MEDIUM,CRITICAL,CRITICAL,CRITICAL
47.601984985029745,-3.530527665271607,-2.484937459728803,493.3934862804198,19.983931605017528,LOW,LOW,LOW,LOW,MEDIUM,LOW,MEDIUM
13.280844562559677,-1.5760989689671026,-2.1646389809003073,573.8201123569461,19.39598659003338,LOW,LOW,LOW,LOW,MEDIUM,LOW,MEDIUM
62.389943974960495,-0.41595675558752987,-1.9532528498933717,240.3006867789416,9.69124113066332,MEDIUM,LOW,LOW,LOW,LOW,MEDIUM,MEDIUM
43.70495348100371,0.5335340339463382,-3.4129039230303064,260.08005907334035,6.3715442755142515,LOW,LOW,LOW,LOW,LOW,LOW,LOW
55.45014862147343,0.24254995293888096,5.658123172442,320.3543684855651,2.7675897254387207,MEDIUM,LOW,MEDIUM,LOW,LOW,HIGH,HIGH
58.28761120699219,5.3438422244824215,-1.4400594393019444,223.86957601057276,11.394890953091643,MEDIUM,MEDIUM,LOW,LOW,LOW,HIGH,HIGH
50.29825159206248,0.48679363144732907,-1.5539254992889453,135.34967047032276,8.386703428169849,MEDIUM,LOW,LOW,LOW,LOW,MEDIUM,MEDIUM
76.19952003903164,3.381795118875334,15.206023645058988,23.930149774269445,18.897510465716895,HIGH,LOW,CRITICAL,HIGH,MEDIUM,CRITICAL,CRITICAL
84.85343025715434,40.0,-2.6710918080472643,5.816285772091536,29.02336981017591,HIGH,CRITICAL,LOW,CRITICAL,MEDIUM,CRITICAL,CRITICAL
36.78250720027555,-5.125139679983362,1.736943756802123,355.07389101869455,0.2969573463943553,LOW,MEDIUM,LOW,LOW,LOW,MEDIUM,MEDIUM
100.0,6.207560514502099,-5.808029578807582,183.94742885525562,41.49563967502323,CRITICAL,MEDIUM,MEDIUM,LOW,HIGH,CRITICAL,CRITICAL
98.31488220900022,18.501981304086993,9.458591580980414,13.104334532485161,12.1030465892106,CRITICAL,CRITICAL,MEDIUM,CRITICAL,LOW,CRITICAL,CRITICAL
63.875728697300026,-7.331983037981981,22.982587615464368,174.90204362144294,29.224127731900097,MEDIUM,MEDIUM,CRITICAL,LOW,MEDIUM,CRITICAL,CRITICAL
48.64136603840655,7.506373867155194,0.3324760653127714,236.15272254013675,2.574460962388611,LOW,MEDIUM,LOW,LOW,LOW,MEDIUM,MEDIUM
44.523580150647184,5.820961208598997,-11.179401753608968,298.10055083236784,12.228893328191013,LOW,MEDIUM,HIGH,LOW,LOW,HIGH,HIGH
42.17706420213358,12.377507710808375,-1.7276498284227904,539.5982790092953,9.965690908457322,LOW,HIGH,LOW,LOW,LOW,HIGH,HIGH
38.96372688446969,4.583761690410122,-5.479822648187959,633.8474574731508,7.19748033285491,LOW,LOW,MEDIUM,LOW,LOW,MEDIUM,MEDIUM
56.958936576282674,-2.7900544507168688,1.2433289164646417,547.5849669696202,13.579645928148473,MEDIUM,LOW,LOW,LOW,LOW,MEDIUM,MEDIUM
47.91826511052578,-8.798367831223416,1.2971001837981726,804.1126813339475,0.9625705860883866,LOW,MEDIUM,LOW,LOW,LOW,MEDIUM,MEDIUM
46.24819554408171,8.723280475067106,2.5296001798199095,272.4476448291528,14.305490473969273,LOW,MEDIUM,LOW,LOW,LOW,MEDIUM,MEDIUM
50.97965207694977,5.541050411148685,3.545902246707003,564.7749604058055,4.952728496060485,MEDIUM,MEDIUM,LOW,LOW,LOW,HIGH,HIGH
70.39706237346086,5.660450907872218,8.87458761434743,453.92629367849537,10.852369337488469,HIGH,MEDIUM,MEDIUM,LOW,LOW,HIGH,HIGH
31.30189648164281,-7.907382281570743,-2.2717235400453553,765.2499425711595,4.727611051469628,LOW,MEDIUM,LOW,LOW,LOW,MEDIUM,MEDIUM
38.52895356487038,-2.658091690288749,23.611867468181998,42.57199342212869,19.869051611015994,LOW,LOW,CRITICAL,HIGH,MEDIUM,CRITICAL,CRITICAL
43.398360976010004,7.498119549984022,-5.206471467896934,43.480635794573395,16.899948811751432,LOW,MEDIUM,MEDIUM,HIGH,MEDIUM,HIGH,HIGH
26.59255501945428,1.2644199747575136,-5.690824975026778,213.94835755257432,15.31508605010226,LOW,LOW,MEDIUM,LOW,MEDIUM,MEDIUM,HIGH
81.77168999505339,27.873055985165124,6.005860568476546,3.044955573767839,18.00420617232377,HIGH,CRITICAL,MEDIUM,CRITICAL,MEDIUM,CRITICAL,CRITICAL
38.348787789117786,5.890929858091135,0.5718075062145836,405.68321050268304,9.997797330960115,LOW,MEDIUM,LOW,LOW,LOW,MEDIUM,MEDIUM
45.44155036113581,-1.6372075529358479,-3.7079527278980713,71.18446191597283,20.207561775028978,LOW,LOW,LOW,MEDIUM,MEDIUM,MEDIUM,HIGH
62.417016741228046,6.233744278361074,-7.615692530717867,61.251809390805576,17.186516261341172,MEDIUM,MEDIUM,MEDIUM,MEDIUM,MEDIUM,HIGH,HIGH
100.0,30.829536288484725,0.9556837197162011,202.1086187219408,54.17905170504601,CRITICAL,CRITICAL,LOW,LOW,CRITICAL,CRITICAL,CRITICAL
95.2001362909254,-18.000303506814326,1.46654596691522,40.89877707433521,13.159304931538522,CRITICAL,CRITICAL,LOW,HIGH,LOW,CRITICAL,CRITICAL
71.28409785125332,-0.48671832493409467,8.086506560081464,78.47313092996274,2.296951927677365,HIGH,LOW,MEDIUM,MEDIUM,LOW,HIGH,HIGH
56.02063714057347,-22.53353307770633,22.598452419970815,60.435093300873746,13.08094680672911,MEDIUM,CRITICAL,CRITICAL,MEDIUM,LOW,CRITICAL,CRITICAL
28.03793693171334,2.0362735597160118,-1.5642274277317174,312.7218009806155,8.246243820072156,LOW,LOW,LOW,LOW,LOW,LOW,LOW
32.81680746376966,-0.22227289090014812,6.709140664751809,205.06984986168942,2.9757272940419948,LOW,LOW,MEDIUM,LOW,LOW,MEDIUM,MEDIUM
47.30943399398453,6.0220285941967875,-0.3590595490953886,365.4969869232545,7.6727671469973835,LOW,MEDIUM,LOW,LOW,LOW,MEDIUM,MEDIUM
34.764833611604104,-1.8731203742807043,-0.983577091960982,144.8123075095089,17.20792339530533,LOW,LOW,LOW,LOW,MEDIUM,LOW,MEDIUM
61.39962811395969,1.229455278041706,0.28296888716407625,0.0,3.413755699229375,MEDIUM,LOW,LOW,CRITICAL,LOW,CRITICAL,CRITICAL
47.620237759729044,1.8094901162838748,6.925694989737984,15.943919648928592,6.74208040379165,LOW,LOW,MEDIUM,CRITICAL,LOW,CRITICAL,CRITICAL
29.343553525986234,-1.547242003448545,-4.6458222180850015,407.17787993461184,8.629091163192601,LOW,LOW,LOW,LOW,LOW,LOW,LOW
64.83687962412415,0.18961420244584093,0.9445526437008925,338.51517960906006,6.202252423699366,MEDIUM,LOW,LOW,LOW,LOW,MEDIUM,MEDIUM
51.58950055108387,3.6741752292932013,3.445786760208053,469.33027489833046,7.086255349328706,MEDIUM,LOW,LOW,LOW,LOW,MEDIUM,MEDIUM
47.65782981477785,1.1467754177165943,4.669074155869708,259.77599012876084,7.129607772702878,LOW,LOW,LOW,LOW,LOW,LOW,LOW
89.70320813877443,-21.330235309876148,2.606805644045929,35.377324568338636,19.89464163794355,CRITICAL,CRITICAL,LOW,HIGH,MEDIUM,CRITICAL,CRITICAL
31.15990835109798,0.4876526540978644,0.8775545385621683,179.0332271087344,16.250150042781485,LOW,LOW,LOW,LOW,MEDIUM,LOW,MEDIUM
46.56416308134934,-1.8434956212792069,-5.458941255879162,521.6818124757888,6.835983998206116,LOW,LOW,MEDIUM,LOW,LOW,MEDIUM,MEDIUM
47.95298464575697,-1.5421075203822778,9.353376170314869,52.78862567103939,12.903605373407839,LOW,LOW,MEDIUM,MEDIUM,LOW,HIGH,HIGH
48.15768087665829,-0.6055302709423483,6.257125477723475,367.2285572766877,11.191358531944086,LOW,LOW,MEDIUM,LOW,LOW,MEDIUM,MEDIUM
48.33158053863435,2.2663524229214413,-1.5961400126224121,339.69615181370824,0.5707764932442186,LOW,LOW,LOW,LOW,LOW,LOW,LOW
39.19878506283597,-4.168638826865995,0.4558964223676487,197.07976728605271,10.054527939643842,LOW,LOW,LOW,LOW,LOW,LOW,LOW
47.754182559304255,-3.350999809615764,3.7131784481349746,258.1566880811609,3.3872942069977903,LOW,LOW,LOW,LOW,LOW,LOW,LOW
43.307520175327824,6.311822500223257,6.6659670735665655,337.1420620261428,4.389176960722888,LOW,MEDIUM,MEDIUM,LOW,LOW,HIGH,HIGH
54.22744805524857,-1.5342622576244296,-1.9784413875826723,227.3971471755635,5.3431677802166755,MEDIUM,LOW,LOW,LOW,LOW,MEDIUM,MEDIUM
86.1747096164159,26.86379391158392,-12.204633536745837,263.35393282367977,19.313150103772575,CRITICAL,CRITICAL,HIGH,LOW,MEDIUM,CRITICAL,CRITICAL
96.41737566890585,4.995020003010928,1.6393972411594966,9.886553996054333,12.890200825869492,CRITICAL,LOW,LOW,CRITICAL,LOW,CRITICAL,CRITICAL
54.51945309588041,0.5178790144559446,4.22704245541146,352.54816945223786,3.6238362308150576,MEDIUM,LOW,LOW,LOW,LOW,MEDIUM,MEDIUM
26.04088845262303,0.4383329103096825,3.1309922849194147,331.75208395704357,17.894765554134825,LOW,LOW,LOW,LOW,MEDIUM,LOW,MEDIUM
90.58528263931474,2.325267549732965,-10.005124156788497,47.146901149053534,17.169238822121248,CRITICAL,LOW,HIGH,HIGH,MEDIUM,CRITICAL,CRITICAL
39.000648910854764,-1.9625131943838103,-3.5415671430519953,630.9430780196936,6.068992182806698,LOW,LOW,LOW,LOW,LOW,LOW,LOW
50.02850360059623,-2.359557117464731,6.3801450575023475,474.8223512211928,12.27724935954301,MEDIUM,LOW,MEDIUM,LOW,LOW,HIGH,HIGH
35.92557369268038,-3.1692718156393243,0.8571285201783114,464.1905562398167,3.9201622859995466,LOW,LOW,LOW,LOW,LOW,LOW,LOW
78.51410639292595,-11.457380329376484,26.35016594506297,96.31347190283454,39.43339452335704,HIGH,HIGH,CRITICAL,MEDIUM,HIGH,CRITICAL,CRITICAL
57.16170216432379,-0.04760387917157316,9.12575058070771,468.6172520253572,11.725317391915977,MEDIUM,LOW,MEDIUM,LOW,LOW,HIGH,HIGH
39.204785592592465,-8.341339762421422,4.109763934770604,53.29310769565341,17.531932099476112,LOW,MEDIUM,LOW,MEDIUM,MEDIUM,HIGH,HIGH
44.131181952547315,-1.1808655512969202,-2.0806099459808274,474.16114666438875,7.301955944712965,LOW,LOW,LOW,LOW,LOW,LOW,LOW
62.981422317320046,-20.70145192643217,6.752861011136471,52.802474032266986,15.69124918036584,MEDIUM,CRITICAL,MEDIUM,MEDIUM,MEDIUM,CRITICAL,CRITICAL
52.41306789591801,3.6724993478932144,0.04067843347253909,347.31459695475525,10.557023400643846,MEDIUM,LOW,LOW,LOW,LOW,MEDIUM,MEDIUM
60.00028036132281,15.817431649025217,4.022498904390545,18.459441304030722,43.05573366691923,MEDIUM,CRITICAL,LOW,CRITICAL,HIGH,CRITICAL,CRITICAL
50.98246096806764,-0.7774313867030985,-0.7547401928751157,427.8998201058891,6.1278182373154975,MEDIUM,LOW,LOW,LOW,LOW,MEDIUM,MEDIUM
63.292518647968045,0.8060018085919531,-8.354217010654228,292.98171869500203,6.468475583996842,MEDIUM,LOW,MEDIUM,LOW,LOW,HIGH,HIGH
40.03435904064677,-6.065422814604724,-8.24007766671495,152.44735938106965,7.613458677282288,LOW,MEDIUM,MEDIUM,LOW,LOW,HIGH,HIGH
35.967238068304226,2.4808342125095644,3.9152233491278556,588.1843693167181,1.8819011288485363,LOW,LOW,LOW,LOW,LOW,LOW,LOW
58.99805384912032,-15.719283064219859,-7.24606352307469,82.73215855549927,32.13251320992603,MEDIUM,CRITICAL,MEDIUM,MEDIUM,HIGH,CRITICAL,CRITICAL
30.588600034929204,-3.1230674809842065,1.60256635616426,741.226909390006,3.0844882313650728,LOW,LOW,LOW,LOW,LOW,LOW,LOW
87.95785050582602,-10.195145299599394,4.095636608026835,28.276779985894773,41.57248221546641,CRITICAL,HIGH,LOW,HIGH,HIGH,CRITICAL,CRITICAL
32.34715783710165,1.52395496053573,-4.915476719447708,203.09267677385117,21.035341679142462,LOW,LOW,LOW,LOW,MEDIUM,LOW,MEDIUM
59.693973623652134,6.324440871634401,0.9148453010976861,245.74894386059722,22.498040476399535,MEDIUM,MEDIUM,LOW,LOW,MEDIUM,HIGH,HIGH
43.881096222672475,1.1892824947379443,-6.638900879888802,0.0,5.2417980564214375,LOW,LOW,MEDIUM,CRITICAL,LOW,CRITICAL,CRITICAL
70.97738890082874,2.133208693612604,1.896432005276592,220.77493457911484,4.639902940274113,HIGH,LOW,LOW,LOW,LOW,HIGH,HIGH
74.23636737750167,-0.5599841300250368,-5.278329456646756,39.43467871781034,21.73281946111856,HIGH,LOW,MEDIUM,HIGH,MEDIUM,CRITICAL,CRITICAL
64.64278359700856,1.7212282078768772,-6.6162252225330676,142.03383106535352,5.281912951725044,MEDIUM,LOW,MEDIUM,LOW,LOW,HIGH,HIGH
31.494795493323533,0.5210918762990404,1.6253724767168756,387.8323203240547,6.705566810912429,LOW,LOW,LOW,LOW,LOW,LOW,LOW
26.377255719400658,1.7233004330375572,-0.8730282314884189,333.25717866613604,11.16408904315827,LOW,LOW,LOW,LOW,LOW,LOW,LOW
22.61870614364127,3.434293446099703,-5.27793216056036,514.8733055483793,2.597033016869541,LOW,LOW,MEDIUM,LOW,LOW,MEDIUM,MEDIUM
60.21762045491663,-12.114880469994425,9.030482550201656,444.43133279973756,9.86365264157746,MEDIUM,HIGH,MEDIUM,LOW,LOW,HIGH,HIGH
48.351771992640074,-35.3803184562323,13.895759683642519,73.83562534310212,11.540797072404953,LOW,CRITICAL,HIGH,MEDIUM,LOW,CRITICAL,CRITICAL
27.540158038087828,2.4291296786967864,-1.6406807609243101,156.0787394648279,2.6317869827032307,LOW,LOW,LOW,LOW,LOW,LOW,LOW
19.00741868742407,-6.6554614268486905,-3.2450909288037435,342.9508224164131,0.28466545238768315,LOW,MEDIUM,LOW,LOW,LOW,MEDIUM,MEDIUM
72.35074429140447,4.65974713490716,-1.2846612059616342,382.5736347211656,8.292229187682834,HIGH,LOW,LOW,LOW,LOW,HIGH,HIGH
100.0,6.981114911962542,4.059589529501373,109.41849066736533,8.562507054733771,CRITICAL,MEDIUM,LOW,LOW,LOW,CRITICAL,CRITICAL
52.412240172080274,5.023345701903813,2.6610361069869177,246.90943755931212,6.06224470943975,MEDIUM,MEDIUM,LOW,LOW,LOW,HIGH,HIGH
39.686455306402614,-3.9280336536763953,3.5290921721363024,453.8337626106512,7.919895787178448,LOW,LOW,LOW,LOW,LOW,LOW,LOW
61.868739426730556,0.8377532836733637,4.626147452770462,58.78520396208708,26.28764651519304,MEDIUM,LOW,LOW,MEDIUM,MEDIUM,HIGH,HIGH
11.17062270536642,-1.2988599788990167,-4.8448727932002535,203.42268822685858,16.11761769116295,LOW,LOW,LOW,LOW,MEDIUM,LOW,MEDIUM
18.677564103973797,2.0451029663230393,1.7201673462393998,305.8887128566837,1.3637243218381176,LOW,LOW,LOW,LOW,LOW,LOW,LOW
68.14501297886085,-4.787484342038724,6.666443254256798,96.77196587988686,1.4285719221594648,MEDIUM,LOW,MEDIUM,MEDIUM,LOW,HIGH,HIGH
57.867981289246266,5.90198176292918,15.206759490974688,364.95715530929556,20.874851494236424,MEDIUM,MEDIUM,CRITICAL,LOW,MEDIUM,CRITICAL,CRITICAL
64.11177138911361,4.74844180069184,3.643555124918349,71.91799227536967,6.161148843564747,MEDIUM,LOW,LOW,MEDIUM,LOW,HIGH,HIGH
49.13329975721777,12.462034319927135,8.429247806112762,123.02937828107102,10.737442692358128,LOW,HIGH,MEDIUM,LOW,LOW,HIGH,HIGH
66.86788259490902,6.417112147289828,2.221955100251219,318.0212325566202,5.156209601541226,MEDIUM,MEDIUM,LOW,LOW,LOW,HIGH,HIGH
44.73919667080735,-1.3523942129130349,-3.6599149170166614,298.7518335099815,7.731341375324395,LOW,LOW,LOW,LOW,LOW,LOW,LOW
21.889954114628726,3.3221224176737145,-1.4006916987338989,3.384255579499955,6.968171089343599,LOW,LOW,LOW,CRITICAL,LOW,CRITICAL,CRITICAL
41.938176227795886,0.0985796887764116,-7.130479772930889,250.0093279721611,9.756060799943713,LOW,LOW,MEDIUM,LOW,LOW,MEDIUM,MEDIUM
71.20249509697612,0.5295531907638581,-20.786233897640646,38.48069423860695,14.848100064380791,HIGH,LOW,CRITICAL,HIGH,LOW,CRITICAL,CRITICAL
45.29653786555841,2.164638545191586,7.385586021649997,495.0707099730237,10.495203166784817,LOW,LOW,MEDIUM,LOW,LOW,MEDIUM,MEDIUM
64.07212188420566,-8.419584252404118,-3.3531014105803276,392.52750865214006,8.672995947706312,MEDIUM,MEDIUM,LOW,LOW,LOW,HIGH,HIGH
73.85932763599936,1.7877412596267142,8.771875904246953,404.5728057709951,4.4298220198811595,HIGH,LOW,MEDIUM,LOW,LOW,HIGH,HIGH
61.18434041963868,-0.7809449847120122,-20.77732382076394,179.35386477717375,5.534500577424424,MEDIUM,LOW,CRITICAL,LOW,LOW,CRITICAL,CRITICAL
48.19506473807533,-4.8642812743327415,7.431047421875925,233.4438106447337,11.50960078165208,LOW,LOW,MEDIUM,LOW,LOW,MEDIUM,MEDIUM
100.0,-21.78379984665235,-1.544510121781083,3.7644429531054553,9.219814802032953,CRITICAL,CRITICAL,LOW,CRITICAL,LOW,CRITICAL,CRITICAL
50.94507242490188,0.5536228992292334,-0.6750643384808352,623.1991011088135,16.301825833490348,MEDIUM,LOW,LOW,LOW,MEDIUM,MEDIUM,HIGH
40.09326985362704,2.2465754449043924,0.5288959951650659,303.8294601322521,1.4166549164785815,LOW,LOW,LOW,LOW,LOW,LOW,LOW
21.14548647855725,1.298591619679441,2.67444134157596,211.46895794896616,7.470700605653687,LOW,LOW,LOW,LOW,LOW,LOW,LOW
43.756682868509635,-3.3395024253136114,10.205976858713143,425.14858108636344,14.46683889367041,LOW,LOW,HIGH,LOW,LOW,HIGH,HIGH
43.87650635427389,8.369561156013198,-2.952073759530003,458.70361560971764,13.682384833997368,LOW,MEDIUM,LOW,LOW,LOW,MEDIUM,MEDIUM
40.687517407144,2.249411654891321,1.0235499293048893,174.38357352568804,8.21474652001934,LOW,LOW,LOW,LOW,LOW,LOW,LOW
75.37008276928472,16.57136423877634,-20.96835778405181,72.5950238004685,10.848403871723068,HIGH,CRITICAL,CRITICAL,MEDIUM,LOW,CRITICAL,CRITICAL
67.67335115467137,11.127925696836023,-9.420324002424309,189.2493352631243,3.11400019026713,MEDIUM,HIGH,MEDIUM,LOW,LOW,HIGH,HIGH
50.321999216210834,-2.923135336179315,0.40555911251959886,409.2921421709245,8.227990057124261,MEDIUM,LOW,LOW,LOW,LOW,MEDIUM,MEDIUM
19.36506881832026,-9.075591213574631,2.0144397546717023,418.0766105534857,6.776425663942715,LOW,MEDIUM,LOW,LOW,LOW,MEDIUM,MEDIUM
28.964631212184052,2.9870589550409457,-7.993262985950283,499.35929320598376,9.972743059426852,LOW,LOW,MEDIUM,LOW,LOW,MEDIUM,MEDIUM
41.13747074202128,1.3177880158325945,-0.6630228185392996,463.2161622234248,3.5688668356003506,LOW,LOW,LOW,LOW,LOW,LOW,LOW
29.529557735381044,4.5674540411351146,2.7435009308325142,348.7693044023388,3.7113560723600525,LOW,LOW,LOW,LOW,LOW,LOW,LOW
64.53497961696019,0.8714211430074935,13.120614621322346,125.56281942870609,47.72875262100172,MEDIUM,LOW,HIGH,LOW,CRITICAL,HIGH,CRITICAL
48.623369749322116,-0.9347996042584971,-6.205554476152136,376.51365232385245,7.587606973415434,LOW,LOW,MEDIUM,LOW,LOW,MEDIUM,MEDIUM
58.70803355171029,0.7620359291505058,-5.798072065489251,85.06270828881499,4.922798845535387,MEDIUM,LOW,MEDIUM,MEDIUM,LOW,HIGH,HIGH
50.212328762113785,-5.429980637420334,7.375376529289501,923.3170067887721,8.683109319792631,MEDIUM,MEDIUM,MEDIUM,LOW,LOW,HIGH,HIGH
24.648945259364393,-0.7483700517168964,3.408536092585926,509.3078114449784,12.14910593844344,LOW,LOW,LOW,LOW,LOW,LOW,LOW
37.34953266991397,2.815068199422093,-4.882485724967865,210.7469729884742,3.1986588210796194,LOW,LOW,LOW,LOW,LOW,LOW,LOW
43.31305065023772,0.7947114684782126,-2.459258693284437,101.29759386019042,7.098403178985285,LOW,LOW,LOW,LOW,LOW,LOW,LOW
45.975489157197686,-3.6116280920743105,4.27272976311346,229.72519808909374,24.71126707983722,LOW,LOW,LOW,LOW,MEDIUM,LOW,MEDIUM
30.886364840854167,-5.434463229513775,7.777321263259094,268.7034254559304,32.12055341187217,LOW,MEDIUM,MEDIUM,LOW,HIGH,HIGH,HIGH
30.07899301652136,2.437036829024212,-0.7116638378068925,367.6051611531767,11.150988831570764,LOW,LOW,LOW,LOW,LOW,LOW,LOW
50.598597269768106,-0.5335839870206104,-16.459512838285107,121.69069092267215,20.596885327731883,MEDIUM,LOW,CRITICAL,LOW,MEDIUM,CRITICAL,CRITICAL
54.385370566632176,0.9643199967968819,1.804186168648596,330.3741184280857,5.000570696908145,MEDIUM,LOW,LOW,LOW,LOW,MEDIUM,MEDIUM
52.051780241843524,-3.2195938072122963,8.388458567304138,236.48720126646668,16.13335872682264,MEDIUM,LOW,MEDIUM,LOW,MEDIUM,HIGH,HIGH
54.7911473085318,1.3567266838833572,-0.19969578747798022,610.7757409046369,17.72526852164168,MEDIUM,LOW,LOW,LOW,MEDIUM,MEDIUM,HIGH
58.939248265758785,4.233869782238155,2.247053959524225,69.36426013734477,12.292337239490173,MEDIUM,LOW,LOW,MEDIUM,LOW,HIGH,HIGH
60.10795284002893,-3.1012984514315693,-1.1603026698192607,195.7903992964414,4.380084182882896,MEDIUM,LOW,LOW,LOW,LOW,MEDIUM,MEDIUM
72.50552430181749,5.069298323015337,10.439511232396212,99.44521032983586,25.54169133195158,HIGH,MEDIUM,HIGH,MEDIUM,MEDIUM,CRITICAL,CRITICAL
66.54237759561359,0.4502690210831289,-3.0077664845946193,254.30877143692183,6.168690552961986,MEDIUM,LOW,LOW,LOW,LOW,MEDIUM,MEDIUM
49.1800268429649,4.7448142788400745,-6.980671790222118,453.64946614837504,20.211180355771926,LOW,LOW,MEDIUM,LOW,MEDIUM,MEDIUM,HIGH
47.42806243168622,-2.8722116477775637,4.780199038443946,374.2800571569168,6.098278036855188,LOW,LOW,LOW,LOW,LOW,LOW,LOW
43.74777377886868,-8.880246005538904,-1.8590596593745703,541.7154073727766,1.0780980266484617,LOW,MEDIUM,LOW,LOW,LOW,MEDIUM,MEDIUM
90.77691810273693,26.098923145018144,-5.212459364588734,183.903708212168,13.576932161299226,CRITICAL,CRITICAL,MEDIUM,LOW,LOW,CRITICAL,CRITICAL
51.39208377691761,-2.9850572196176643,-0.32420601172864144,172.48569163816248,13.131460773729486,MEDIUM,LOW,LOW,LOW,LOW,MEDIUM,MEDIUM
52.045267216362355,3.1938056874378167,1.3474987614910956,192.81379816654314,10.205291742023663,MEDIUM,LOW,LOW,LOW,LOW,MEDIUM,MEDIUM
57.862327757204845,17.29052536750521,-23.921426778851583,5.168723662938792,15.606153378829754,MEDIUM,CRITICAL,CRITICAL,CRITICAL,MEDIUM,CRITICAL,CRITICAL
31.75256384963282,-1.17329422162553,1.3449788132090483,288.7981843823222,0.508117879974138,LOW,LOW,LOW,LOW,LOW,LOW,LOW
50.192063336640516,9.96851043105334,0.35389433518234564,9.025833370138901,53.652312460594516,MEDIUM,MEDIUM,LOW,CRITICAL,CRITICAL,CRITICAL,CRITICAL
16.799885964473262,3.226175454967026,-5.195793042141561,276.5339859158429,22.858816962212597,LOW,LOW,MEDIUM,LOW,MEDIUM,MEDIUM,HIGH
85.99770028287708,18.966763071466012,12.642396805633453,93.76212821882717,13.956616181590098,CRITICAL,CRITICAL,HIGH,MEDIUM,LOW,CRITICAL,CRITICAL
68.21968523824623,-3.7493923981322865,-5.64638734843534,65.9095435788502,13.396443592475588,MEDIUM,LOW,MEDIUM,MEDIUM,LOW,HIGH,HIGH
66.5867480129845,-4.677289720067133,2.1962504893333414,327.6752182612431,5.816526179474729,MEDIUM,LOW,LOW,LOW,LOW,MEDIUM,MEDIUM
43.07046117255691,4.166786230083916,-4.742735164975637,484.46700681385465,7.45627808805723,LOW,LOW,LOW,LOW,LOW,LOW,LOW
84.80133210263932,-4.369575339771491,29.669658485440202,105.46720707710064,15.187704844520463,HIGH,LOW,CRITICAL,LOW,MEDIUM,CRITICAL,CRITICAL
61.41048355493024,-20.17872631341436,-13.172037299066602,132.07739603121644,34.8486545147742,MEDIUM,CRITICAL,HIGH,LOW,HIGH,CRITICAL,CRITICAL
38.381456323911976,2.842041418929191,2.0433679178474824,267.8928547075962,3.195273777116496,LOW,LOW,LOW,LOW,LOW,LOW,LOW
19.022944516110783,-3.489814420688063,8.119162330345477,497.42226694916934,3.569104061552086,LOW,LOW,MEDIUM,LOW,LOW,MEDIUM,MEDIUM
40.070209680709986,5.291922281671266,-1.5375727638673993,127.4509772835372,4.845118513599044,LOW,MEDIUM,LOW,LOW,LOW,MEDIUM,MEDIUM
39.6207809976187,3.6438160122138132,1.6173109046413643,234.935278676276,9.46600428690106,LOW,LOW,LOW,LOW,LOW,LOW,LOW
32.30037615485793,5.0993342291360495,-2.8605182858370752,287.4311392134023,15.651691095125875,LOW,MEDIUM,LOW,LOW,MEDIUM,MEDIUM,HIGH
56.25002094407294,3.391263677823104,5.139697913101207,0.0,3.3561477126088164,MEDIUM,LOW,MEDIUM,CRITICAL,LOW,CRITICAL,CRITICAL
76.03437989460936,2.5099421123100143,-2.8417424974718966,68.62460285482717,7.069221308110959,HIGH,LOW,LOW,MEDIUM,LOW,HIGH,HIGH
47.75244769053965,8.312576237577918,-2.733141052870341,467.98735844853877,3.5059038060694765,LOW,MEDIUM,LOW,LOW,LOW,MEDIUM,MEDIUM
80.7783809258179,-22.983398884904723,14.92206819705454,155.01211620702503,49.92485066501934,HIGH,CRITICAL,HIGH,LOW,CRITICAL,CRITICAL,CRITICAL
67.31221407841969,1.2523424557603915,-3.01440981077361,292.76889038244894,1.2778691086123375,MEDIUM,LOW,LOW,LOW,LOW,MEDIUM,MEDIUM
44.307569233956485,5.199189321711757,-2.1809782772076254,427.013300798464,6.853799663363058,LOW,MEDIUM,LOW,LOW,LOW,MEDIUM,MEDIUM
59.176783507085005,-4.104363554201623,2.1820116694196576,197.93588141873826,5.182286519575841,MEDIUM,LOW,LOW,LOW,LOW,MEDIUM,MEDIUM
45.45485807774958,1.2690997610563604,4.967630122618899,491.5827158101999,3.934277136975161,LOW,LOW,LOW,LOW,LOW,LOW,LOW
27.824666433636647,4.3699790101652844,1.1793372084107832,314.4955377984951,1.165069060076994,LOW,LOW,LOW,LOW,LOW,LOW,LOW
45.4101449140634,-3.5001096863897003,0.5064644485408176,142.9722837258417,3.6637616907171693,LOW,LOW,LOW,LOW,LOW,LOW,LOW
56.45835831207721,-4.2043686674274765,-2.246152732208985,539.8878962376555,6.759952480395581,MEDIUM,LOW,LOW,LOW,LOW,MEDIUM,MEDIUM
62.525479135669514,-5.261304340207554,-2.4071500354424593,314.05416525113424,15.265681156465284,MEDIUM,MEDIUM,LOW,LOW,MEDIUM,HIGH,HIGH
37.10272765964635,0.3188876437620088,-2.1182251839110187,406.31984662330916,3.920020646590726,LOW,LOW,LOW,LOW,LOW,LOW,LOW
41.79051415160071,-1.8695623961566452,0.8659414259513822,133.35268122923623,29.403518431733865,LOW,LOW,LOW,LOW,MEDIUM,LOW,MEDIUM
60.9241911478126,12.567783808916156,-6.401823121750159,35.51219236484333,1.08915417344086,MEDIUM,HIGH,MEDIUM,HIGH,LOW,CRITICAL,CRITICAL
71.93849512197878,-2.786163278424151,-7.738975403715324,29.49887398687478,12.482025816904201,HIGH,LOW,MEDIUM,HIGH,LOW,CRITICAL,CRITICAL
15.636055592841867,0.3922219596785538,0.4589394970599625,508.29210440971946,5.892112189562867,LOW,LOW,LOW,LOW,LOW,LOW,LOW
27.095591803387066,-4.569670469036313,1.0585587962952665,41.683031425803534,8.022158619503319,LOW,LOW,LOW,HIGH,LOW,HIGH,HIGH
38.91017097652784,4.48358169997948,4.7956378006271265,318.9939389405205,8.498673870561046,LOW,LOW,LOW,LOW,LOW,LOW,LOW
60.643957928277615,17.077546726871418,-3.3195440437462658,286.2777120298109,2.308302520735728,MEDIUM,CRITICAL,LOW,LOW,LOW,CRITICAL,CRITICAL
17.462395235031714,3.6724983864138268,4.875765951591483,542.9212523202434,10.427097342300655,LOW,LOW,LOW,LOW,LOW,LOW,LOW
32.74641380444263,1.1286549544553297,5.699248745465092,0.0,5.45497968909494,LOW,LOW,MEDIUM,CRITICAL,LOW,CRITICAL,CRITICAL
48.924539978512335,-4.237176333733557,-4.514392405828513,484.12721409845534,11.58275792754762,LOW,LOW,LOW,LOW,LOW,LOW,LOW
22.735103461713617,4.523327292649044,1.7780067741217278,337.6058675291682,6.753530499981617,LOW,LOW,LOW,LOW,LOW,LOW,LOW
60.42423706657412,3.331390837235831,1.7043528343438072,336.76481278467935,8.64999123712271,MEDIUM,LOW,LOW,LOW,LOW,MEDIUM,MEDIUM
86.19444660375218,15.412990903326548,-2.694743612069806,46.7268435183663,37.53717320137204,CRITICAL,CRITICAL,LOW,HIGH,HIGH,CRITICAL,CRITICAL
71.28643182580909,-1.1660802148257228,-1.4022775702135777,13.403685822683444,12.355850932641914,HIGH,LOW,LOW,CRITICAL,LOW,CRITICAL,CRITICAL
34.352379518185394,-3.4960130621562295,5.931124340725678,803.1530523923489,5.6056043221233605,LOW,LOW,MEDIUM,LOW,LOW,MEDIUM,MEDIUM
64.07333870206284,3.416589882986861,1.97845640774328,611.92572835282,1.9210758982050966,MEDIUM,LOW,LOW,LOW,LOW,MEDIUM,MEDIUM
34.73306698126145,-0.31240670517274094,1.031407292543367,304.27910195031666,5.387332843080042,LOW,LOW,LOW,LOW,LOW,LOW,LOW
84.05038554259991,-8.218852857659332,-4.164768638243317,53.65545739990858,24.752618996305202,HIGH,MEDIUM,LOW,MEDIUM,MEDIUM,HIGH,HIGH
43.79859909759846,-4.312900902388224,-2.887790865378887,154.27854171359454,8.917689707074183,LOW,LOW,LOW,LOW,LOW,LOW,LOW
82.65555785079802,-2.8159713746454598,3.3307301459507404,142.59789169883362,30.0363819487322,HIGH,LOW,LOW,LOW,HIGH,HIGH,CRITICAL
46.69650117372027,4.190886053465624,-0.1744073634577296,96.17413235728641,12.304029197543617,LOW,LOW,LOW,MEDIUM,LOW,MEDIUM,MEDIUM
55.418934886041455,-4.3920932358308775,-0.8667843457134085,442.83816828156387,5.82522521937795,MEDIUM,LOW,LOW,LOW,LOW,MEDIUM,MEDIUM
92.26962402711321,-40.0,5.326032552487629,245.1083575989037,4.662224823231503,CRITICAL,CRITICAL,MEDIUM,LOW,LOW,CRITICAL,CRITICAL
41.21565209569803,-3.2980582712119184,-3.1509971431538935,694.71536734264,6.4545918702320115,LOW,LOW,LOW,LOW,LOW,LOW,LOW
70.75623473354355,-17.43836415350905,-10.109685522439122,36.217476524853446,11.33738065360285,HIGH,CRITICAL,HIGH,HIGH,LOW,CRITICAL,CRITICAL
44.29147775155376,-1.001137563088347,4.142156071101667,391.8925803815576,11.075052338320068,LOW,LOW,LOW,LOW,LOW,LOW,LOW
65.54351993285967,7.616252089125305,-8.054037718301812,143.55312350334452,15.926520644967292,MEDIUM,MEDIUM,MEDIUM,LOW,MEDIUM,HIGH,HIGH
32.08884293027163,1.182889173515568,-1.5332242969373213,472.37538583341103,7.583422553191831,LOW,LOW,LOW,LOW,LOW,LOW,LOW
33.29298018143672,0.16680401971649636,0.5603138221474612,324.704504988012,7.202005802054897,LOW,LOW,LOW,LOW,LOW,LOW,LOW
77.2719324171619,5.924337745965877,1.4113232019193616,27.1988838523261,2.5018261478366624,HIGH,MEDIUM,LOW,HIGH,LOW,CRITICAL,CRITICAL
95.04727525449638,-0.23980446920254997,-21.079807188032742,98.03071139494283,24.42596751882125,CRITICAL,LOW,CRITICAL,MEDIUM,MEDIUM,CRITICAL,CRITICAL
69.41532514943158,-2.7024412439007093,11.88619789051807,6.365265508848939,9.02136891829424,MEDIUM,LOW,HIGH,CRITICAL,LOW,CRITICAL,CRITICAL
72.85905441781833,-1.864685607939834,-5.744443838877309,8.647650022988811,21.796055129491407,HIGH,LOW,MEDIUM,CRITICAL,MEDIUM,CRITICAL,CRITICAL
76.41151856321981,2.0159565715320253,13.806138846668471,7.763960507628322,19.139144824487275,HIGH,LOW,HIGH,CRITICAL,MEDIUM,CRITICAL,CRITICAL
60.369684631608145,4.511995961058003,2.1182803731459896,480.38705686766326,20.10456986133951,MEDIUM,LOW,LOW,LOW,MEDIUM,MEDIUM,HIGH
58.43932376649451,-3.798586551514361,-0.9453664924841542,383.5375884476399,11.358385582294286,MEDIUM,LOW,LOW,LOW,LOW,MEDIUM,MEDIUM
30.173408843285944,8.105824524358301,4.468415166108513,467.5242071983788,11.516558935696715,LOW,MEDIUM,LOW,LOW,LOW,MEDIUM,MEDIUM
29.283014345968052,0.459744217575501,0.9540194952343806,392.50426651262256,3.333260362105201,LOW,LOW,LOW,LOW,LOW,LOW,LOW
37.55884241463634,-3.387888402141807,0.6217065300739691,558.2520603531483,16.976091124531504,LOW,LOW,LOW,LOW,MEDIUM,LOW,MEDIUM
40.53803738014111,3.6810350438804202,-0.8492181663063988,181.4423845865581,5.045745792923171,LOW,LOW,LOW,LOW,LOW,LOW,LOW
46.2835461113432,2.729642174246766,-1.3579698128736113,785.2629179461686,14.393299980734195,LOW,LOW,LOW,LOW,LOW,LOW,LOW
39.662475969758056,6.09144688681195,8.679490747344133,288.9531070892339,15.628505136137,LOW,MEDIUM,MEDIUM,LOW,MEDIUM,HIGH,HIGH
34.398755115520466,-1.3244678348187175,-1.740522760127132,529.009712254166,21.441024740605226,LOW,LOW,LOW,LOW,MEDIUM,LOW,MEDIUM
54.92272808143321,-1.1752586640107558,3.3179503594269657,0.0,10.340219532280795,MEDIUM,LOW,LOW,CRITICAL,LOW,CRITICAL,CRITICAL
47.40183101494119,-4.385947602077938,-4.571196571063771,724.5644955994394,16.920071573367153,LOW,LOW,LOW,LOW,MEDIUM,LOW,MEDIUM
71.64563617015561,13.658764832977422,13.521623091476101,166.22546311220609,27.997929191667694,HIGH,HIGH,HIGH,LOW,MEDIUM,CRITICAL,CRITICAL
60.258620267839184,-8.451553432658873,-0.9221176467226301,0.0,1.0275811579140584,MEDIUM,MEDIUM,LOW,CRITICAL,LOW,CRITICAL,CRITICAL
36.809782545225794,2.96204280506795,-0.5264022950924193,178.28847801470263,15.391177119574351,LOW,LOW,LOW,LOW,MEDIUM,LOW,MEDIUM
44.44682911057874,-0.0853718026916894,-4.3277094611851945,544.6806885823493,12.656002657241592,LOW,LOW,LOW,LOW,LOW,LOW,LOW
32.104249719553074,2.779601426922439,-0.11671673626036214,474.7190843691514,9.420750529641941,LOW,LOW,LOW,LOW,LOW,LOW,LOW
35.865966733033055,-1.252448434113366,6.04530394313361,370.39299691265654,6.912171763484494,LOW,LOW,MEDIUM,LOW,LOW,MEDIUM,MEDIUM
45.114616289046985,-6.060118126818646,2.559161429771547,231.90344343337142,3.2589584103549636,LOW,MEDIUM,LOW,LOW,LOW,MEDIUM,MEDIUM
51.758744721963446,-2.8952701105977705,-7.435078225808031,173.58700095555292,7.501325540199959,MEDIUM,LOW,MEDIUM,LOW,LOW,HIGH,HIGH
65.92751090239224,-1.2401926302738417,3.5597002010046648,352.4229736957657,16.743623419927044,MEDIUM,LOW,LOW,LOW,MEDIUM,MEDIUM,HIGH
22.41099007489823,3.1656332299402488,3.2235203560275103,191.60541088455278,8.250773033087302,LOW,LOW,LOW,LOW,LOW,LOW,LOW
77.44888621544594,-16.395850484342493,8.38969419284281,97.48792930975766,35.238101889743064,HIGH,CRITICAL,MEDIUM,MEDIUM,HIGH,CRITICAL,CRITICAL
94.12855322399662,16.905010556540397,-18.87527210601047,41.08641811476405,50.486267909085676,CRITICAL,CRITICAL,CRITICAL,HIGH,CRITICAL,CRITICAL,CRITICAL
50.187227912272974,1.8681391692703688,-6.026411673834315,630.0849386589483,6.71713741106994,MEDIUM,LOW,MEDIUM,LOW,LOW,HIGH,HIGH
33.881588738637866,6.387233118014597,8.049314327020678,419.4783459834818,9.209685158765904,LOW,MEDIUM,MEDIUM,LOW,LOW,HIGH,HIGH
30.651314628231322,-1.1734530835232404,-4.31744994562824,302.6843184409619,23.34553928428742,LOW,LOW,LOW,LOW,MEDIUM,LOW,MEDIUM
48.440879111249565,0.9280658656146226,-0.4061375009420682,0.0,4.187132135182358,LOW,LOW,LOW,CRITICAL,LOW,CRITICAL,CRITICAL
78.5935072614517,-27.583553191866844,-12.313897630356681,237.62355239107728,10.36333949390508,HIGH,CRITICAL,HIGH,LOW,LOW,CRITICAL,CRITICAL
68.2247655807512,-0.6977516678217663,-2.5898255260919107,490.21741879695224,3.2594697466871687,MEDIUM,LOW,LOW,LOW,LOW,MEDIUM,MEDIUM
98.70639554065063,-2.4317072571532288,2.757321124018949,56.07661695533665,28.61066895555801,CRITICAL,LOW,LOW,MEDIUM,MEDIUM,CRITICAL,CRITICAL
56.16332848690393,1.5060989917580132,-1.4833581009832826,408.7208124296532,12.796160113145694,MEDIUM,LOW,LOW,LOW,LOW,MEDIUM,MEDIUM
85.49692882469046,0.2434776083923071,9.678930811470458,106.4479579571864,22.06511810502082,CRITICAL,LOW,MEDIUM,LOW,MEDIUM,CRITICAL,CRITICAL
42.280518214953375,6.499137378169035,-3.2479126484649226,369.3616701865632,4.2721022784732785,LOW,MEDIUM,LOW,LOW,LOW,MEDIUM,MEDIUM
68.04165222607716,21.907625670490905,-1.2277510265637162,43.09284902943939,32.18819184902009,MEDIUM,CRITICAL,LOW,HIGH,HIGH,CRITICAL,CRITICAL
36.495012484844295,-8.549794825599175,-0.9474514672769929,614.3564626170297,3.104013997572928,LOW,MEDIUM,LOW,LOW,LOW,MEDIUM,MEDIUM
13.409342136087176,0.30833929638001983,0.1848955772780424,579.5737883501372,7.13679922031044,LOW,LOW,LOW,LOW,LOW,LOW,LOW
58.50643484318136,-6.984458530357818,-5.657390960560078,560.8105392731915,3.545143569854727,MEDIUM,MEDIUM,MEDIUM,LOW,LOW,HIGH,HIGH
34.910312325546606,-1.3397158377204643,-1.1264288578168113,579.3902723977019,1.2494296368764735,LOW,LOW,LOW,LOW,LOW,LOW,LOW
60.461953196008274,-8.48837159769566,-26.235340161288967,39.26968913348362,60.0,MEDIUM,MEDIUM,CRITICAL,HIGH,CRITICAL,CRITICAL,CRITICAL
58.81654315816103,0.15244316126374957,-0.19840307517184871,65.6747593363887,7.789209555663216,MEDIUM,LOW,LOW,MEDIUM,LOW,HIGH,HIGH
46.85925844380876,2.3993192541295856,2.1369787999280936,269.70805401757974,10.266573312284706,LOW,LOW,LOW,LOW,LOW,LOW,LOW
36.981235985168205,7.052166767912334,3.1005141050838514,268.5945012723973,31.80799715281926,LOW,MEDIUM,LOW,LOW,HIGH,MEDIUM,HIGH
53.455126584510396,2.4151676871405416,-9.13414902913774,54.27308505251259,24.475953123233705,MEDIUM,LOW,MEDIUM,MEDIUM,MEDIUM,HIGH,HIGH
33.15076714650308,2.5502976853287436,-2.6447539898481565,369.14105723917976,5.486170971421734,LOW,LOW,LOW,LOW,LOW,LOW,LOW
40.4302337381123,-4.834060667285921,-5.744847702116428,743.6241795397808,1.8134251924494469,LOW,LOW,MEDIUM,LOW,LOW,MEDIUM,MEDIUM
70.46948279027063,0.864304904898824,-1.4530616485828607,457.547533834746,4.934476329686323,HIGH,LOW,LOW,LOW,LOW,HIGH,HIGH
55.98021408360285,-6.446262489350043,-2.705383969896708,103.75136734081146,8.540370289304146,MEDIUM,MEDIUM,LOW,LOW,LOW,HIGH,HIGH
25.149835018136606,0.732420761128851,-7.95898037058159,105.21161231585907,2.0686228907883364,LOW,LOW,MEDIUM,LOW,LOW,MEDIUM,MEDIUM
10.793760402634495,6.600408855234184,-5.851659547912315,284.4797777813789,0.9548046908437057,LOW,MEDIUM,MEDIUM,LOW,LOW,HIGH,HIGH
32.46498287428842,-0.6580945381564486,7.121971221661437,284.11022445414727,1.7052015026855318,LOW,LOW,MEDIUM,LOW,LOW,MEDIUM,MEDIUM
88.3896369425933,-4.635371858698549,2.639897687101258,199.2592590973441,25.337548065416303,CRITICAL,LOW,LOW,LOW,MEDIUM,CRITICAL,CRITICAL
40.10781529053385,-2.9437039586802225,-2.1007334264178428,475.8533452763138,13.164636030446852,LOW,LOW,LOW,LOW,LOW,LOW,LOW
27.933085030972933,-5.536064740276633,-3.7810287132438365,359.0553275266073,17.315898219526414,LOW,MEDIUM,LOW,LOW,MEDIUM,MEDIUM,HIGH
62.72994681334833,-4.058443307213464,0.04688859634346258,460.9111577066402,2.687203339137432,MEDIUM,LOW,LOW,LOW,LOW,MEDIUM,MEDIUM
45.30514067715866,0.9681755772763555,2.4159865964665324,587.7259011109933,0.40906407492226826,LOW,LOW,LOW,LOW,LOW,LOW,LOW
34.3758549249479,-3.7473369554302085,2.9666283308130375,313.0035359007432,10.075895759117298,LOW,LOW,LOW,LOW,LOW,LOW,LOW
11.172814183122084,1.6793015178793274,6.573732136173266,464.33203235638945,6.8285323551783765,LOW,LOW,MEDIUM,LOW,LOW,MEDIUM,MEDIUM
54.01520289741941,0.9091096507183918,4.997675398959463,394.5624706499365,3.4825746994991653,MEDIUM,LOW,LOW,LOW,LOW,MEDIUM,MEDIUM
42.37548584276434,-2.0385306235517384,-2.7430499900793746,265.73474860845823,2.8868986915027595,LOW,LOW,LOW,LOW,LOW,LOW,LOW
58.41878299003013,1.3283017552129919,-2.012052210126034,164.95426439663566,5.142256065979678,MEDIUM,LOW,LOW,LOW,LOW,MEDIUM,MEDIUM
44.690703546592765,10.280309068676571,1.0762791565438539,260.9795469571779,60.0,LOW,HIGH,LOW,LOW,CRITICAL,HIGH,CRITICAL
28.451119161538223,-2.742628967929497,4.154424678068159,231.5820648923117,5.6093363450575975,LOW,LOW,LOW,LOW,LOW,LOW,LOW
35.89731343059773,-1.7616053229490476,-2.9598713595956427,203.73478051415375,0.2668961746760048,LOW,LOW,LOW,LOW,LOW,LOW,LOW
76.56515922201365,20.5058419979599,2.2007287219412555,85.38681060103099,22.015609068670614,HIGH,CRITICAL,LOW,MEDIUM,MEDIUM,CRITICAL,CRITICAL
64.95386668734342,-8.132301996860058,0.889199647734738,546.2527580596516,1.5892883801486701,MEDIUM,MEDIUM,LOW,LOW,LOW,HIGH,HIGH
68.79977999765372,2.5089648843638197,-4.813148518689999,239.9016664746209,7.081938144325229,MEDIUM,LOW,LOW,LOW,LOW,MEDIUM,MEDIUM
48.19512039338109,-35.41716800269659,1.2188278155797174,39.24840641870209,28.29733206015107,LOW,CRITICAL,LOW,HIGH,MEDIUM,CRITICAL,CRITICAL
51.061735664797794,1.4163645207493145,-1.0101233614458662,773.3471017393082,14.946102756537123,MEDIUM,LOW,LOW,LOW,LOW,MEDIUM,MEDIUM
45.99572775038557,0.5181868208803885,-0.5905807197483279,0.0,16.581776059014086,LOW,LOW,LOW,CRITICAL,MEDIUM,CRITICAL,CRITICAL
50.96284247840515,-4.4777360209450885,-7.336743363084332,378.722279206817,3.396179908563916,MEDIUM,LOW,MEDIUM,LOW,LOW,HIGH,HIGH
65.03063762873849,-1.4084059961711586,6.764692845121343,209.995478030146,18.555275243170758,MEDIUM,LOW,MEDIUM,LOW,MEDIUM,HIGH,HIGH
11.023361716509037,-1.1233836843052472,-4.451358745113615,839.8040378539029,10.433705660285113,LOW,LOW,LOW,LOW,LOW,LOW,LOW
35.0050057226733,5.364135435844673,-0.7677886217311397,479.3752237592295,10.355076557857668,LOW,MEDIUM,LOW,LOW,LOW,MEDIUM,MEDIUM
35.982584142409706,-6.299132403603244,-4.955235873803539,273.2151314936279,3.0004013582849387,LOW,MEDIUM,LOW,LOW,LOW,MEDIUM,MEDIUM
59.429379938085276,0.023296231693107846,-0.5094163610373227,533.3220721781023,11.604906285094172,MEDIUM,LOW,LOW,LOW,LOW,MEDIUM,MEDIUM
33.96644331029018,-2.7186315772160823,-1.98013809373172,186.60620973797845,7.1539656524353195,LOW,LOW,LOW,LOW,LOW,LOW,LOW
6.862214515341567,-5.6247007450691795,-11.543000974736614,288.09744901202436,15.948757004234558,LOW,MEDIUM,HIGH,LOW,MEDIUM,HIGH,HIGH
16.640130668579936,-2.274073682523973,-3.6068355213477057,159.05260470829285,4.1609010008836425,LOW,LOW,LOW,LOW,LOW,LOW,LOW
22.69912668903028,-8.350863560228403,8.833631080254925,553.0956298212808,4.9244257267483365,LOW,MEDIUM,MEDIUM,LOW,LOW,HIGH,HIGH
46.31787017495906,-2.479677084296637,-3.643813084486743,443.94020994145404,4.1081473191557105,LOW,LOW,LOW,LOW,LOW,LOW,LOW
88.34547170391788,17.27479428627299,-3.749008050134149,70.77840986993239,13.729163166374391,CRITICAL,CRITICAL,LOW,MEDIUM,LOW,CRITICAL,CRITICAL
50.685705470346605,-1.2000215829088234,-3.1068053043989385,573.8126191717638,11.862957173516822,MEDIUM,LOW,LOW,LOW,LOW,MEDIUM,MEDIUM
64.69238175778517,-5.9283453462421996,-3.3880940666199364,222.909382022969,3.4708814577220144,MEDIUM,MEDIUM,LOW,LOW,LOW,HIGH,HIGH
63.04765864877395,-0.1893883190231634,-2.2764164467142183,260.0872957226889,7.266441837656189,MEDIUM,LOW,LOW,LOW,LOW,MEDIUM,MEDIUM
60.04427723753115,-4.549750391593149,-1.1162790505231786,533.6750787696529,11.850102341255312,MEDIUM,LOW,LOW,LOW,LOW,MEDIUM,MEDIUM
59.17567137623178,-6.303732287040696,-16.04205185594722,68.15214689868893,14.945680347861298,MEDIUM,MEDIUM,CRITICAL,MEDIUM,LOW,CRITICAL,CRITICAL
33.5032100086882,7.662978607281909,-3.722469278904816,176.86106597503016,17.581822005188627,LOW,MEDIUM,LOW,LOW,MEDIUM,MEDIUM,HIGH
86.90372507280576,-17.099385911011105,-2.8442782454457296,87.8203360918828,2.0686860535384684,CRITICAL,CRITICAL,LOW,MEDIUM,LOW,CRITICAL,CRITICAL
36.48982272439065,2.011579122202037,3.804296741409915,333.98223209302586,12.532113871958593,LOW,LOW,LOW,LOW,LOW,LOW,LOW
50.38318995669867,-3.148585022017467,-1.4501526281118076,420.5144765774801,7.781980265170945,MEDIUM,LOW,LOW,LOW,LOW,MEDIUM,MEDIUM
60.703646113870725,1.239754724084337,8.83248216293312,335.79045098739755,5.314937392044765,MEDIUM,LOW,MEDIUM,LOW,LOW,HIGH,HIGH
43.813761556835495,6.167936648876635,-9.067178980127988,224.940326494254,7.719945513188175,LOW,MEDIUM,MEDIUM,LOW,LOW,HIGH,HIGH
36.391791905084716,1.9862955487305178,2.727654652169731,492.5233688599932,3.7328664129098925,LOW,LOW,LOW,LOW,LOW,LOW,LOW
28.18376913099922,-2.939863814177616,-2.6355519837651626,471.7950252553681,9.749128390506298,LOW,LOW,LOW,LOW,LOW,LOW,LOW
76.98966039515454,-4.3054558663486615,3.9978563388029054,623.5397790569381,8.018228712316738,HIGH,LOW,LOW,LOW,LOW,HIGH,HIGH
33.45414234628754,-1.1546844745957259,-2.4060163442177336,487.9203370169711,9.670667543035293,LOW,LOW,LOW,LOW,LOW,LOW,LOW
41.90221141657004,5.06876986797025,6.9793530151089636,261.3344831734023,60.0,LOW,MEDIUM,MEDIUM,LOW,CRITICAL,HIGH,CRITICAL
24.26521537099904,-0.5392264478489539,4.647349728481911,371.7551901684917,6.212409568900456,LOW,LOW,LOW,LOW,LOW,LOW,LOW
56.84858245394312,-2.7591015690530227,-0.7871777149181585,282.7476552129306,17.733208817263616,MEDIUM,LOW,LOW,LOW,MEDIUM,MEDIUM,HIGH
76.52459346083226,-24.255858797865958,3.3890462467965223,352.436893414478,24.51281140126987,HIGH,CRITICAL,LOW,LOW,MEDIUM,CRITICAL,CRITICAL
48.062962029211306,-1.1720024133250864,7.324027921908528,420.7959248394397,13.070868543033027,LOW,LOW,MEDIUM,LOW,LOW,MEDIUM,MEDIUM
94.31543539150667,-16.888938665453423,33.092711455235985,555.3214665178108,13.442740113330355,CRITICAL,CRITICAL,CRITICAL,LOW,LOW,CRITICAL,CRITICAL
41.15589095160027,0.6743438708592697,-5.902751476866577,392.12987916831213,3.502919364599817,LOW,LOW,MEDIUM,LOW,LOW,MEDIUM,MEDIUM
31.561276866451095,2.7957796560239383,-0.341358834143789,0.0,2.845076476881685,LOW,LOW,LOW,CRITICAL,LOW,CRITICAL,CRITICAL
100.0,1.9481117467319735,8.084062210539074,140.04663412663817,35.378347236911985,CRITICAL,LOW,MEDIUM,LOW,HIGH,CRITICAL,CRITICAL
33.32559028113203,7.32102075575293,-7.03757979430807,701.1091298934821,4.0446261466130045,LOW,MEDIUM,MEDIUM,LOW,LOW,HIGH,HIGH
45.99412599123842,-1.427025943067152,2.772054878738852,151.65622790459352,3.140735568487956,LOW,LOW,LOW,LOW,LOW,LOW,LOW
23.23362958822591,-2.7891377231251497,5.0910387707076294,367.3016321173691,0.6652860649739505,LOW,LOW,MEDIUM,LOW,LOW,MEDIUM,MEDIUM
17.067888611319837,4.701743026386335,-1.5486038544227365,313.8329956491703,3.968347812780331,LOW,LOW,LOW,LOW,LOW,LOW,LOW
47.93418777957694,5.24440656911526,6.975911768633907,341.0988706923399,4.379042251154051,LOW,MEDIUM,MEDIUM,LOW,LOW,HIGH,HIGH
100.0,4.589493220483383,-6.2989078408893535,157.37941869695211,5.062324078946877,CRITICAL,LOW,MEDIUM,LOW,LOW,CRITICAL,CRITICAL
44.15525752580284,3.940768367124423,10.556824418599764,690.5701564992255,3.167066158954852,LOW,LOW,HIGH,LOW,LOW,HIGH,HIGH
37.56300702923564,0.46179394467800505,-0.2167631523909232,209.4994632405426,4.381447342771494,LOW,LOW,LOW,LOW,LOW,LOW,LOW
71.16882306375446,-5.139917952766018,24.654807678953176,39.70102955396167,7.499723689531762,HIGH,MEDIUM,CRITICAL,HIGH,LOW,CRITICAL,CRITICAL
49.963361707316004,-5.366821362703799,4.410505233531168,297.6153392572475,1.6984539984584623,LOW,MEDIUM,LOW,LOW,LOW,MEDIUM,MEDIUM
13.459473696630631,-2.7230375735684964,3.488057341938321,236.0779402521192,9.23587249567021,LOW,LOW,LOW,LOW,LOW,LOW,LOW
1.0941023623714652,1.1302146029699975,5.160383250733535,583.8800612583938,1.9426386282336896,LOW,LOW,MEDIUM,LOW,LOW,MEDIUM,MEDIUM
65.19552262821195,-25.211883719602447,7.140484472628769,30.822199644129583,38.99891683142952,MEDIUM,CRITICAL,MEDIUM,HIGH,HIGH,CRITICAL,CRITICAL
45.206741469463104,1.8485369755982888,5.298841788242619,241.22165123657896,24.090138424415297,LOW,LOW,MEDIUM,LOW,MEDIUM,MEDIUM,HIGH
100.0,1.577775078523482,-23.681080429510562,26.297441685154553,25.856331958842254,CRITICAL,LOW,CRITICAL,HIGH,MEDIUM,CRITICAL,CRITICAL
57.31873962172626,14.238301302422613,8.709801098171262,83.57420354926687,18.968152910511794,MEDIUM,HIGH,MEDIUM,MEDIUM,MEDIUM,HIGH,HIGH
35.38149288214418,3.1512159711353465,2.2240628570321834,878.4739866488185,4.954757387044046,LOW,LOW,LOW,LOW,LOW,LOW,LOW
40.44861557273033,-1.110362945460052,-1.9926783407333475,376.7885007725876,16.22694615522212,LOW,LOW,LOW,LOW,MEDIUM,LOW,MEDIUM
66.25675113621556,-10.377439589729395,12.490466320901483,4.383489947698252,22.089189102852153,MEDIUM,HIGH,HIGH,CRITICAL,MEDIUM,CRITICAL,CRITICAL
44.07831478619239,-2.5558194032110877,5.446845824903992,479.07082740597156,6.325146101372992,LOW,LOW,MEDIUM,LOW,LOW,MEDIUM,MEDIUM
71.58957450505085,-24.290229262686044,-22.336350115739616,8.414366157208475,12.519647236399408,HIGH,CRITICAL,CRITICAL,CRITICAL,LOW,CRITICAL,CRITICAL
89.74808454712026,33.1786690532622,-6.337601197657094,5.5482727816297945,17.686809076706126,CRITICAL,CRITICAL,MEDIUM,CRITICAL,MEDIUM,CRITICAL,CRITICAL
51.596670866022336,0.7596081001873246,5.653970628851632,287.03238078753213,2.528294573858194,MEDIUM,LOW,MEDIUM,LOW,LOW,HIGH,HIGH
55.33993780256006,-4.479043633660158,4.623792029940201,286.39053808077813,29.89848507343342,MEDIUM,LOW,LOW,LOW,MEDIUM,MEDIUM,HIGH
76.23620086428772,-17.627019727014112,7.734596710646413,46.72704704592987,23.382622532773677,HIGH,CRITICAL,MEDIUM,HIGH,MEDIUM,CRITICAL,CRITICAL
64.51242386660086,-10.29246579912424,7.833549402773668,57.414198727418785,28.44172144198131,MEDIUM,HIGH,MEDIUM,MEDIUM,MEDIUM,HIGH,HIGH
27.386665770797514,-3.766618923689538,-2.860383887535354,379.3030964981619,7.229140647431472,LOW,LOW,LOW,LOW,LOW,LOW,LOW
68.17931010470538,-3.693882296297276,2.02828216506592,426.64300532850393,9.951418544843756,MEDIUM,LOW,LOW,LOW,LOW,MEDIUM,MEDIUM
50.57792873895203,6.767579662729985,-3.890508333247931,269.3210588533666,15.312111869587145,MEDIUM,MEDIUM,LOW,LOW,MEDIUM,HIGH,HIGH
54.861849400337455,-8.014736446787268,1.3548154397614827,110.38817647058822,3.232927592083196,MEDIUM,MEDIUM,LOW,LOW,LOW,HIGH,HIGH
23.83398588498606,0.5959852878734884,0.5875438767751374,539.2460485746575,8.766532359252949,LOW,LOW,LOW,LOW,LOW,LOW,LOW
47.519383442323225,2.730774043482556,1.868342457000057,0.0,14.304112137158121,LOW,LOW,LOW,CRITICAL,LOW,CRITICAL,CRITICAL
57.01727942941351,4.042185704272476,-0.3459146841485793,471.0297121315343,15.639069597270034,MEDIUM,LOW,LOW,LOW,MEDIUM,MEDIUM,HIGH
61.07760386955555,9.590086873180667,0.5876146916634644,410.1044626435836,3.39060614406044,MEDIUM,MEDIUM,LOW,LOW,LOW,HIGH,HIGH
37.47911931035132,8.28821564360625,-2.180525388297511,180.2816794028321,8.322218088875337,LOW,MEDIUM,LOW,LOW,LOW,MEDIUM,MEDIUM
22.646607365096862,-5.29493988259589,4.408331740943729,610.7948677366079,7.535768752129877,LOW,MEDIUM,LOW,LOW,LOW,MEDIUM,MEDIUM
0.0,3.552722492547382,0.1630133442745314,364.1927222329947,10.420063237089085,LOW,LOW,LOW,LOW,LOW,LOW,LOW
73.47833173307966,5.704531278380004,3.235568981480555,338.3991298091317,4.727288006267268,HIGH,MEDIUM,LOW,LOW,LOW,HIGH,HIGH
56.36626972916211,-3.324269586488419,6.441547994422535,180.11700971151456,3.5487941322607695,MEDIUM,LOW,MEDIUM,LOW,LOW,HIGH,HIGH
48.98560647903686,1.6500143794565572,1.8835512630160742,450.84755894438405,11.82895924327704,LOW,LOW,LOW,LOW,LOW,LOW,LOW
35.64310361936206,-3.9921237678852872,-3.171946615480844,212.33133277950873,9.37692638411862,LOW,LOW,LOW,LOW,LOW,LOW,LOW
29.390839801732398,-4.1845760030306955,-7.3838978189730415,143.5392140962761,15.212121229022863,LOW,LOW,MEDIUM,LOW,MEDIUM,MEDIUM,HIGH
62.0982362511199,-14.269812832295928,-13.109527191746604,80.84179217837004,38.946342888523,MEDIUM,HIGH,HIGH,MEDIUM,HIGH,CRITICAL,CRITICAL
23.385287769613818,-0.8538382432537392,-5.176495287688973,344.8532792710396,4.3378989114125925,LOW,LOW,MEDIUM,LOW,LOW,MEDIUM,MEDIUM
64.09787411832127,6.402881586652535,2.487164743470072,1.0000750264207987,13.230448797812574,MEDIUM,MEDIUM,LOW,CRITICAL,LOW,CRITICAL,CRITICAL
45.63452133126549,-3.0093700128303578,-3.462954913587772,495.04421854698296,10.386410405433157,LOW,LOW,LOW,LOW,LOW,LOW,LOW
56.555694528548216,3.966076254841004,4.108709997892866,321.1508216923845,16.130682866567167,MEDIUM,LOW,LOW,LOW,MEDIUM,MEDIUM,HIGH
80.6369355818278,4.805191005258245,9.758404623412678,48.23996993993914,5.413769555546467,HIGH,LOW,MEDIUM,HIGH,LOW,CRITICAL,CRITICAL
21.354034309358592,2.686843460408705,1.4254498599734524,210.3841433260482,9.767928460484974,LOW,LOW,LOW,LOW,LOW,LOW,LOW
23.880596848441485,10.933776538827578,4.204774902123692,210.59569949559915,12.912730333832396,LOW,HIGH,LOW,LOW,LOW,HIGH,HIGH
43.292660587658645,-3.4390425427804985,-3.2057673946129834,94.98380484058221,8.95138385101611,LOW,LOW,LOW,MEDIUM,LOW,MEDIUM,MEDIUM
39.34509741265659,1.1752952100513754,4.7055261067218535,39.58357710259656,7.656314616929226,LOW,LOW,LOW,HIGH,LOW,HIGH,HIGH
51.881046718822034,-0.2160749718739569,-5.366122283305869,94.10608158620451,10.434168479607088,MEDIUM,LOW,MEDIUM,MEDIUM,LOW,HIGH,HIGH
55.463213023178476,3.1591634602814134,-2.0886387904382993,92.48203746783331,29.39870683067754,MEDIUM,LOW,LOW,MEDIUM,MEDIUM,HIGH,HIGH
69.53399595153142,-4.496464360481867,9.561178019802782,191.81857751253892,7.046485881600274,MEDIUM,LOW,MEDIUM,LOW,LOW,HIGH,HIGH
36.49217552080856,4.8247501508278585,-0.10111209550680994,477.37844860907904,5.421471375675967,LOW,LOW,LOW,LOW,LOW,LOW,LOW
65.20512866932215,3.5858493112283996,7.544379605672908,1.240531425445024,12.683969449845797,MEDIUM,LOW,MEDIUM,CRITICAL,LOW,CRITICAL,CRITICAL
86.36588886338387,2.7237641729351902,-0.9038838180695048,224.49778696687534,7.902883676628887,CRITICAL,LOW,LOW,LOW,LOW,CRITICAL,CRITICAL
26.760029840797955,2.6646874789661226,1.476947277045235,68.16097905712714,6.25905943952647,LOW,LOW,LOW,MEDIUM,LOW,MEDIUM,MEDIUM
72.65760470888273,1.7856110925742668,6.367034479113238,60.95637455940513,6.391547436014341,HIGH,LOW,MEDIUM,MEDIUM,LOW,HIGH,HIGH
27.264762436408628,2.861046134801619,3.8441032342989394,144.4391836436564,5.538138667709522,LOW,LOW,LOW,LOW,LOW,LOW,LOW
45.38409232691991,-2.795239173554657,0.7966113196875365,376.77158930847776,22.750272203080748,LOW,LOW,LOW,LOW,MEDIUM,LOW,MEDIUM
76.12383752235398,5.160770199749276,0.6994331850356185,404.6080055660198,3.9043415101130376,HIGH,MEDIUM,LOW,LOW,LOW,HIGH,HIGH
39.64296556835216,-1.251405261786705,1.3337982234761778,376.00747943749917,5.669677421554722,LOW,LOW,LOW,LOW,LOW,LOW,LOW
52.808501703166236,-3.996584712797155,-3.8456612847272114,190.1795353487746,8.853926863167384,MEDIUM,LOW,LOW,LOW,LOW,MEDIUM,MEDIUM
38.52622101438945,-26.658711011635432,-0.15345189577839166,215.39435495883055,12.928166350363288,LOW,CRITICAL,LOW,LOW,LOW,CRITICAL,CRITICAL
89.50287512598028,2.2843524916858735,12.46226824931708,4.710351287873838,17.505188480598406,CRITICAL,LOW,HIGH,CRITICAL,MEDIUM,CRITICAL,CRITICAL
56.765693548750725,5.483205926340043,4.870576369943537,180.37734475780758,5.2282965078515184,MEDIUM,MEDIUM,LOW,LOW,LOW,HIGH,HIGH
59.74877409990963,1.366740399555331,8.812983047699571,307.64569809220257,16.303972056111895,MEDIUM,LOW,MEDIUM,LOW,MEDIUM,HIGH,HIGH
23.2674834130086,2.016382698573705,4.5469954910640675,433.9278291159641,8.785652238913993,LOW,LOW,LOW,LOW,LOW,LOW,LOW
69.06521150690659,4.442321270034942,-0.39619274350271133,139.19721847336544,4.258465704526777,MEDIUM,LOW,LOW,LOW,LOW,MEDIUM,MEDIUM
43.299293030433844,-22.840433839687577,-11.348627693595025,54.547238356046655,24.45889069359771,LOW,CRITICAL,HIGH,MEDIUM,MEDIUM,CRITICAL,CRITICAL
50.68740288702965,1.7090604808023202,-4.6264329994735345,310.10273281261647,29.310627492595245,MEDIUM,LOW,LOW,LOW,MEDIUM,MEDIUM,HIGH
66.82433523558377,-0.8656839892300782,-1.0757727536286517,546.6927728137537,15.08123346587757,MEDIUM,LOW,LOW,LOW,MEDIUM,MEDIUM,HIGH
91.83546021685079,-0.08869313400721715,3.8839301326812006,154.02738236965178,16.254583413915324,CRITICAL,LOW,LOW,LOW,MEDIUM,CRITICAL,CRITICAL
63.451089586344516,-5.982028442561993,0.8534291459891156,370.8552538321945,2.7389084565030775,MEDIUM,MEDIUM,LOW,LOW,LOW,HIGH,HIGH
